-- MySQL dump 10.13  Distrib 5.5.41, for debian-linux-gnu (x86_64)
--
-- Host: localhost    Database: coursefeedback_db
-- ------------------------------------------------------
-- Server version	5.5.41-0ubuntu0.14.04.1

/*!40101 SET @OLD_CHARACTER_SET_CLIENT=@@CHARACTER_SET_CLIENT */;
/*!40101 SET @OLD_CHARACTER_SET_RESULTS=@@CHARACTER_SET_RESULTS */;
/*!40101 SET @OLD_COLLATION_CONNECTION=@@COLLATION_CONNECTION */;
/*!40101 SET NAMES utf8 */;
/*!40103 SET @OLD_TIME_ZONE=@@TIME_ZONE */;
/*!40103 SET TIME_ZONE='+00:00' */;
/*!40014 SET @OLD_UNIQUE_CHECKS=@@UNIQUE_CHECKS, UNIQUE_CHECKS=0 */;
/*!40014 SET @OLD_FOREIGN_KEY_CHECKS=@@FOREIGN_KEY_CHECKS, FOREIGN_KEY_CHECKS=0 */;
/*!40101 SET @OLD_SQL_MODE=@@SQL_MODE, SQL_MODE='NO_AUTO_VALUE_ON_ZERO' */;
/*!40111 SET @OLD_SQL_NOTES=@@SQL_NOTES, SQL_NOTES=0 */;

--
-- Table structure for table `auth_group`
--

DROP TABLE IF EXISTS `auth_group`;
/*!40101 SET @saved_cs_client     = @@character_set_client */;
/*!40101 SET character_set_client = utf8 */;
CREATE TABLE `auth_group` (
  `id` int(11) NOT NULL AUTO_INCREMENT,
  `name` varchar(80) NOT NULL,
  PRIMARY KEY (`id`),
  UNIQUE KEY `name` (`name`)
) ENGINE=InnoDB DEFAULT CHARSET=latin1;
/*!40101 SET character_set_client = @saved_cs_client */;

--
-- Dumping data for table `auth_group`
--

LOCK TABLES `auth_group` WRITE;
/*!40000 ALTER TABLE `auth_group` DISABLE KEYS */;
/*!40000 ALTER TABLE `auth_group` ENABLE KEYS */;
UNLOCK TABLES;

--
-- Table structure for table `auth_group_permissions`
--

DROP TABLE IF EXISTS `auth_group_permissions`;
/*!40101 SET @saved_cs_client     = @@character_set_client */;
/*!40101 SET character_set_client = utf8 */;
CREATE TABLE `auth_group_permissions` (
  `id` int(11) NOT NULL AUTO_INCREMENT,
  `group_id` int(11) NOT NULL,
  `permission_id` int(11) NOT NULL,
  PRIMARY KEY (`id`),
  UNIQUE KEY `group_id` (`group_id`,`permission_id`),
  KEY `auth_group_permissions_0e939a4f` (`group_id`),
  KEY `auth_group_permissions_8373b171` (`permission_id`),
  CONSTRAINT `auth_group_permissions_group_id_58c48ba9_fk_auth_group_id` FOREIGN KEY (`group_id`) REFERENCES `auth_group` (`id`),
  CONSTRAINT `auth_group_permissi_permission_id_23962d04_fk_auth_permission_id` FOREIGN KEY (`permission_id`) REFERENCES `auth_permission` (`id`)
) ENGINE=InnoDB DEFAULT CHARSET=latin1;
/*!40101 SET character_set_client = @saved_cs_client */;

--
-- Dumping data for table `auth_group_permissions`
--

LOCK TABLES `auth_group_permissions` WRITE;
/*!40000 ALTER TABLE `auth_group_permissions` DISABLE KEYS */;
/*!40000 ALTER TABLE `auth_group_permissions` ENABLE KEYS */;
UNLOCK TABLES;

--
-- Table structure for table `auth_permission`
--

DROP TABLE IF EXISTS `auth_permission`;
/*!40101 SET @saved_cs_client     = @@character_set_client */;
/*!40101 SET character_set_client = utf8 */;
CREATE TABLE `auth_permission` (
  `id` int(11) NOT NULL AUTO_INCREMENT,
  `name` varchar(50) NOT NULL,
  `content_type_id` int(11) NOT NULL,
  `codename` varchar(100) NOT NULL,
  PRIMARY KEY (`id`),
  UNIQUE KEY `content_type_id` (`content_type_id`,`codename`),
  KEY `auth_permission_417f1b1c` (`content_type_id`),
  CONSTRAINT `auth_permissi_content_type_id_51277a81_fk_django_content_type_id` FOREIGN KEY (`content_type_id`) REFERENCES `django_content_type` (`id`)
) ENGINE=InnoDB AUTO_INCREMENT=43 DEFAULT CHARSET=latin1;
/*!40101 SET character_set_client = @saved_cs_client */;

--
-- Dumping data for table `auth_permission`
--

LOCK TABLES `auth_permission` WRITE;
/*!40000 ALTER TABLE `auth_permission` DISABLE KEYS */;
INSERT INTO `auth_permission` VALUES (1,'Can add log entry',1,'add_logentry'),(2,'Can change log entry',1,'change_logentry'),(3,'Can delete log entry',1,'delete_logentry'),(4,'Can add permission',2,'add_permission'),(5,'Can change permission',2,'change_permission'),(6,'Can delete permission',2,'delete_permission'),(7,'Can add group',3,'add_group'),(8,'Can change group',3,'change_group'),(9,'Can delete group',3,'delete_group'),(10,'Can add user',4,'add_user'),(11,'Can change user',4,'change_user'),(12,'Can delete user',4,'delete_user'),(13,'Can add content type',5,'add_contenttype'),(14,'Can change content type',5,'change_contenttype'),(15,'Can delete content type',5,'delete_contenttype'),(16,'Can add session',6,'add_session'),(17,'Can change session',6,'change_session'),(18,'Can delete session',6,'delete_session'),(19,'Can add student',7,'add_student'),(20,'Can change student',7,'change_student'),(21,'Can delete student',7,'delete_student'),(22,'Can add subject',8,'add_subject'),(23,'Can change subject',8,'change_subject'),(24,'Can delete subject',8,'delete_subject'),(25,'Can add professor',9,'add_professor'),(26,'Can change professor',9,'change_professor'),(27,'Can delete professor',9,'delete_professor'),(28,'Can add course',10,'add_course'),(29,'Can change course',10,'change_course'),(30,'Can delete course',10,'delete_course'),(31,'Can add question',11,'add_question'),(32,'Can change question',11,'change_question'),(33,'Can delete question',11,'delete_question'),(34,'Can add result',12,'add_result'),(35,'Can change result',12,'change_result'),(36,'Can delete result',12,'delete_result'),(37,'Can add done',13,'add_done'),(38,'Can change done',13,'change_done'),(39,'Can delete done',13,'delete_done'),(40,'Can add comment',14,'add_comment'),(41,'Can change comment',14,'change_comment'),(42,'Can delete comment',14,'delete_comment');
/*!40000 ALTER TABLE `auth_permission` ENABLE KEYS */;
UNLOCK TABLES;

--
-- Table structure for table `auth_user`
--

DROP TABLE IF EXISTS `auth_user`;
/*!40101 SET @saved_cs_client     = @@character_set_client */;
/*!40101 SET character_set_client = utf8 */;
CREATE TABLE `auth_user` (
  `id` int(11) NOT NULL AUTO_INCREMENT,
  `password` varchar(128) NOT NULL,
  `last_login` datetime NOT NULL,
  `is_superuser` tinyint(1) NOT NULL,
  `username` varchar(100) DEFAULT NULL,
  `first_name` varchar(30) NOT NULL,
  `last_name` varchar(30) NOT NULL,
  `email` varchar(75) NOT NULL,
  `is_staff` tinyint(1) NOT NULL,
  `is_active` tinyint(1) NOT NULL,
  `date_joined` datetime NOT NULL,
  PRIMARY KEY (`id`),
  UNIQUE KEY `username` (`username`)
) ENGINE=InnoDB AUTO_INCREMENT=1819 DEFAULT CHARSET=latin1;
/*!40101 SET character_set_client = @saved_cs_client */;

--
-- Dumping data for table `auth_user`
--

LOCK TABLES `auth_user` WRITE;
/*!40000 ALTER TABLE `auth_user` DISABLE KEYS */;
INSERT INTO `auth_user` VALUES (915,'','2015-05-06 23:55:56',0,'shubhanshu.prasi.cer14@itbhu.ac.in','ZDQULIS75Z','','',0,1,'2015-05-06 23:55:56'),(916,'','2015-05-06 23:55:56',0,'k.shubham.cer14@itbhu.ac.in','QK962SIZPB','','',0,1,'2015-05-06 23:55:56'),(917,'','2015-05-06 23:55:56',0,'niranjan.khatik.cer14@itbhu.ac.in','E123SGY9UW','','',0,1,'2015-05-06 23:55:56'),(918,'','2015-05-06 23:55:56',0,'tmahesh.naik.cer14@itbhu.ac.in','ODNL8WWT3O','','',0,1,'2015-05-06 23:55:56'),(919,'','2015-05-06 23:55:56',0,'avirup.kundu.cer14@itbhu.ac.in','BSTERUVF9J','','',0,1,'2015-05-06 23:55:56'),(920,'','2015-05-06 23:55:56',0,'ravi.kumar.cer14@itbhu.ac.in','O1IX357KXM','','',0,1,'2015-05-06 23:55:56'),(921,'','2015-05-06 23:55:56',0,'veerendra.tyagi.cer14@itbhu.ac.in','R10ZGRVCWG','','',0,1,'2015-05-06 23:55:56'),(922,'','2015-05-06 23:55:56',0,'hrishikesh.krishna.cer14@itbhu.ac.in','WSRT02Z4I1','','',0,1,'2015-05-06 23:55:56'),(923,'','2015-05-06 23:55:56',0,'pranav.arora.cer14@itbhu.ac.in','H0U15NDWGZ','','',0,1,'2015-05-06 23:55:56'),(924,'','2015-05-06 23:55:57',0,'shubham.student.cer14@itbhu.ac.in','8CS3XO263Q','','',0,1,'2015-05-06 23:55:57'),(925,'','2015-05-06 23:55:57',0,'abhishek.vyas.cer14@itbhu.ac.in','S91VHSAZ9M','','',0,1,'2015-05-06 23:55:57'),(926,'','2015-05-06 23:55:57',0,'daniel.aggarwal.cer14@itbhu.ac.in','EOODO8KO7D','','',0,1,'2015-05-06 23:55:57'),(927,'','2015-05-06 23:55:57',0,'pranjal.srivastava.cer14@itbhu.ac.in','9F6KMASFRC','','',0,1,'2015-05-06 23:55:57'),(928,'','2015-05-06 23:55:57',0,'shubham.jain.cer14@itbhu.ac.in','G59KLQEOR8','','',0,1,'2015-05-06 23:55:57'),(929,'','2015-05-06 23:55:57',0,'shreyans.jain.cer14@itbhu.ac.in','NUW7A87HVZ','','',0,1,'2015-05-06 23:55:57'),(930,'','2015-05-06 23:55:57',0,'karun.kumar.cer14@itbhu.ac.in','EHA1SOYN4P','','',0,1,'2015-05-06 23:55:57'),(931,'','2015-05-06 23:55:57',0,'sahil.patil.cer14@itbhu.ac.in','ZOPX8KGPQD','','',0,1,'2015-05-06 23:55:57'),(932,'','2015-05-06 23:55:57',0,'shubham.ksingh.cer14@itbhu.ac.in','1LGI2PE5UH','','',0,1,'2015-05-06 23:55:57'),(933,'','2015-05-06 23:55:57',0,'amit.garg.cer14@itbhu.ac.in','A9YB2J8PKN','','',0,1,'2015-05-06 23:55:57'),(934,'','2015-05-06 23:55:57',0,'mohit.bsharma.cer14@itbhu.ac.in','I7VXCS01XG','','',0,1,'2015-05-06 23:55:57'),(935,'','2015-05-06 23:55:57',0,'aditi.garg.cer14@itbhu.ac.in','LL9XBLZMNE','','',0,1,'2015-05-06 23:55:57'),(936,'','2015-05-06 23:55:57',0,'shubham.gupta.cer14@itbhu.ac.in','CV8711CMF9','','',0,1,'2015-05-06 23:55:57'),(937,'','2015-05-06 23:55:57',0,'vinay.kyadav.cer14@itbhu.ac.in','UJ4P94YKFS','','',0,1,'2015-05-06 23:55:57'),(938,'','2015-05-06 23:55:57',0,'nisha.chaudhary.cer14@itbhu.ac.in','R9PTVOP929','','',0,1,'2015-05-06 23:55:57'),(939,'','2015-05-06 23:55:57',0,'yuvraj.choudhary.cer14@itbhu.ac.in','B62WIRGXU3','','',0,1,'2015-05-06 23:55:57'),(940,'','2015-05-06 23:55:57',0,'pramod.kumar.cer14@itbhu.ac.in','X1DA32SCFO','','',0,1,'2015-05-06 23:55:57'),(941,'','2015-05-06 23:55:57',0,'mohammad.shoaib.cer14@itbhu.ac.in','GIP733IG6X','','',0,1,'2015-05-06 23:55:57'),(942,'','2015-05-06 23:55:57',0,'rihen.bajaj.cer14@itbhu.ac.in','RNKL8W7Y4K','','',0,1,'2015-05-06 23:55:57'),(943,'','2015-05-06 23:55:57',0,'vipin.jaiswal.cer14@itbhu.ac.in','0XJW9ELADF','','',0,1,'2015-05-06 23:55:57'),(944,'','2015-05-06 23:55:57',0,'alok.gupta.cer14@itbhu.ac.in','1KD1S2JWQ0','','',0,1,'2015-05-06 23:55:57'),(945,'','2015-05-06 23:55:57',0,'nilesh.singh.cer14@itbhu.ac.in','DHXJATXM8U','','',0,1,'2015-05-06 23:55:57'),(946,'','2015-05-06 23:55:57',0,'prithvi.raj.cer14@itbhu.ac.in','79JDSX8FRJ','','',0,1,'2015-05-06 23:55:57'),(947,'','2015-05-06 23:55:58',0,'deepak.dhull.cer14@itbhu.ac.in','C1QJOY70FU','','',0,1,'2015-05-06 23:55:58'),(948,'','2015-05-06 23:55:58',0,'dheeraj.kumar.cer14@itbhu.ac.in','N3MRHQ10Y5','','',0,1,'2015-05-06 23:55:58'),(949,'','2015-05-06 23:55:58',0,'sagar.jain.che14@itbhu.ac.in','KXAKWMFLJU','','',0,1,'2015-05-06 23:55:58'),(950,'','2015-05-06 23:55:58',0,'surendra.panwar.che14@itbhu.ac.in','QTNCTKI834','','',0,1,'2015-05-06 23:55:58'),(951,'','2015-05-06 23:55:58',0,'imran.khan.che14@itbhu.ac.in','7D674AMW3G','','',0,1,'2015-05-06 23:55:58'),(952,'','2015-05-06 23:55:58',0,'shaurya.vats.che14@itbhu.ac.in','8UB5K79VOM','','',0,1,'2015-05-06 23:55:58'),(953,'','2015-05-06 23:55:58',0,'rahul.kumar.che14@itbhu.ac.in','JTPOJG823M','','',0,1,'2015-05-06 23:55:58'),(954,'','2015-05-06 23:55:58',0,'ravi.godara.che14@itbhu.ac.in','CXM3CPF73U','','',0,1,'2015-05-06 23:55:58'),(955,'','2015-05-06 23:55:58',0,'kartik.anand.che14@itbhu.ac.in','BNNBZVEMVN','','',0,1,'2015-05-06 23:55:58'),(956,'','2015-05-06 23:55:58',0,'shivani.magarkar.che14@itbhu.ac.in','25YCS92256','','',0,1,'2015-05-06 23:55:58'),(957,'','2015-05-06 23:55:58',0,'ssreyas.chaithanya.che14@itbhu.ac.in','ZYKG7NUJDJ','','',0,1,'2015-05-06 23:55:58'),(958,'','2015-05-06 23:55:58',0,'harshil.nagar.che14@itbhu.ac.in','QUYLORLM1W','','',0,1,'2015-05-06 23:55:58'),(959,'','2015-05-06 23:55:58',0,'nitin.khatri.che14@itbhu.ac.in','RA7RM35FUF','','',0,1,'2015-05-06 23:55:58'),(960,'','2015-05-06 23:55:59',0,'sourabh.kumawat.che14@itbhu.ac.in','69HG416VUU','','',0,1,'2015-05-06 23:55:59'),(961,'','2015-05-06 23:55:59',0,'suraj.kumar.che14@itbhu.ac.in','Z7XV70I8NN','','',0,1,'2015-05-06 23:55:59'),(962,'','2015-05-06 23:55:59',0,'abhay.shakyawar.che14@itbhu.ac.in','J1O5SW2KLT','','',0,1,'2015-05-06 23:55:59'),(963,'','2015-05-06 23:55:59',0,'piyush.patware.che14@itbhu.ac.in','JODLFNPHPD','','',0,1,'2015-05-06 23:55:59'),(964,'','2015-05-06 23:55:59',0,'prasun.kumar.che14@itbhu.ac.in','0SQETGHDXM','','',0,1,'2015-05-06 23:55:59'),(965,'','2015-05-06 23:55:59',0,'sahil.singh.che14@itbhu.ac.in','8OHE7XHYOX','','',0,1,'2015-05-06 23:55:59'),(966,'','2015-05-06 23:55:59',0,'rahul.choudhary.che14@itbhu.ac.in','FSCJHG27WZ','','',0,1,'2015-05-06 23:55:59'),(967,'','2015-05-06 23:55:59',0,'harshit.harshit.che14@itbhu.ac.in','XQ0LW1SUX5','','',0,1,'2015-05-06 23:55:59'),(968,'','2015-05-06 23:55:59',0,'gorisha.agarwal.che14@itbhu.ac.in','6WIZWV0CCD','','',0,1,'2015-05-06 23:55:59'),(969,'','2015-05-06 23:55:59',0,'mhaiske.pjaipal.che14@itbhu.ac.in','F9KAVRY01K','','',0,1,'2015-05-06 23:55:59'),(970,'','2015-05-06 23:55:59',0,'ankush.bansal.che14@itbhu.ac.in','Z4MNJBYSI3','','',0,1,'2015-05-06 23:55:59'),(971,'','2015-05-06 23:55:59',0,'shivam.tiwari.che14@itbhu.ac.in','BADY52WV08','','',0,1,'2015-05-06 23:55:59'),(972,'','2015-05-06 23:55:59',0,'ajay.singh.che14@itbhu.ac.in','J2AWIIJC1R','','',0,1,'2015-05-06 23:55:59'),(973,'','2015-05-06 23:55:59',0,'prakhar.doorwar.che14@itbhu.ac.in','LXOTSGNY9H','','',0,1,'2015-05-06 23:55:59'),(974,'','2015-05-06 23:55:59',0,'shivam.sahil.che14@itbhu.ac.in','XY8BHW5P2A','','',0,1,'2015-05-06 23:55:59'),(975,'','2015-05-06 23:55:59',0,'jain.siddhant.che14@itbhu.ac.in','B0DY7XR949','','',0,1,'2015-05-06 23:55:59'),(976,'','2015-05-06 23:55:59',0,'vijay.psingh.che14@itbhu.ac.in','TSB8ELSVH7','','',0,1,'2015-05-06 23:55:59'),(977,'','2015-05-06 23:55:59',0,'srishti.shukla.che14@itbhu.ac.in','8W9FQ4N8KT','','',0,1,'2015-05-06 23:55:59'),(978,'','2015-05-06 23:55:59',0,'varade.shreyas.che14@itbhu.ac.in','0Z2JER1RWS','','',0,1,'2015-05-06 23:55:59'),(979,'','2015-05-06 23:55:59',0,'shivdeep.singh.che14@itbhu.ac.in','3HT51ZWIJ9','','',0,1,'2015-05-06 23:55:59'),(980,'','2015-05-06 23:55:59',0,'harshit.mogha.che14@itbhu.ac.in','JJQTZXY7MM','','',0,1,'2015-05-06 23:55:59'),(981,'','2015-05-06 23:55:59',0,'himanshu.gupta.che14@itbhu.ac.in','BBUQLKFIMU','','',0,1,'2015-05-06 23:55:59'),(982,'','2015-05-06 23:55:59',0,'gagandeep.singh.che14@itbhu.ac.in','IZVTXYOCX4','','',0,1,'2015-05-06 23:55:59'),(983,'','2015-05-06 23:55:59',0,'anand.patil.che14@itbhu.ac.in','P9SZM1DVQP','','',0,1,'2015-05-06 23:55:59'),(984,'','2015-05-06 23:56:00',0,'debjyoti.biswas.che14@itbhu.ac.in','R8U6LQZCQG','','',0,1,'2015-05-06 23:56:00'),(985,'','2015-05-06 23:56:00',0,'mritunjay.kumar.che14@itbhu.ac.in','ECH4HGKPGP','','',0,1,'2015-05-06 23:56:00'),(986,'','2015-05-06 23:56:00',0,'avinash.raj.che14@itbhu.ac.in','VFB13R96NK','','',0,1,'2015-05-06 23:56:00'),(987,'','2015-05-06 23:56:00',0,'ankit.gupta.che14@itbhu.ac.in','ATAHWSEY2C','','',0,1,'2015-05-06 23:56:00'),(988,'','2015-05-06 23:56:00',0,'manjay.kumar.che14@itbhu.ac.in','2C4ERWXIZL','','',0,1,'2015-05-06 23:56:00'),(989,'','2015-05-06 23:56:00',0,'varshal.jain.che14@itbhu.ac.in','KJF2YSPCJ6','','',0,1,'2015-05-06 23:56:00'),(990,'','2015-05-06 23:56:00',0,'neteti.varun.che14@itbhu.ac.in','7XCH0K6HG4','','',0,1,'2015-05-06 23:56:00'),(991,'','2015-05-06 23:56:00',0,'abhishek.rishab.che14@itbhu.ac.in','JOHUM7QIZD','','',0,1,'2015-05-06 23:56:00'),(992,'','2015-05-06 23:56:00',0,'rakshit.chauhan.che14@itbhu.ac.in','CY1AMC6VXM','','',0,1,'2015-05-06 23:56:00'),(993,'','2015-05-06 23:56:00',0,'ayushi.bansal.che14@itbhu.ac.in','ONR4LXSSYP','','',0,1,'2015-05-06 23:56:00'),(994,'','2015-05-06 23:56:00',0,'tannya.maurya.che14@itbhu.ac.in','A8VD7POZ9H','','',0,1,'2015-05-06 23:56:00'),(995,'','2015-05-06 23:56:00',0,'siddharth.bhargava.che14@itbhu.ac.in','4GT7MKW2FJ','','',0,1,'2015-05-06 23:56:00'),(996,'','2015-05-06 23:56:00',0,'jitesh.vindhyaraj.che14@itbhu.ac.in','ZLXCPEIR8O','','',0,1,'2015-05-06 23:56:00'),(997,'','2015-05-06 23:56:00',0,'meenal.baheti.che14@itbhu.ac.in','VN0TB5H3LC','','',0,1,'2015-05-06 23:56:00'),(998,'','2015-05-06 23:56:00',0,'nishant.kumar.che14@itbhu.ac.in','9JV1XX1A4B','','',0,1,'2015-05-06 23:56:00'),(999,'','2015-05-06 23:56:00',0,'siddharth.agrawal.che14@itbhu.ac.in','KSUUPV3BID','','',0,1,'2015-05-06 23:56:00'),(1000,'','2015-05-06 23:56:00',0,'manish.meena.che14@itbhu.ac.in','OANV4OIK71','','',0,1,'2015-05-06 23:56:00'),(1001,'','2015-05-06 23:56:00',0,'abhimanyu.soni.che14@itbhu.ac.in','P6QMY5E0OE','','',0,1,'2015-05-06 23:56:00'),(1002,'','2015-05-06 23:56:00',0,'yerraganti.snaidu.che14@itbhu.ac.in','LCG0S2YL0P','','',0,1,'2015-05-06 23:56:00'),(1003,'','2015-05-06 23:56:00',0,'tarunay.shrivastava.che14@itbhu.ac.in','HWOSETGACP','','',0,1,'2015-05-06 23:56:00'),(1004,'','2015-05-06 23:56:00',0,'shailendra.meena.che14@itbhu.ac.in','I1J8QSDZN6','','',0,1,'2015-05-06 23:56:00'),(1005,'','2015-05-06 23:56:00',0,'solanke.pkumar.che14@itbhu.ac.in','MATQXQH677','','',0,1,'2015-05-06 23:56:00'),(1006,'','2015-05-06 23:56:00',0,'bipin.ksingh.che14@itbhu.ac.in','5F1DV95EXN','','',0,1,'2015-05-06 23:56:00'),(1007,'','2015-05-06 23:56:00',0,'manas.sinha.che14@itbhu.ac.in','H8TJR0QESR','','',0,1,'2015-05-06 23:56:00'),(1008,'','2015-05-06 23:56:00',0,'rohitk.meena.che14@itbhu.ac.in','ZV0SX6KSNF','','',0,1,'2015-05-06 23:56:00'),(1009,'','2015-05-06 23:56:00',0,'rajeev.kgupta.che14@itbhu.ac.in','FTT4DC12QA','','',0,1,'2015-05-06 23:56:00'),(1010,'','2015-05-06 23:56:01',0,'kumar.vikrant.che14@itbhu.ac.in','A6QD5VFSHT','','',0,1,'2015-05-06 23:56:01'),(1011,'','2015-05-06 23:56:01',0,'madhur.pandey.che14@itbhu.ac.in','YIXQTBJ2KJ','','',0,1,'2015-05-06 23:56:01'),(1012,'','2015-05-06 23:56:01',0,'rohit.negi.che14@itbhu.ac.in','SSBGONPMG7','','',0,1,'2015-05-06 23:56:01'),(1013,'','2015-05-06 23:56:01',0,'anshul.srivastava.che14@itbhu.ac.in','IGZAWR6MQ8','','',0,1,'2015-05-06 23:56:01'),(1014,'','2015-05-06 23:56:01',0,'shashank.pardhikar.che14@itbhu.ac.in','FNOKI9H8SK','','',0,1,'2015-05-06 23:56:01'),(1015,'','2015-05-06 23:56:01',0,'archit.srivastava.che14@itbhu.ac.in','9M49M2Y03N','','',0,1,'2015-05-06 23:56:01'),(1016,'','2015-05-06 23:56:01',0,'bisweswar.morang.che14@itbhu.ac.in','MZWKWF5W69','','',0,1,'2015-05-06 23:56:01'),(1017,'','2015-05-06 23:56:01',0,'aditya.raghuwanshi.che14@itbhu.ac.in','T8N61CFE87','','',0,1,'2015-05-06 23:56:01'),(1018,'','2015-05-06 23:56:01',0,'pranjal.gupta.che14@itbhu.ac.in','J8V6KHVI1B','','',0,1,'2015-05-06 23:56:01'),(1019,'','2015-05-06 23:56:01',0,'adarsh.patankar.che14@itbhu.ac.in','AB7UDQKTTM','','',0,1,'2015-05-06 23:56:01'),(1020,'','2015-05-06 23:56:01',0,'sankalp.gupta.che14@itbhu.ac.in','17XJW1QK48','','',0,1,'2015-05-06 23:56:01'),(1021,'','2015-05-06 23:56:01',0,'aayush.chandgothia.che14@itbhu.ac.in','QLHC7A553D','','',0,1,'2015-05-06 23:56:01'),(1022,'','2015-05-06 23:56:01',0,'yash.bhadauria.che14@itbhu.ac.in','S4LLG97GWA','','',0,1,'2015-05-06 23:56:01'),(1023,'','2015-05-06 23:56:01',0,'vikash.kumar.che14@itbhu.ac.in','RJOCX2F919','','',0,1,'2015-05-06 23:56:01'),(1024,'','2015-05-06 23:56:01',0,'pratik.kumar.che14@itbhu.ac.in','SHFTDXVBX7','','',0,1,'2015-05-06 23:56:01'),(1025,'','2015-05-06 23:56:01',0,'jtanay.manoj.che14@itbhu.ac.in','4SB651G7OI','','',0,1,'2015-05-06 23:56:01'),(1026,'','2015-05-06 23:56:01',0,'varun.kansal.che14@itbhu.ac.in','JF6AAA8QS5','','',0,1,'2015-05-06 23:56:01'),(1027,'','2015-05-06 23:56:01',0,'shikhar.ksharma.che14@itbhu.ac.in','5EBN2EGFY8','','',0,1,'2015-05-06 23:56:01'),(1028,'','2015-05-06 23:56:01',0,'yuvraj.sbaath.che14@itbhu.ac.in','TNP2S9MWOI','','',0,1,'2015-05-06 23:56:01'),(1029,'','2015-05-06 23:56:01',0,'atya.aayush.che14@itbhu.ac.in','PSZX2FS6U9','','',0,1,'2015-05-06 23:56:01'),(1030,'','2015-05-06 23:56:01',0,'rohan.agarwal.che14@itbhu.ac.in','LX6LCY2M9M','','',0,1,'2015-05-06 23:56:01'),(1031,'','2015-05-06 23:56:01',0,'siddhi.choudhary.che14@itbhu.ac.in','J4LFB83BIF','','',0,1,'2015-05-06 23:56:01'),(1032,'','2015-05-06 23:56:01',0,'ashish.verma.che14@itbhu.ac.in','LY7QEBLQT4','','',0,1,'2015-05-06 23:56:01'),(1033,'','2015-05-06 23:56:01',0,'aayushi.jain.che14@itbhu.ac.in','8KG87BK2VH','','',0,1,'2015-05-06 23:56:01'),(1034,'','2015-05-06 23:56:01',0,'arjun.malik.che14@itbhu.ac.in','4WQSWLH9JE','','',0,1,'2015-05-06 23:56:01'),(1035,'','2015-05-06 23:56:01',0,'amit.yadav.che14@itbhu.ac.in','D16X3SPH9B','','',0,1,'2015-05-06 23:56:01'),(1036,'','2015-05-06 23:56:01',0,'mayank.prasoon.che14@itbhu.ac.in','87WGSHZCN2','','',0,1,'2015-05-06 23:56:01'),(1037,'','2015-05-06 23:56:02',0,'ayush.dixit.che14@itbhu.ac.in','JCURRX8JIJ','','',0,1,'2015-05-06 23:56:02'),(1038,'','2015-05-06 23:56:02',0,'divyanshu.gupta.che14@itbhu.ac.in','OMVE8BYUEY','','',0,1,'2015-05-06 23:56:02'),(1039,'','2015-05-06 23:56:02',0,'mohammed.fadil.che14@itbhu.ac.in','85PC81NNOL','','',0,1,'2015-05-06 23:56:02'),(1040,'','2015-05-06 23:56:02',0,'anand.patel.che14@itbhu.ac.in','T8R01AP7RN','','',0,1,'2015-05-06 23:56:02'),(1041,'','2015-05-06 23:56:02',0,'masroor.alam.che14@itbhu.ac.in','VA3Y90H6ZF','','',0,1,'2015-05-06 23:56:02'),(1042,'','2015-05-06 23:56:02',0,'kasapranay.yadav.che14@itbhu.ac.in','079X550O3K','','',0,1,'2015-05-06 23:56:02'),(1043,'','2015-05-06 23:56:02',0,'dhruv.chawla.che14@itbhu.ac.in','08NOASG0D2','','',0,1,'2015-05-06 23:56:02'),(1044,'','2015-05-06 23:56:02',0,'manoj.dhaker.che14@itbhu.ac.in','JDRITQH7PC','','',0,1,'2015-05-06 23:56:02'),(1045,'','2015-05-06 23:56:02',0,'yash.mehrotra.che14@itbhu.ac.in','JN0OM2TOC0','','',0,1,'2015-05-06 23:56:02'),(1046,'','2015-05-06 23:56:02',0,'nikhil.verma.che14@itbhu.ac.in','QNK0MIWAVX','','',0,1,'2015-05-06 23:56:02'),(1047,'','2015-05-06 23:56:02',0,'gaurav.barak.che14@itbhu.ac.in','RFBTQLNAOF','','',0,1,'2015-05-06 23:56:02'),(1048,'','2015-05-06 23:56:02',0,'huzefa.lohawala.che14@itbhu.ac.in','U220ECKKG1','','',0,1,'2015-05-06 23:56:02'),(1049,'','2015-05-06 23:56:02',0,'sakshi.patil.che14@itbhu.ac.in','GIXCSL5XLC','','',0,1,'2015-05-06 23:56:02'),(1050,'','2015-05-06 23:56:02',0,'prashant.ksingh.che14@itbhu.ac.in','AT2FT9X63V','','',0,1,'2015-05-06 23:56:02'),(1051,'','2015-05-06 23:56:02',0,'jyoti.yadav.che14@itbhu.ac.in','3IWQD0PQZ1','','',0,1,'2015-05-06 23:56:02'),(1052,'','2015-05-06 23:56:02',0,'shashank.shekhar.che14@itbhu.ac.in','55VYR8LXKE','','',0,1,'2015-05-06 23:56:02'),(1053,'','2015-05-06 23:56:02',0,'shivam.anand.che14@itbhu.ac.in','BNGOYKI1U1','','',0,1,'2015-05-06 23:56:02'),(1054,'','2015-05-06 23:56:02',0,'venkata.sandeep.che14@itbhu.ac.in','U0GZ9S6JYC','','',0,1,'2015-05-06 23:56:02'),(1055,'','2015-05-06 23:56:02',0,'abhishek.ramakant.che14@itbhu.ac.in','T3DXMC1GPX','','',0,1,'2015-05-06 23:56:02'),(1056,'','2015-05-06 23:56:02',0,'harsh.ksingh.che14@itbhu.ac.in','6G8KRMGJ1P','','',0,1,'2015-05-06 23:56:02'),(1057,'','2015-05-06 23:56:02',0,'amarjeet.prasad.che14@itbhu.ac.in','N5M2IV2IB4','','',0,1,'2015-05-06 23:56:02'),(1058,'','2015-05-06 23:56:02',0,'sumit.kumar.che14@itbhu.ac.in','LR872U9RZQ','','',0,1,'2015-05-06 23:56:02'),(1059,'','2015-05-06 23:56:02',0,'mukul.verma.che14@itbhu.ac.in','RB0IBNRPN2','','',0,1,'2015-05-06 23:56:02'),(1060,'','2015-05-06 23:56:02',0,'aditya.maan.che14@itbhu.ac.in','Y3BK1ADQHP','','',0,1,'2015-05-06 23:56:02'),(1061,'','2015-05-06 23:56:02',0,'sumbul.fatima.che14@itbhu.ac.in','788993FKXA','','',0,1,'2015-05-06 23:56:02'),(1062,'','2015-05-06 23:56:02',0,'dakshita.soni.che14@itbhu.ac.in','CZQD7WXMVG','','',0,1,'2015-05-06 23:56:02'),(1063,'','2015-05-06 23:56:03',0,'alok.kumar.che14@itbhu.ac.in','E0JUOI0HP3','','',0,1,'2015-05-06 23:56:03'),(1064,'','2015-05-06 23:56:03',0,'kuljeet.keshav.civ14@itbhu.ac.in','R51HERKUVF','','',0,1,'2015-05-06 23:56:03'),(1065,'','2015-05-06 23:56:03',0,'yatendra.kgothwal.civ14@itbhu.ac.in','33NR1WTSLR','','',0,1,'2015-05-06 23:56:03'),(1066,'','2015-05-06 23:56:03',0,'amit.prakash.civ14@itbhu.ac.in','J4JGYTMFRV','','',0,1,'2015-05-06 23:56:03'),(1067,'','2015-05-06 23:56:03',0,'divyansh.shukla.civ14@itbhu.ac.in','OVXZPP84WB','','',0,1,'2015-05-06 23:56:03'),(1068,'','2015-05-06 23:56:03',0,'nikhil.meena.civ14@itbhu.ac.in','9RSG1PEMNY','','',0,1,'2015-05-06 23:56:03'),(1069,'','2015-05-06 23:56:03',0,'imran.khan.civ14@itbhu.ac.in','WZ9S82O3V1','','',0,1,'2015-05-06 23:56:03'),(1070,'','2015-05-06 23:56:03',0,'akarsh.mishra.civ14@itbhu.ac.in','CLV065UZY4','','',0,1,'2015-05-06 23:56:03'),(1071,'','2015-05-06 23:56:03',0,'kshiva.kchowhan.civ14@itbhu.ac.in','C82ATGNKGF','','',0,1,'2015-05-06 23:56:03'),(1072,'','2015-05-06 23:56:03',0,'sachin.shriwastri.civ14@itbhu.ac.in','EZXE2CIFA6','','',0,1,'2015-05-06 23:56:03'),(1073,'','2015-05-06 23:56:03',0,'sandeep.ray.civ14@itbhu.ac.in','FQVSMOFFCX','','',0,1,'2015-05-06 23:56:03'),(1074,'','2015-05-06 23:56:03',0,'mahendra.kumarm.civ14@itbhu.ac.in','ZMEA9DOC4Q','','',0,1,'2015-05-06 23:56:03'),(1075,'','2015-05-06 23:56:03',0,'manish.syadav.civ14@itbhu.ac.in','6JHTA93WL8','','',0,1,'2015-05-06 23:56:03'),(1076,'','2015-05-06 23:56:03',0,'anjeshnu.trivedi.civ14@itbhu.ac.in','HU2X4UIK2V','','',0,1,'2015-05-06 23:56:03'),(1077,'','2015-05-06 23:56:03',0,'rohit.waskale.civ14@itbhu.ac.in','7UU89PHJMU','','',0,1,'2015-05-06 23:56:03'),(1078,'','2015-05-06 23:56:03',0,'nishant.rajvibhu.civ14@itbhu.ac.in','5R53GVVWBF','','',0,1,'2015-05-06 23:56:03'),(1079,'','2015-05-06 23:56:03',0,'deepak.bharti.civ14@itbhu.ac.in','EFBXLDRUQE','','',0,1,'2015-05-06 23:56:03'),(1080,'','2015-05-06 23:56:03',0,'rinkesh.meena.civ14@itbhu.ac.in','B2UOWJD2G1','','',0,1,'2015-05-06 23:56:03'),(1081,'','2015-05-06 23:56:03',0,'abhinav.kushwaha.civ14@itbhu.ac.in','QNKD3V031E','','',0,1,'2015-05-06 23:56:03'),(1082,'','2015-05-06 23:56:03',0,'anukool.singh.civ14@itbhu.ac.in','P7C1QZBDVZ','','',0,1,'2015-05-06 23:56:03'),(1083,'','2015-05-06 23:56:03',0,'bhupesh.krmeena.civ14@itbhu.ac.in','S48PWGJFZH','','',0,1,'2015-05-06 23:56:03'),(1084,'','2015-05-06 23:56:03',0,'heera.lalyadav.civ14@itbhu.ac.in','DV1BFR4MYP','','',0,1,'2015-05-06 23:56:03'),(1085,'','2015-05-06 23:56:03',0,'anshu.abhinav.civ14@itbhu.ac.in','U8E3C7672U','','',0,1,'2015-05-06 23:56:03'),(1086,'','2015-05-06 23:56:03',0,'vikas.pandey.civ14@itbhu.ac.in','QQPILSQGOD','','',0,1,'2015-05-06 23:56:03'),(1087,'','2015-05-06 23:56:03',0,'yogesh.naik.civ14@itbhu.ac.in','Q4CFJHYIRP','','',0,1,'2015-05-06 23:56:03'),(1088,'','2015-05-06 23:56:03',0,'yugal.agrawal.civ14@itbhu.ac.in','JMZ8F212V6','','',0,1,'2015-05-06 23:56:03'),(1089,'','2015-05-06 23:56:03',0,'abhishek.choudhary.civ14@itbhu.ac.in','VLAYS7JS11','','',0,1,'2015-05-06 23:56:03'),(1090,'','2015-05-06 23:56:03',0,'chirag.kalal.civ14@itbhu.ac.in','0JL3DNUHX5','','',0,1,'2015-05-06 23:56:03'),(1091,'','2015-05-06 23:56:04',0,'vikram.kumar.civ14@itbhu.ac.in','66N34RQZQR','','',0,1,'2015-05-06 23:56:04'),(1092,'','2015-05-06 23:56:04',0,'avinash.mandiwal.civ14@itbhu.ac.in','2X0RR033VO','','',0,1,'2015-05-06 23:56:04'),(1093,'','2015-05-06 23:56:04',0,'aman.gupta.civ14@itbhu.ac.in','4MW8RSE6LX','','',0,1,'2015-05-06 23:56:04'),(1094,'','2015-05-06 23:56:04',0,'rohit.suwalka.civ14@itbhu.ac.in','1YFHPT1ZZ8','','',0,1,'2015-05-06 23:56:04'),(1095,'','2015-05-06 23:56:04',0,'shashwatam.bhadani.civ14@itbhu.ac.in','GMQECIDC3Q','','',0,1,'2015-05-06 23:56:04'),(1096,'','2015-05-06 23:56:04',0,'chaitanya.animesh.civ14@itbhu.ac.in','CX3N2XII9N','','',0,1,'2015-05-06 23:56:04'),(1097,'','2015-05-06 23:56:04',0,'janvijay.singh.civ14@itbhu.ac.in','L2QLRXMUUT','','',0,1,'2015-05-06 23:56:04'),(1098,'','2015-05-06 23:56:04',0,'devasheesh.yadav.civ14@itbhu.ac.in','3MGMIVZSTL','','',0,1,'2015-05-06 23:56:04'),(1099,'','2015-05-06 23:56:04',0,'shubham.agrawal.civ14@itbhu.ac.in','ELZ3L9YDY7','','',0,1,'2015-05-06 23:56:04'),(1100,'','2015-05-06 23:56:04',0,'kishan.singh.civ14@itbhu.ac.in','1TUDILNUFG','','',0,1,'2015-05-06 23:56:04'),(1101,'','2015-05-06 23:56:04',0,'harkanwalpreet.singh.civ14@itbhu.ac.in','P9YY9XI98K','','',0,1,'2015-05-06 23:56:04'),(1102,'','2015-05-06 23:56:04',0,'sanskar.modi.civ14@itbhu.ac.in','7YKSRGB8MD','','',0,1,'2015-05-06 23:56:04'),(1103,'','2015-05-06 23:56:04',0,'shreya.pandey.civ14@itbhu.ac.in','MT9WWS30KA','','',0,1,'2015-05-06 23:56:04'),(1104,'','2015-05-06 23:56:04',0,'mohit.kumar.civ14@itbhu.ac.in','A91C4NDQ8X','','',0,1,'2015-05-06 23:56:04'),(1105,'','2015-05-06 23:56:04',0,'yash.sharma.civ14@itbhu.ac.in','Z3LB7O2WSL','','',0,1,'2015-05-06 23:56:04'),(1106,'','2015-05-06 23:56:04',0,'ashutosh.kumar.civ14@itbhu.ac.in','R7864B8N0I','','',0,1,'2015-05-06 23:56:04'),(1107,'','2015-05-06 23:56:04',0,'abhinav.jdangi.civ14@itbhu.ac.in','0XWWU9ZPYT','','',0,1,'2015-05-06 23:56:04'),(1108,'','2015-05-06 23:56:04',0,'aman.gulia.civ14@itbhu.ac.in','VREFW250XK','','',0,1,'2015-05-06 23:56:04'),(1109,'','2015-05-06 23:56:04',0,'prakhar.pandey.civ14@itbhu.ac.in','OUFX979X85','','',0,1,'2015-05-06 23:56:04'),(1110,'','2015-05-06 23:56:04',0,'prem.prakash.civ14@itbhu.ac.in','S1CJBPZZOO','','',0,1,'2015-05-06 23:56:04'),(1111,'','2015-05-06 23:56:04',0,'piyush.kumar.civ14@itbhu.ac.in','WYDTBCDI8S','','',0,1,'2015-05-06 23:56:04'),(1112,'','2015-05-06 23:56:04',0,'pawan.krajmera.civ14@itbhu.ac.in','E8GL9IIS0A','','',0,1,'2015-05-06 23:56:04'),(1113,'','2015-05-06 23:56:05',0,'harkiran.smahun.civ14@itbhu.ac.in','EBY1F0C21E','','',0,1,'2015-05-06 23:56:05'),(1114,'','2015-05-06 23:56:05',0,'vivek.ranjan.civ14@itbhu.ac.in','HSAVX91EPU','','',0,1,'2015-05-06 23:56:05'),(1115,'','2015-05-06 23:56:05',0,'kushagra.agrawal.civ14@itbhu.ac.in','TLAMV47G07','','',0,1,'2015-05-06 23:56:05'),(1116,'','2015-05-06 23:56:05',0,'kdivyanshu.singh.civ14@itbhu.ac.in','FDWI7KM4ZJ','','',0,1,'2015-05-06 23:56:05'),(1117,'','2015-05-06 23:56:05',0,'maneeshwer.reddy.civ14@itbhu.ac.in','W6P3J8F8KJ','','',0,1,'2015-05-06 23:56:05'),(1118,'','2015-05-06 23:56:05',0,'anand.kaushalyayan.civ14@itbhu.ac.in','MCABN231IV','','',0,1,'2015-05-06 23:56:05'),(1119,'','2015-05-06 23:56:05',0,'sparsh.agarwal.civ14@itbhu.ac.in','9S5V93P0Q9','','',0,1,'2015-05-06 23:56:05'),(1120,'','2015-05-06 23:56:05',0,'jovial.prabhat.civ14@itbhu.ac.in','VK8LI3QQFC','','',0,1,'2015-05-06 23:56:05'),(1121,'','2015-05-06 23:56:05',0,'kps.rana.civ14@itbhu.ac.in','1O3XB0T06J','','',0,1,'2015-05-06 23:56:05'),(1122,'','2015-05-06 23:56:05',0,'suryakanta.tarai.civ14@itbhu.ac.in','SOU5AFJWFL','','',0,1,'2015-05-06 23:56:05'),(1123,'','2015-05-06 23:56:05',0,'garvit.sharma.civ14@itbhu.ac.in','6TD24Z66KL','','',0,1,'2015-05-06 23:56:05'),(1124,'','2015-05-06 23:56:05',0,'ayush.cdwivedi.civ14@itbhu.ac.in','GDLOMKAMX5','','',0,1,'2015-05-06 23:56:05'),(1125,'','2015-05-06 23:56:05',0,'abhishek.gautam.civ14@itbhu.ac.in','N12QRC9MG9','','',0,1,'2015-05-06 23:56:05'),(1126,'','2015-05-06 23:56:05',0,'shashwat.rai.civ14@itbhu.ac.in','CKT99YV6IT','','',0,1,'2015-05-06 23:56:05'),(1127,'','2015-05-06 23:56:05',0,'vivek.goyanka.civ14@itbhu.ac.in','0Z2J2RX66P','','',0,1,'2015-05-06 23:56:05'),(1128,'','2015-05-06 23:56:05',0,'anand.prakash.civ14@itbhu.ac.in','3M49220QVC','','',0,1,'2015-05-06 23:56:05'),(1129,'','2015-05-06 23:56:05',0,'nnevin.jojo.civ14@itbhu.ac.in','DV2YMW80AD','','',0,1,'2015-05-06 23:56:05'),(1130,'','2015-05-06 23:56:05',0,'jayant.srivastava.civ14@itbhu.ac.in','BADMXCKVYE','','',0,1,'2015-05-06 23:56:05'),(1131,'','2015-05-06 23:56:05',0,'anil.kumar.civ14@itbhu.ac.in','TDT07YOQYG','','',0,1,'2015-05-06 23:56:05'),(1132,'','2015-05-06 23:56:05',0,'kushagra.agarwal.civ14@itbhu.ac.in','A8PFTC0CVQ','','',0,1,'2015-05-06 23:56:05'),(1133,'','2015-05-06 23:56:05',0,'mayank.prateek.civ14@itbhu.ac.in','U8B3QKZ77B','','',0,1,'2015-05-06 23:56:05'),(1134,'','2015-05-06 23:56:05',0,'saurabh.gautam.civ14@itbhu.ac.in','XWNQDJKS2V','','',0,1,'2015-05-06 23:56:05'),(1135,'','2015-05-06 23:56:05',0,'abhinav.singh.civ14@itbhu.ac.in','PIA1EU1H95','','',0,1,'2015-05-06 23:56:05'),(1136,'','2015-05-06 23:56:05',0,'parth.bhargava.civ14@itbhu.ac.in','1TWM3BB0P9','','',0,1,'2015-05-06 23:56:05'),(1137,'','2015-05-06 23:56:05',0,'aditya.verma.civ14@itbhu.ac.in','PIZFHG5MHI','','',0,1,'2015-05-06 23:56:05'),(1138,'','2015-05-06 23:56:05',0,'nahmed.nissar.civ14@itbhu.ac.in','LTC7KMX6XE','','',0,1,'2015-05-06 23:56:05'),(1139,'','2015-05-06 23:56:05',0,'abhi.mittal.civ14@itbhu.ac.in','RQE6CGQWU6','','',0,1,'2015-05-06 23:56:05'),(1140,'','2015-05-06 23:56:05',0,'naresh.kumar.civ14@itbhu.ac.in','SMQ8KMLMH1','','',0,1,'2015-05-06 23:56:05'),(1141,'','2015-05-06 23:56:05',0,'chetan.chetan.civ14@itbhu.ac.in','SYVZS9GR8N','','',0,1,'2015-05-06 23:56:05'),(1142,'','2015-05-06 23:56:06',0,'hemanshu.sondhi.cse14@itbhu.ac.in','DIJ5LTJB2A','','',0,1,'2015-05-06 23:56:06'),(1143,'','2015-05-06 23:56:06',0,'digvijay.srawat.cse14@itbhu.ac.in','V5UPIZP2EA','','',0,1,'2015-05-06 23:56:06'),(1144,'','2015-05-06 23:56:06',0,'ayush.kedia.cse14@itbhu.ac.in','ZBVS10BCII','','',0,1,'2015-05-06 23:56:06'),(1145,'','2015-05-06 23:56:06',0,'dewanshu.pratihar.cse14@itbhu.ac.in','WB4PLO2RGG','','',0,1,'2015-05-06 23:56:06'),(1146,'','2015-05-06 23:56:06',0,'prakhar.gupta.cse14@itbhu.ac.in','CXWI0CUZR1','','',0,1,'2015-05-06 23:56:06'),(1147,'','2015-05-06 23:56:06',0,'kakshay.anand.cse14@itbhu.ac.in','HCBP7VQ5RN','','',0,1,'2015-05-06 23:56:06'),(1148,'','2015-05-06 23:56:06',0,'mayank.panchal.cse14@itbhu.ac.in','T1WH560N38','','',0,1,'2015-05-06 23:56:06'),(1149,'','2015-05-06 23:56:06',0,'avinash.kumar.cse14@itbhu.ac.in','GMFIWDPF2Z','','',0,1,'2015-05-06 23:56:06'),(1150,'','2015-05-06 23:56:06',0,'utkarsh.pathak.cse14@itbhu.ac.in','VHK6TYRWIC','','',0,1,'2015-05-06 23:56:06'),(1151,'','2015-05-06 23:56:06',0,'prayas.jain.cse14@itbhu.ac.in','SIVSKMNZQG','','',0,1,'2015-05-06 23:56:06'),(1152,'','2015-05-06 23:56:06',0,'murari.toshniwal.cse14@itbhu.ac.in','XYIOP4BRLE','','',0,1,'2015-05-06 23:56:06'),(1153,'','2015-05-06 23:56:06',0,'pradeep.yadav.cse14@itbhu.ac.in','9G7B4AQMZ9','','',0,1,'2015-05-06 23:56:06'),(1154,'','2015-05-06 23:56:06',0,'shubham.saini.cse14@itbhu.ac.in','EZ7JL28A8O','','',0,1,'2015-05-06 23:56:06'),(1155,'','2015-05-06 23:56:06',0,'abhiram.r.cse14@itbhu.ac.in','8YR837AQ46','','',0,1,'2015-05-06 23:56:06'),(1156,'','2015-05-06 23:56:06',0,'aman.gupta.cse14@itbhu.ac.in','25CC264V5C','','',0,1,'2015-05-06 23:56:06'),(1157,'','2015-05-06 23:56:06',0,'deepak.yadav.cse14@itbhu.ac.in','VB7Y8DLXVM','','',0,1,'2015-05-06 23:56:06'),(1158,'','2015-05-06 23:56:06',0,'atishay.jain.cse14@itbhu.ac.in','AGF8J9M25Q','','',0,1,'2015-05-06 23:56:06'),(1159,'','2015-05-06 23:56:06',0,'brijesh.krgupta.cse14@itbhu.ac.in','9I59QIO0L9','','',0,1,'2015-05-06 23:56:06'),(1160,'','2015-05-06 23:56:06',0,'rishabh.jain.cse14@itbhu.ac.in','1E00X5BODC','','',0,1,'2015-05-06 23:56:06'),(1161,'','2015-05-06 23:56:06',0,'divyansh.kchandrakar.cse14@itbhu.ac.in','FCN9UVLKR1','','',0,1,'2015-05-06 23:56:06'),(1162,'','2015-05-06 23:56:06',0,'himanshu.agarwal.cse14@itbhu.ac.in','UHJ2J7DKDY','','',0,1,'2015-05-06 23:56:06'),(1163,'','2015-05-06 23:56:06',0,'arpit.chaudhary.cse14@itbhu.ac.in','XK3QE5GY27','','',0,1,'2015-05-06 23:56:06'),(1164,'','2015-05-06 23:56:06',0,'bharat.khanna.cse14@itbhu.ac.in','FCVKJWG3H8','','',0,1,'2015-05-06 23:56:06'),(1165,'','2015-05-06 23:56:06',0,'mayank.cse14@itbhu.ac.in','9Y34FSKHIK','','',0,1,'2015-05-06 23:56:06'),(1166,'','2015-05-06 23:56:06',0,'amrinder.singh.cse14@itbhu.ac.in','UI7RVPLNYC','','',0,1,'2015-05-06 23:56:06'),(1167,'','2015-05-06 23:56:06',0,'msurya.pradeep.cse14@itbhu.ac.in','B9K4471ED7','','',0,1,'2015-05-06 23:56:06'),(1168,'','2015-05-06 23:56:06',0,'ayush.shrivastava.cse14@itbhu.ac.in','QAKCG3NMBG','','',0,1,'2015-05-06 23:56:06'),(1169,'','2015-05-06 23:56:06',0,'suraj.gupta.cse14@itbhu.ac.in','SJYN4JM7NI','','',0,1,'2015-05-06 23:56:06'),(1170,'','2015-05-06 23:56:06',0,'robin.chawla.cse14@itbhu.ac.in','D5SPTVP8T4','','',0,1,'2015-05-06 23:56:06'),(1171,'','2015-05-06 23:56:07',0,'gaurav.kjaiswal.cse14@itbhu.ac.in','ZB6GCWG6XD','','',0,1,'2015-05-06 23:56:07'),(1172,'','2015-05-06 23:56:07',0,'devang.kulshreshtha.cse14@itbhu.ac.in','TR1SS3IZEQ','','',0,1,'2015-05-06 23:56:07'),(1173,'','2015-05-06 23:56:07',0,'sushish.kumar.cse14@itbhu.ac.in','PP6Y38FUOC','','',0,1,'2015-05-06 23:56:07'),(1174,'','2015-05-06 23:56:07',0,'virat.bansal.cse14@itbhu.ac.in','F5MFVTQXMO','','',0,1,'2015-05-06 23:56:07'),(1175,'','2015-05-06 23:56:07',0,'ayush.gupta.cse14@itbhu.ac.in','2QM8M0A16I','','',0,1,'2015-05-06 23:56:07'),(1176,'','2015-05-06 23:56:07',0,'rishabh.sinha.cse14@itbhu.ac.in','TKEQ3158J9','','',0,1,'2015-05-06 23:56:07'),(1177,'','2015-05-06 23:56:07',0,'vivek.sourabh.cse14@itbhu.ac.in','ALXWUBAHOS','','',0,1,'2015-05-06 23:56:07'),(1178,'','2015-05-06 23:56:07',0,'sourabh.rajendu.cse14@itbhu.ac.in','E8VVJVJXUX','','',0,1,'2015-05-06 23:56:07'),(1179,'','2015-05-06 23:56:07',0,'ankit.saini.cse14@itbhu.ac.in','5LI8ZMZN38','','',0,1,'2015-05-06 23:56:07'),(1180,'','2015-05-06 23:56:07',0,'anant.dadu.cse14@itbhu.ac.in','ODDMR0XWE3','','',0,1,'2015-05-06 23:56:07'),(1181,'','2015-05-06 23:56:07',0,'rithvik.mekala.cse14@itbhu.ac.in','IQJC86RNRZ','','',0,1,'2015-05-06 23:56:07'),(1182,'','2015-05-06 23:56:07',0,'prateek.pthakur.cse14@itbhu.ac.in','B8J1F9FW3N','','',0,1,'2015-05-06 23:56:07'),(1183,'','2015-05-06 23:56:07',0,'suman.kumar.cse14@itbhu.ac.in','ATXMRQ0HY0','','',0,1,'2015-05-06 23:56:07'),(1184,'','2015-05-06 23:56:07',0,'gaurav.gupta.cse14@itbhu.ac.in','TCQZHIDUVD','','',0,1,'2015-05-06 23:56:07'),(1185,'','2015-05-06 23:56:07',0,'amit.kumar.cse14@itbhu.ac.in','NJAM6OKUZ2','','',0,1,'2015-05-06 23:56:07'),(1186,'','2015-05-06 23:56:07',0,'akash.gupta.cse14@itbhu.ac.in','CABHTYYVPO','','',0,1,'2015-05-06 23:56:07'),(1187,'','2015-05-06 23:56:07',0,'raja.singh.cse14@itbhu.ac.in','0ID36LPD4M','','',0,1,'2015-05-06 23:56:07'),(1188,'','2015-05-06 23:56:07',0,'vedant.agrawal.cse14@itbhu.ac.in','6E3H12BSL8','','',0,1,'2015-05-06 23:56:07'),(1189,'','2015-05-06 23:56:07',0,'chandrakant.cse14@itbhu.ac.in','2KPGIXU2QK','','',0,1,'2015-05-06 23:56:07'),(1190,'','2015-05-06 23:56:07',0,'pranav.goel.cse14@itbhu.ac.in','3PUYQA7NK3','','',0,1,'2015-05-06 23:56:07'),(1191,'','2015-05-06 23:56:07',0,'gaurav.lohia.cse14@itbhu.ac.in','7ZOAQPN2D5','','',0,1,'2015-05-06 23:56:07'),(1192,'','2015-05-06 23:56:07',0,'ujjwal.singh.cse14@itbhu.ac.in','4FEA9GBNOU','','',0,1,'2015-05-06 23:56:07'),(1193,'','2015-05-06 23:56:07',0,'dasarapu.aravind.cse14@itbhu.ac.in','RIPMUX1WHS','','',0,1,'2015-05-06 23:56:07'),(1194,'','2015-05-06 23:56:07',0,'siddhant.jalan.cse14@itbhu.ac.in','8OSOEZP5JH','','',0,1,'2015-05-06 23:56:07'),(1195,'','2015-05-06 23:56:07',0,'aniket.bansal.cse14@itbhu.ac.in','FAY2MVYQ7H','','',0,1,'2015-05-06 23:56:07'),(1196,'','2015-05-06 23:56:07',0,'suman.behera.cse14@itbhu.ac.in','DFR8AV1GPV','','',0,1,'2015-05-06 23:56:07'),(1197,'','2015-05-06 23:56:08',0,'chetan.chaudhary.cse14@itbhu.ac.in','3C2IBC14F9','','',0,1,'2015-05-06 23:56:08'),(1198,'','2015-05-06 23:56:08',0,'divyam.goyal.cse14@itbhu.ac.in','K3USFW7BZF','','',0,1,'2015-05-06 23:56:08'),(1199,'','2015-05-06 23:56:08',0,'saurav.kumar.cse14@itbhu.ac.in','WXX3VLN8UV','','',0,1,'2015-05-06 23:56:08'),(1200,'','2015-05-06 23:56:08',0,'harpreet.singh.cse14@itbhu.ac.in','32B8DUNY9T','','',0,1,'2015-05-06 23:56:08'),(1201,'','2015-05-06 23:56:08',0,'cjvenkatasai.sujith.eee14@itbhu.ac.in','Z8858PW3L2','','',0,1,'2015-05-06 23:56:08'),(1202,'','2015-05-06 23:56:08',0,'tinku.kumar.eee14@itbhu.ac.in','URCHJA2YTG','','',0,1,'2015-05-06 23:56:08'),(1203,'','2015-05-06 23:56:08',0,'kartavya.jain.eee14@itbhu.ac.in','FCM9UR5O6B','','',0,1,'2015-05-06 23:56:08'),(1204,'','2015-05-06 23:56:08',0,'sourabh.kumar.eee14@itbhu.ac.in','8K22CD1ORA','','',0,1,'2015-05-06 23:56:08'),(1205,'','2015-05-06 23:56:08',0,'jn.raghavendra.eee14@itbhu.ac.in','V2JV4PC3SX','','',0,1,'2015-05-06 23:56:08'),(1206,'','2015-05-06 23:56:08',0,'abhishek.kbhaskar.eee14@itbhu.ac.in','Y13S4XJV4C','','',0,1,'2015-05-06 23:56:08'),(1207,'','2015-05-06 23:56:08',0,'aarush.sharma.eee14@itbhu.ac.in','FC1KUPQM4D','','',0,1,'2015-05-06 23:56:08'),(1208,'','2015-05-06 23:56:08',0,'pushpendra.singh.eee14@itbhu.ac.in','E46LV45N7M','','',0,1,'2015-05-06 23:56:08'),(1209,'','2015-05-06 23:56:08',0,'vakhil.psarma.eee14@itbhu.ac.in','6U0EEYNGO6','','',0,1,'2015-05-06 23:56:08'),(1210,'','2015-05-06 23:56:08',0,'divya.garg.eee14@itbhu.ac.in','25UFHD5CEB','','',0,1,'2015-05-06 23:56:08'),(1211,'','2015-05-06 23:56:08',0,'ashwani.kgautam.eee14@itbhu.ac.in','SCD8BIZCNQ','','',0,1,'2015-05-06 23:56:08'),(1212,'','2015-05-06 23:56:08',0,'sshubham.dagadu.eee14@itbhu.ac.in','YEB7PBH3WV','','',0,1,'2015-05-06 23:56:08'),(1213,'','2015-05-06 23:56:08',0,'ronak.g.eee14@itbhu.ac.in','FHKS27HGH7','','',0,1,'2015-05-06 23:56:08'),(1214,'','2015-05-06 23:56:08',0,'subhanshu.aggarwal.eee14@itbhu.ac.in','HGK9N43QZ2','','',0,1,'2015-05-06 23:56:08'),(1215,'','2015-05-06 23:56:08',0,'arpit.gautam.eee14@itbhu.ac.in','HZV2T3ZBA6','','',0,1,'2015-05-06 23:56:08'),(1216,'','2015-05-06 23:56:08',0,'anshul.chauhan.eee14@itbhu.ac.in','O8HETA0MYD','','',0,1,'2015-05-06 23:56:08'),(1217,'','2015-05-06 23:56:08',0,'harsh.agarwal.eee14@itbhu.ac.in','2V0I4B0IUQ','','',0,1,'2015-05-06 23:56:08'),(1218,'','2015-05-06 23:56:08',0,'swapnil.ranjan.eee14@itbhu.ac.in','3ZMV7P5H6K','','',0,1,'2015-05-06 23:56:08'),(1219,'','2015-05-06 23:56:08',0,'ketan.rchaturvedi.eee14@itbhu.ac.in','U88JS4XC42','','',0,1,'2015-05-06 23:56:08'),(1220,'','2015-05-06 23:56:08',0,'surendra.sharma.eee14@itbhu.ac.in','ZDN1ZO1JSN','','',0,1,'2015-05-06 23:56:08'),(1221,'','2015-05-06 23:56:08',0,'bhuvnesh.panwar.eee14@itbhu.ac.in','L2ENAV00JQ','','',0,1,'2015-05-06 23:56:08'),(1222,'','2015-05-06 23:56:08',0,'kunal.jain.eee14@itbhu.ac.in','2DQ85KZH5G','','',0,1,'2015-05-06 23:56:08'),(1223,'','2015-05-06 23:56:08',0,'aryan.rikhari.eee14@itbhu.ac.in','S9IKN4ZILG','','',0,1,'2015-05-06 23:56:08'),(1224,'','2015-05-06 23:56:09',0,'jitendra.krjatoliya.eee14@itbhu.ac.in','T47WOHPX6Y','','',0,1,'2015-05-06 23:56:09'),(1225,'','2015-05-06 23:56:09',0,'ayushi.bansal.eee14@itbhu.ac.in','0Z426A0HVU','','',0,1,'2015-05-06 23:56:09'),(1226,'','2015-05-06 23:56:09',0,'uddeshya.agrawal.eee14@itbhu.ac.in','8OLIUJV6BR','','',0,1,'2015-05-06 23:56:09'),(1227,'','2015-05-06 23:56:09',0,'abhinav.gogadey.eee14@itbhu.ac.in','RBXY6CBYMV','','',0,1,'2015-05-06 23:56:09'),(1228,'','2015-05-06 23:56:09',0,'arpit.agarwal.eee14@itbhu.ac.in','LG3SMXD8W6','','',0,1,'2015-05-06 23:56:09'),(1229,'','2015-05-06 23:56:09',0,'tarun.garg.eee14@itbhu.ac.in','E07TSPTGMA','','',0,1,'2015-05-06 23:56:09'),(1230,'','2015-05-06 23:56:09',0,'gaurav.singh.eee14@itbhu.ac.in','9QPFFTLPUR','','',0,1,'2015-05-06 23:56:09'),(1231,'','2015-05-06 23:56:09',0,'mehak.goyal.eee14@itbhu.ac.in','EU9J37R32Z','','',0,1,'2015-05-06 23:56:09'),(1232,'','2015-05-06 23:56:09',0,'muneeb.ahmed.eee14@itbhu.ac.in','XDLXQWWD7D','','',0,1,'2015-05-06 23:56:09'),(1233,'','2015-05-06 23:56:09',0,'shubham.sgarag.eee14@itbhu.ac.in','QA0Q0GB60F','','',0,1,'2015-05-06 23:56:09'),(1234,'','2015-05-06 23:56:09',0,'akhilesh.pareek.eee14@itbhu.ac.in','2BBJ42DOMJ','','',0,1,'2015-05-06 23:56:09'),(1235,'','2015-05-06 23:56:09',0,'gaurav.sachdeva.eee14@itbhu.ac.in','FWTHRT1M2R','','',0,1,'2015-05-06 23:56:09'),(1236,'','2015-05-06 23:56:09',0,'gagan.krshukla.eee14@itbhu.ac.in','7YGHQ72B92','','',0,1,'2015-05-06 23:56:09'),(1237,'','2015-05-06 23:56:09',0,'sarpit.sshankar.eee14@itbhu.ac.in','Y5NWA8RTQX','','',0,1,'2015-05-06 23:56:09'),(1238,'','2015-05-06 23:56:09',0,'abhinandan.ojha.eee14@itbhu.ac.in','HTWWAF4TAY','','',0,1,'2015-05-06 23:56:09'),(1239,'','2015-05-06 23:56:09',0,'prateek.negi.eee14@itbhu.ac.in','0UHPYAJZ4X','','',0,1,'2015-05-06 23:56:09'),(1240,'','2015-05-06 23:56:09',0,'ankit.ankit.eee14@itbhu.ac.in','QANV9JJUJN','','',0,1,'2015-05-06 23:56:09'),(1241,'','2015-05-06 23:56:09',0,'yash.saraf.eee14@itbhu.ac.in','HI6D1DRDVP','','',0,1,'2015-05-06 23:56:09'),(1242,'','2015-05-06 23:56:09',0,'raveena.meena.eee14@itbhu.ac.in','427004ZPX3','','',0,1,'2015-05-06 23:56:09'),(1243,'','2015-05-06 23:56:10',0,'bikash.prasad.eee14@itbhu.ac.in','9RSKVHIAN3','','',0,1,'2015-05-06 23:56:10'),(1244,'','2015-05-06 23:56:10',0,'rahul.pawar.eee14@itbhu.ac.in','P840Z8WEXR','','',0,1,'2015-05-06 23:56:10'),(1245,'','2015-05-06 23:56:10',0,'thari.sankar.eee14@itbhu.ac.in','MIQ808P4S4','','',0,1,'2015-05-06 23:56:10'),(1246,'','2015-05-06 23:56:10',0,'aniket.gupta.eee14@itbhu.ac.in','0Z06UQN1N1','','',0,1,'2015-05-06 23:56:10'),(1247,'','2015-05-06 23:56:10',0,'dkr.meena.eee14@itbhu.ac.in','WSJ2LTODT9','','',0,1,'2015-05-06 23:56:10'),(1248,'','2015-05-06 23:56:10',0,'kumar.yash.eee14@itbhu.ac.in','ZLE9EKZ8RF','','',0,1,'2015-05-06 23:56:10'),(1249,'','2015-05-06 23:56:10',0,'prachi.singhal.eee14@itbhu.ac.in','Y6Z0A4AWPW','','',0,1,'2015-05-06 23:56:10'),(1250,'','2015-05-06 23:56:10',0,'deepak.meena.eee14@itbhu.ac.in','XZ6LOIQF7F','','',0,1,'2015-05-06 23:56:10'),(1251,'','2015-05-06 23:56:10',0,'prince.verma.eee14@itbhu.ac.in','D8LNEM7LCB','','',0,1,'2015-05-06 23:56:10'),(1252,'','2015-05-06 23:56:10',0,'prashant.sharma.eee14@itbhu.ac.in','BTVDJ3RC0Z','','',0,1,'2015-05-06 23:56:10'),(1253,'','2015-05-06 23:56:10',0,'atrey.dad.eee14@itbhu.ac.in','M59TK3BZ52','','',0,1,'2015-05-06 23:56:10'),(1254,'','2015-05-06 23:56:10',0,'sanket.singh.eee14@itbhu.ac.in','LIKYM1EUJ8','','',0,1,'2015-05-06 23:56:10'),(1255,'','2015-05-06 23:56:10',0,'ankit.muwal.eee14@itbhu.ac.in','DR2L1YBR4H','','',0,1,'2015-05-06 23:56:10'),(1256,'','2015-05-06 23:56:10',0,'ksairam.satwik.eee14@itbhu.ac.in','ZI1Y2JOBES','','',0,1,'2015-05-06 23:56:10'),(1257,'','2015-05-06 23:56:10',0,'chandan.kumar.eee14@itbhu.ac.in','2AYZPPL5I9','','',0,1,'2015-05-06 23:56:10'),(1258,'','2015-05-06 23:56:10',0,'ujjawal.narayan.eee14@itbhu.ac.in','DOOU9J674C','','',0,1,'2015-05-06 23:56:10'),(1259,'','2015-05-06 23:56:10',0,'bharat.didwania.eee14@itbhu.ac.in','DEFO1XXES8','','',0,1,'2015-05-06 23:56:10'),(1260,'','2015-05-06 23:56:10',0,'sandeep.meena.eee14@itbhu.ac.in','V478EWCCIM','','',0,1,'2015-05-06 23:56:10'),(1261,'','2015-05-06 23:56:10',0,'jagjot.singh.eee14@itbhu.ac.in','GPEU2WEITQ','','',0,1,'2015-05-06 23:56:10'),(1262,'','2015-05-06 23:56:10',0,'rohan.jain.eee14@itbhu.ac.in','QJ9A5WAJ2K','','',0,1,'2015-05-06 23:56:10'),(1263,'','2015-05-06 23:56:10',0,'mejariamol@gmail.com','BYENVPHOQ0','','',0,1,'2015-05-06 23:56:10'),(1264,'','2015-05-06 23:56:10',0,'tarunandra.singh.eee14@itbhu.ac.in','PQXALESF61','','',0,1,'2015-05-06 23:56:10'),(1265,'','2015-05-06 23:56:10',0,'vaibhav.mishra.eee14@itbhu.ac.in','WANL00LJ71','','',0,1,'2015-05-06 23:56:10'),(1266,'','2015-05-06 23:56:10',0,'sudhanshu.bhushan.eee14@itbhu.ac.in','SPB87NE9VQ','','',0,1,'2015-05-06 23:56:10'),(1267,'','2015-05-06 23:56:10',0,'rishabh.jain.eee14@itbhu.ac.in','QABP03F9YN','','',0,1,'2015-05-06 23:56:10'),(1268,'','2015-05-06 23:56:10',0,'sudhanshu.sharma.eee14@itbhu.ac.in','QY8M4LS76D','','',0,1,'2015-05-06 23:56:10'),(1269,'','2015-05-06 23:56:10',0,'pinkesh.narsinghani.eee14@itbhu.ac.in','OXPRW93K7H','','',0,1,'2015-05-06 23:56:10'),(1270,'','2015-05-06 23:56:10',0,'amit.kbind.eee14@itbhu.ac.in','D144D65PKY','','',0,1,'2015-05-06 23:56:10'),(1271,'','2015-05-06 23:56:10',0,'ronak.garg.eee14@itbhu.ac.in','KDQJG8DNTC','','',0,1,'2015-05-06 23:56:10'),(1272,'','2015-05-06 23:56:10',0,'naman.ssoni.eee14@itbhu.ac.in','U1XNU7BP35','','',0,1,'2015-05-06 23:56:10'),(1273,'','2015-05-06 23:56:11',0,'prabodh.sharma.eee14@itbhu.ac.in','XDBHSPYST7','','',0,1,'2015-05-06 23:56:11'),(1274,'','2015-05-06 23:56:11',0,'chinnala.nishith.eee14@itbhu.ac.in','XNGR78N4M7','','',0,1,'2015-05-06 23:56:11'),(1275,'','2015-05-06 23:56:11',0,'ankita.dixit.eee14@itbhu.ac.in','J2B58IB6U7','','',0,1,'2015-05-06 23:56:11'),(1276,'','2015-05-06 23:56:11',0,'shitanshu.student.eee14@itbhu.ac.in','WHYM3ZMUE9','','',0,1,'2015-05-06 23:56:11'),(1277,'','2015-05-06 23:56:11',0,'preetosh.chandraj.eee14@itbhu.ac.in','VFB8UAU79A','','',0,1,'2015-05-06 23:56:11'),(1278,'','2015-05-06 23:56:11',0,'aditya.ghuge.eee14@itbhu.ac.in','D6DCOSXJ0D','','',0,1,'2015-05-06 23:56:11'),(1279,'','2015-05-06 23:56:11',0,'neeraj.paliwal.eee14@itbhu.ac.in','X4LSL07K9I','','',0,1,'2015-05-06 23:56:11'),(1280,'','2015-05-06 23:56:11',0,'ankita.ankita.eee14@itbhu.ac.in','S6QR1R1XP9','','',0,1,'2015-05-06 23:56:11'),(1281,'','2015-05-06 23:56:11',0,'prasanjan.mitra.eee14@itbhu.ac.in','WRS97FV098','','',0,1,'2015-05-06 23:56:11'),(1282,'','2015-05-06 23:56:11',0,'raman.sheokand.eee14@itbhu.ac.in','NF9CJPC5QU','','',0,1,'2015-05-06 23:56:11'),(1283,'','2015-05-06 23:56:11',0,'kinshuk.yadav.ece14@itbhu.ac.in','6EBC2HXADO','','',0,1,'2015-05-06 23:56:11'),(1284,'','2015-05-06 23:56:11',0,'kinshuk.gupta.ece14@itbhu.ac.in','EEFRTJ5TUX','','',0,1,'2015-05-06 23:56:11'),(1285,'','2015-05-06 23:56:11',0,'kalluri.avinash.ece14@itbhu.ac.in','7ZCF3LQX31','','',0,1,'2015-05-06 23:56:11'),(1286,'','2015-05-06 23:56:11',0,'ranjit.kumar.ece14@itbhu.ac.in','VJGJTD9P33','','',0,1,'2015-05-06 23:56:11'),(1287,'','2015-05-06 23:56:11',0,'rohit.sharma.ece14@itbhu.ac.in','8YLEH5Q8R0','','',0,1,'2015-05-06 23:56:11'),(1288,'','2015-05-06 23:56:11',0,'b.maneedhar.ece14@itbhu.ac.in','W2WCNZ21VS','','',0,1,'2015-05-06 23:56:11'),(1289,'','2015-05-06 23:56:11',0,'shreeishita.student.ece14@itbhu.ac.in','90KD9D41XN','','',0,1,'2015-05-06 23:56:11'),(1290,'','2015-05-06 23:56:11',0,'sumit.bhat.ece14@itbhu.ac.in','GLQ80P6RC1','','',0,1,'2015-05-06 23:56:11'),(1291,'','2015-05-06 23:56:11',0,'pratyush.menawat.ece14@itbhu.ac.in','QT0KQ3OSKJ','','',0,1,'2015-05-06 23:56:11'),(1292,'','2015-05-06 23:56:11',0,'yash.gupta.ece14@itbhu.ac.in','OEZA0E8DEN','','',0,1,'2015-05-06 23:56:11'),(1293,'','2015-05-06 23:56:11',0,'shivam.shekhar.ece14@itbhu.ac.in','2KT7FNE2H0','','',0,1,'2015-05-06 23:56:11'),(1294,'','2015-05-06 23:56:11',0,'vedprakash.meena.ece14@itbhu.ac.in','6F0NJ3NA7Z','','',0,1,'2015-05-06 23:56:11'),(1295,'','2015-05-06 23:56:11',0,'prateek.student.ece14@itbhu.ac.in','69XO53XXWX','','',0,1,'2015-05-06 23:56:11'),(1296,'','2015-05-06 23:56:11',0,'rishabh.khandelwal.ece14@itbhu.ac.in','HCC8TFJHKB','','',0,1,'2015-05-06 23:56:11'),(1297,'','2015-05-06 23:56:11',0,'lalitkr.meena.ece14@itbhu.ac.in','97XARMKBQS','','',0,1,'2015-05-06 23:56:11'),(1298,'','2015-05-06 23:56:11',0,'amit.kumar.ece14@itbhu.ac.in','XUVYJI4KUT','','',0,1,'2015-05-06 23:56:11'),(1299,'','2015-05-06 23:56:11',0,'anujkr.agrawal.ece14@itbhu.ac.in','KSYMFR6HYD','','',0,1,'2015-05-06 23:56:11'),(1300,'','2015-05-06 23:56:12',0,'prashant.kumar.ece14@itbhu.ac.in','5L3ZDYN6WL','','',0,1,'2015-05-06 23:56:12'),(1301,'','2015-05-06 23:56:12',0,'shubham.chaudhary.ece14@itbhu.ac.in','4BFU27B33N','','',0,1,'2015-05-06 23:56:12'),(1302,'','2015-05-06 23:56:12',0,'arjit.tiwari.ece14@itbhu.ac.in','PLR2QH7B9U','','',0,1,'2015-05-06 23:56:12'),(1303,'','2015-05-06 23:56:12',0,'rajkumar.meena.ece14@itbhu.ac.in','O4YQWUL7OZ','','',0,1,'2015-05-06 23:56:12'),(1304,'','2015-05-06 23:56:12',0,'pratik.biswas.ece14@itbhu.ac.in','AHLW28JXAV','','',0,1,'2015-05-06 23:56:12'),(1305,'','2015-05-06 23:56:12',0,'chetan.goyal.ece14@itbhu.ac.in','RE9CGES5CW','','',0,1,'2015-05-06 23:56:12'),(1306,'','2015-05-06 23:56:12',0,'arunish.kumar.ece14@itbhu.ac.in','C9MQ69WZBO','','',0,1,'2015-05-06 23:56:12'),(1307,'','2015-05-06 23:56:12',0,'chitranjan.singh.ece14@itbhu.ac.in','KJAVDGVA9O','','',0,1,'2015-05-06 23:56:12'),(1308,'','2015-05-06 23:56:12',0,'saurabh.suman.ece14@itbhu.ac.in','6TSHWUTIK8','','',0,1,'2015-05-06 23:56:12'),(1309,'','2015-05-06 23:56:12',0,'nvishnu.teja.ece14@itbhu.ac.in','7WPY3Q75MX','','',0,1,'2015-05-06 23:56:12'),(1310,'','2015-05-06 23:56:12',0,'hashok.gugale.ece14@itbhu.ac.in','BQEO8KPQEL','','',0,1,'2015-05-06 23:56:12'),(1311,'','2015-05-06 23:56:12',0,'esanil.dileep.ece14@itbhu.ac.in','SE2121KVL0','','',0,1,'2015-05-06 23:56:12'),(1312,'','2015-05-06 23:56:12',0,'swapnil.neema.ece14@itbhu.ac.in','RLU83K4P0E','','',0,1,'2015-05-06 23:56:12'),(1313,'','2015-05-06 23:56:12',0,'vilvanesh.k.ece14@itbhu.ac.in','RTPDWHJLKD','','',0,1,'2015-05-06 23:56:12'),(1314,'','2015-05-06 23:56:12',0,'sanket.mahajan.ece14@itbhu.ac.in','OP2BNEXUF8','','',0,1,'2015-05-06 23:56:12'),(1315,'','2015-05-06 23:56:12',0,'abhilash.a.ece14@itbhu.ac.in','Y5353SKVDS','','',0,1,'2015-05-06 23:56:12'),(1316,'','2015-05-06 23:56:12',0,'sahil.bansal.ece14@itbhu.ac.in','3O3NB04XMY','','',0,1,'2015-05-06 23:56:12'),(1317,'','2015-05-06 23:56:12',0,'priyesh.rathore.ece14@itbhu.ac.in','Q840U8PNFL','','',0,1,'2015-05-06 23:56:12'),(1318,'','2015-05-06 23:56:12',0,'alankrit.dixit.ece14@itbhu.ac.in','JP8FAHHNPQ','','',0,1,'2015-05-06 23:56:12'),(1319,'','2015-05-06 23:56:12',0,'pooja.singh.ece14@itbhu.ac.in','362X6Y97ZF','','',0,1,'2015-05-06 23:56:12'),(1320,'','2015-05-06 23:56:12',0,'rajasvi.vinayak.ece14@itbhu.ac.in','XUQHYB4S2W','','',0,1,'2015-05-06 23:56:12'),(1321,'','2015-05-06 23:56:12',0,'naman.sharma.ece14@itbhu.ac.in','RO9U2J90H8','','',0,1,'2015-05-06 23:56:12'),(1322,'','2015-05-06 23:56:12',0,'shivam.agarwal.ece14@itbhu.ac.in','6H59X4ZKSG','','',0,1,'2015-05-06 23:56:12'),(1323,'','2015-05-06 23:56:12',0,'nishant.kumar.ece14@itbhu.ac.in','96M5YZHV85','','',0,1,'2015-05-06 23:56:12'),(1324,'','2015-05-06 23:56:12',0,'shubham.bansal.ece14@itbhu.ac.in','VROX96J3QM','','',0,1,'2015-05-06 23:56:12'),(1325,'','2015-05-06 23:56:12',0,'rahul.yadav.ece14@itbhu.ac.in','UFCOZ5LFQC','','',0,1,'2015-05-06 23:56:12'),(1326,'','2015-05-06 23:56:12',0,'smit.paragbhai.ece14@itbhu.ac.in','PQMCZP8BUF','','',0,1,'2015-05-06 23:56:12'),(1327,'','2015-05-06 23:56:13',0,'shubham.patel.ece14@itbhu.ac.in','Q7Y4PP3EAF','','',0,1,'2015-05-06 23:56:13'),(1328,'','2015-05-06 23:56:13',0,'praharsh.ivaturi.ece14@itbhu.ac.in','TTGGJLGT83','','',0,1,'2015-05-06 23:56:13'),(1329,'','2015-05-06 23:56:13',0,'kmani.sankar.ece14@itbhu.ac.in','GJWDZOSDX8','','',0,1,'2015-05-06 23:56:13'),(1330,'','2015-05-06 23:56:13',0,'ravi.ravi.ece14@itbhu.ac.in','UAU2HJA88I','','',0,1,'2015-05-06 23:56:13'),(1331,'','2015-05-06 23:56:13',0,'vikas.shukla.ece14@itbhu.ac.in','T1ZVWJGOHC','','',0,1,'2015-05-06 23:56:13'),(1332,'','2015-05-06 23:56:13',0,'triptesh.mallick.ece14@itbhu.ac.in','KHDW75K8Q9','','',0,1,'2015-05-06 23:56:13'),(1333,'','2015-05-06 23:56:13',0,'vandit.chauhan.ece14@itbhu.ac.in','DMLYLQIF9N','','',0,1,'2015-05-06 23:56:13'),(1334,'','2015-05-06 23:56:13',0,'navdeep.n.ece14@itbhu.ac.in','TAO5AP58SC','','',0,1,'2015-05-06 23:56:13'),(1335,'','2015-05-06 23:56:13',0,'kshitij.jolly.ece14@itbhu.ac.in','ZYMI2SF4PK','','',0,1,'2015-05-06 23:56:13'),(1336,'','2015-05-06 23:56:13',0,'nitin.gera.ece14@itbhu.ac.in','3CB75KLIUY','','',0,1,'2015-05-06 23:56:13'),(1337,'','2015-05-06 23:56:13',0,'maitreya.dange.ece14@itbhu.ac.in','7WRGCQPG6U','','',0,1,'2015-05-06 23:56:13'),(1338,'','2015-05-06 23:56:13',0,'sandeep.agarwal.ece14@itbhu.ac.in','YPKIZW6FM6','','',0,1,'2015-05-06 23:56:13'),(1339,'','2015-05-06 23:56:13',0,'abhimanyu.gupta.ece14@itbhu.ac.in','B4FHPL0690','','',0,1,'2015-05-06 23:56:13'),(1340,'','2015-05-06 23:56:13',0,'shubham.gawle.ece14@itbhu.ac.in','V80W00WKAH','','',0,1,'2015-05-06 23:56:13'),(1341,'','2015-05-06 23:56:13',0,'mayank.garg.ece14@itbhu.ac.in','KJFY36V2N7','','',0,1,'2015-05-06 23:56:13'),(1342,'','2015-05-06 23:56:13',0,'mehul.jain.ece14@itbhu.ac.in','C6WYT8G3I1','','',0,1,'2015-05-06 23:56:13'),(1343,'','2015-05-06 23:56:13',0,'isha.agarwal.ece14@itbhu.ac.in','PIO8U3LI4Q','','',0,1,'2015-05-06 23:56:13'),(1344,'','2015-05-06 23:56:13',0,'nanurag.vardhan.ece14@itbhu.ac.in','P03OHC1KTU','','',0,1,'2015-05-06 23:56:13'),(1345,'','2015-05-06 23:56:13',0,'ankitkr.mishra.ece14@itbhu.ac.in','7TJ8J6ETK2','','',0,1,'2015-05-06 23:56:13'),(1346,'','2015-05-06 23:56:13',0,'amod.hegde.ece14@itbhu.ac.in','EIQM2IPU9L','','',0,1,'2015-05-06 23:56:13'),(1347,'','2015-05-06 23:56:13',0,'shubhankar.das.ece14@itbhu.ac.in','EPKK3I8YAH','','',0,1,'2015-05-06 23:56:13'),(1348,'','2015-05-06 23:56:13',0,'smriti.bhardwaj.ece14@itbhu.ac.in','YQFWLNVKX0','','',0,1,'2015-05-06 23:56:13'),(1349,'','2015-05-06 23:56:13',0,'swaraj.krmohanty.ece14@itbhu.ac.in','FX90GDGC6R','','',0,1,'2015-05-06 23:56:13'),(1350,'','2015-05-06 23:56:13',0,'spranay.teja.ece14@itbhu.ac.in','NDKGU2T1WJ','','',0,1,'2015-05-06 23:56:13'),(1351,'','2015-05-06 23:56:13',0,'sanskriti.somani.ece14@itbhu.ac.in','R5DAAR9OFP','','',0,1,'2015-05-06 23:56:13'),(1352,'','2015-05-06 23:56:13',0,'omkumar.sahoo.ece14@itbhu.ac.in','8FY95N5L6R','','',0,1,'2015-05-06 23:56:13'),(1353,'','2015-05-06 23:56:13',0,'sachinkr.shaw.ece14@itbhu.ac.in','H2KTH50LUE','','',0,1,'2015-05-06 23:56:13'),(1354,'','2015-05-06 23:56:14',0,'aman.soni.ece14@itbhu.ac.in','7XMNUZQ3WJ','','',0,1,'2015-05-06 23:56:14'),(1355,'','2015-05-06 23:56:14',0,'devans.gupta.ece14@itbhu.ac.in','JM98FJ4T21','','',0,1,'2015-05-06 23:56:14'),(1356,'','2015-05-06 23:56:14',0,'ndeepu.vardhan.ece14@itbhu.ac.in','CMWYH98CFL','','',0,1,'2015-05-06 23:56:14'),(1357,'','2015-05-06 23:56:14',0,'harshit.agrawal.ece14@itbhu.ac.in','UA4JPWEVWK','','',0,1,'2015-05-06 23:56:14'),(1358,'','2015-05-06 23:56:14',0,'rohit.rohit.ece14@itbhu.ac.in','VDE5S3S979','','',0,1,'2015-05-06 23:56:14'),(1359,'','2015-05-06 23:56:14',0,'glenin.kumar.ece14@itbhu.ac.in','02CS9EPP9E','','',0,1,'2015-05-06 23:56:14'),(1360,'','2015-05-06 23:56:14',0,'ashish.psingh.ece14@itbhu.ac.in','1GH7Y9AUF2','','',0,1,'2015-05-06 23:56:14'),(1361,'','2015-05-06 23:56:14',0,'rishabh.jain.ece14@itbhu.ac.in','KRD7QT6M9T','','',0,1,'2015-05-06 23:56:14'),(1362,'','2015-05-06 23:56:14',0,'rahul.das.ece14@itbhu.ac.in','78U7LPUA6S','','',0,1,'2015-05-06 23:56:14'),(1363,'','2015-05-06 23:56:14',0,'shubham.madhesia.mec14@itbhu.ac.in','E4KFN2LF24','','',0,1,'2015-05-06 23:56:14'),(1364,'','2015-05-06 23:56:14',0,'aman.krgiri.mec14@itbhu.ac.in','8JT7W8APXL','','',0,1,'2015-05-06 23:56:14'),(1365,'','2015-05-06 23:56:14',0,'bhoorsingh.meena.mec14@itbhu.ac.in','KSIEM2CD5R','','',0,1,'2015-05-06 23:56:14'),(1366,'','2015-05-06 23:56:14',0,'nadiminti.naveen.mec14@itbhu.ac.in','QUPX4WFPID','','',0,1,'2015-05-06 23:56:14'),(1367,'','2015-05-06 23:56:14',0,'subrato.chakravorty.mec14@itbhu.ac.in','O0EBQUUBMW','','',0,1,'2015-05-06 23:56:14'),(1368,'','2015-05-06 23:56:14',0,'lalitk.meena.mec14@itbhu.ac.in','XZBY3LZWPI','','',0,1,'2015-05-06 23:56:14'),(1369,'','2015-05-06 23:56:14',0,'mohit.mohit.mec14@itbhu.ac.in','73ZL29V4T6','','',0,1,'2015-05-06 23:56:14'),(1370,'','2015-05-06 23:56:14',0,'rohit.goyal.mec14@itbhu.ac.in','UX6OF1LQS0','','',0,1,'2015-05-06 23:56:14'),(1371,'','2015-05-06 23:56:14',0,'shubham.negi.mec14@itbhu.ac.in','LUUGY2DHTN','','',0,1,'2015-05-06 23:56:14'),(1372,'','2015-05-06 23:56:14',0,'vivekkr.saini.mec14@itbhu.ac.in','TYF4FPW61K','','',0,1,'2015-05-06 23:56:14'),(1373,'','2015-05-06 23:56:14',0,'ashutosh.ppandey.mec14@itbhu.ac.in','Z7F5FXPNP7','','',0,1,'2015-05-06 23:56:14'),(1374,'','2015-05-06 23:56:14',0,'sataha.smeena.mec14@itbhu.ac.in','P17S49PRK0','','',0,1,'2015-05-06 23:56:14'),(1375,'','2015-05-06 23:56:14',0,'mtejas.vijaybhai.mec14@itbhu.ac.in','3TXX94NU31','','',0,1,'2015-05-06 23:56:14'),(1376,'','2015-05-06 23:56:14',0,'arihant.jain.mec14@itbhu.ac.in','SK1V78M1AM','','',0,1,'2015-05-06 23:56:14'),(1377,'','2015-05-06 23:56:14',0,'pavan.kr.mec14@itbhu.ac.in','87ESQ9SQZG','','',0,1,'2015-05-06 23:56:14'),(1378,'','2015-05-06 23:56:14',0,'upender.phogat.mec14@itbhu.ac.in','WN3CEF0WHR','','',0,1,'2015-05-06 23:56:14'),(1379,'','2015-05-06 23:56:14',0,'yendru.pkumar.mec14@itbhu.ac.in','PJ0ON8Q30F','','',0,1,'2015-05-06 23:56:14'),(1380,'','2015-05-06 23:56:14',0,'rajendra.meena.mec14@itbhu.ac.in','1QHXBPSN4W','','',0,1,'2015-05-06 23:56:14'),(1381,'','2015-05-06 23:56:15',0,'anantk.singh.mec14@itbhu.ac.in','NTOQ9WKF1Z','','',0,1,'2015-05-06 23:56:15'),(1382,'','2015-05-06 23:56:15',0,'palakurthy.pranu.mec14@itbhu.ac.in','OL1NY7WVLG','','',0,1,'2015-05-06 23:56:15'),(1383,'','2015-05-06 23:56:15',0,'kamal.smanki.mec14@itbhu.ac.in','43HZSJ90YQ','','',0,1,'2015-05-06 23:56:15'),(1384,'','2015-05-06 23:56:15',0,'bintu.choudhary.mec14@itbhu.ac.in','8RW2UDKEIZ','','',0,1,'2015-05-06 23:56:15'),(1385,'','2015-05-06 23:56:15',0,'aniket.sahoo.mec14@itbhu.ac.in','F0OXO41NR5','','',0,1,'2015-05-06 23:56:15'),(1386,'','2015-05-06 23:56:15',0,'ravi.krmeena.mec14@itbhu.ac.in','ED6XRWCGMT','','',0,1,'2015-05-06 23:56:15'),(1387,'','2015-05-06 23:56:15',0,'krajat.avadhut.mec14@itbhu.ac.in','ZVW4WKHY4R','','',0,1,'2015-05-06 23:56:15'),(1388,'','2015-05-06 23:56:15',0,'ravi.ranjan.mec14@itbhu.ac.in','AFOT6IRWAS','','',0,1,'2015-05-06 23:56:15'),(1389,'','2015-05-06 23:56:15',0,'ashish.chhabra.mec14@itbhu.ac.in','KXO5C679I5','','',0,1,'2015-05-06 23:56:15'),(1390,'','2015-05-06 23:56:15',0,'tparth.paresh.mec14@itbhu.ac.in','9AOY62OV9C','','',0,1,'2015-05-06 23:56:15'),(1391,'','2015-05-06 23:56:15',0,'nitish.kumar.mec14@itbhu.ac.in','R4XDS7ZQOZ','','',0,1,'2015-05-06 23:56:15'),(1392,'','2015-05-06 23:56:15',0,'skethan.srivathsava.mec14@itbhu.ac.in','IO0WDPX83P','','',0,1,'2015-05-06 23:56:15'),(1393,'','2015-05-06 23:56:15',0,'anil.nishad.mec14@itbhu.ac.in','C0KLH21UX3','','',0,1,'2015-05-06 23:56:15'),(1394,'','2015-05-06 23:56:15',0,'garvit.varshney.mec14@itbhu.ac.in','4R3C663U9Y','','',0,1,'2015-05-06 23:56:15'),(1395,'','2015-05-06 23:56:15',0,'narendra.kumar.mec14@itbhu.ac.in','P4J6VUKEAE','','',0,1,'2015-05-06 23:56:15'),(1396,'','2015-05-06 23:56:15',0,'ashish.roongta.mec14@itbhu.ac.in','5MB9JIW878','','',0,1,'2015-05-06 23:56:15'),(1397,'','2015-05-06 23:56:15',0,'amit.patil.mec14@itbhu.ac.in','VOSEHKEVA1','','',0,1,'2015-05-06 23:56:15'),(1398,'','2015-05-06 23:56:15',0,'kartik.chaturvedi.mec14@itbhu.ac.in','LBXERCO0G9','','',0,1,'2015-05-06 23:56:15'),(1399,'','2015-05-06 23:56:15',0,'orish.jindal.mec14@itbhu.ac.in','I2TBO51Z9D','','',0,1,'2015-05-06 23:56:15'),(1400,'','2015-05-06 23:56:15',0,'shubham.kumar.mec14@itbhu.ac.in','IVO6WTHCSR','','',0,1,'2015-05-06 23:56:15'),(1401,'','2015-05-06 23:56:15',0,'mayank.kabra.mec14@itbhu.ac.in','MUHXNAV8T1','','',0,1,'2015-05-06 23:56:15'),(1402,'','2015-05-06 23:56:15',0,'anoopkr.pandey.mec14@itbhu.ac.in','1HHZQF3ZE0','','',0,1,'2015-05-06 23:56:15'),(1403,'','2015-05-06 23:56:15',0,'utkarsh.vasu.mec14@itbhu.ac.in','0GR8H8GON1','','',0,1,'2015-05-06 23:56:15'),(1404,'','2015-05-06 23:56:15',0,'shubham.khatri.mec14@itbhu.ac.in','DJL1NO03MS','','',0,1,'2015-05-06 23:56:15'),(1405,'','2015-05-06 23:56:15',0,'dyash.subhash.mec14@itbhu.ac.in','COSIMO6DTZ','','',0,1,'2015-05-06 23:56:15'),(1406,'','2015-05-06 23:56:15',0,'pranay.asolla.mec14@itbhu.ac.in','EM2WKBBG0K','','',0,1,'2015-05-06 23:56:15'),(1407,'','2015-05-06 23:56:15',0,'manish.krsingh.mec14@itbhu.ac.in','0Z6V0UCJFE','','',0,1,'2015-05-06 23:56:15'),(1408,'','2015-05-06 23:56:15',0,'shubh.agnihotri.mec14@itbhu.ac.in','R03NYKFXRF','','',0,1,'2015-05-06 23:56:15'),(1409,'','2015-05-06 23:56:15',0,'sumitkr.mondal.mec14@itbhu.ac.in','FDCCI6ROM9','','',0,1,'2015-05-06 23:56:15'),(1410,'','2015-05-06 23:56:16',0,'akash.krnigam.mec14@itbhu.ac.in','IJCY3N3GMO','','',0,1,'2015-05-06 23:56:16'),(1411,'','2015-05-06 23:56:16',0,'rajat.singhvi.mec14@itbhu.ac.in','H1SZLVLJNH','','',0,1,'2015-05-06 23:56:16'),(1412,'','2015-05-06 23:56:16',0,'akshaykr.singh.mec14@itbhu.ac.in','5ELB0LJNFB','','',0,1,'2015-05-06 23:56:16'),(1413,'','2015-05-06 23:56:16',0,'nikhil.thakur.mec14@itbhu.ac.in','76ZN2FUR1A','','',0,1,'2015-05-06 23:56:16'),(1414,'','2015-05-06 23:56:16',0,'nvnaga.kishore.mec14@itbhu.ac.in','KRX0NQ1MJ3','','',0,1,'2015-05-06 23:56:16'),(1415,'','2015-05-06 23:56:16',0,'nipen.bala.mec14@itbhu.ac.in','FL60L7CUN9','','',0,1,'2015-05-06 23:56:16'),(1416,'','2015-05-06 23:56:16',0,'deep.gupta.mec14@itbhu.ac.in','NWFTT6SKOL','','',0,1,'2015-05-06 23:56:16'),(1417,'','2015-05-06 23:56:16',0,'talluri.madhu.mec14@itbhu.ac.in','FKYFOEKYNT','','',0,1,'2015-05-06 23:56:16'),(1418,'','2015-05-06 23:56:16',0,'knava.tej.mec14@itbhu.ac.in','VZSV3L6GJ7','','',0,1,'2015-05-06 23:56:16'),(1419,'','2015-05-06 23:56:16',0,'bharat.pokharna.mec14@itbhu.ac.in','BGWJ3ZBCCK','','',0,1,'2015-05-06 23:56:16'),(1420,'','2015-05-06 23:56:16',0,'nikhil.vagarwal.mec14@itbhu.ac.in','707E11ETXH','','',0,1,'2015-05-06 23:56:16'),(1421,'','2015-05-06 23:56:16',0,'himanshu.solanki.mec14@itbhu.ac.in','2L4TSTNOX3','','',0,1,'2015-05-06 23:56:16'),(1422,'','2015-05-06 23:56:16',0,'devalla.skusulu.mec14@itbhu.ac.in','F518TV7IN6','','',0,1,'2015-05-06 23:56:16'),(1423,'','2015-05-06 23:56:16',0,'suyash.agarwal.mec14@itbhu.ac.in','XULYVR4X23','','',0,1,'2015-05-06 23:56:16'),(1424,'','2015-05-06 23:56:16',0,'rajesh.dandge.mec14@itbhu.ac.in','UMKYQFY1B5','','',0,1,'2015-05-06 23:56:16'),(1425,'','2015-05-06 23:56:16',0,'udit.srivastava.mec14@itbhu.ac.in','JFMCAU807N','','',0,1,'2015-05-06 23:56:16'),(1426,'','2015-05-06 23:56:16',0,'suraj.panigrahi.mec14@itbhu.ac.in','MNK0FAQY9M','','',0,1,'2015-05-06 23:56:16'),(1427,'','2015-05-06 23:56:16',0,'paditya.nandkishore.mec14@itbhu.ac.in','YXRMNK7X55','','',0,1,'2015-05-06 23:56:16'),(1428,'','2015-05-06 23:56:16',0,'karan.choudhary.mec14@itbhu.ac.in','6E8YFQEYHN','','',0,1,'2015-05-06 23:56:16'),(1429,'','2015-05-06 23:56:16',0,'harshit.gupta.mec14@itbhu.ac.in','ZG2KQJKUDQ','','',0,1,'2015-05-06 23:56:16'),(1430,'','2015-05-06 23:56:16',0,'shubham.verma.mec14@itbhu.ac.in','4SJ1N4ZIMH','','',0,1,'2015-05-06 23:56:16'),(1431,'','2015-05-06 23:56:16',0,'pawan.kumar.mec14@itbhu.ac.in','O8043MAS2E','','',0,1,'2015-05-06 23:56:16'),(1432,'','2015-05-06 23:56:16',0,'aman.kumar.mec14@itbhu.ac.in','8ZJ3B5DP8G','','',0,1,'2015-05-06 23:56:16'),(1433,'','2015-05-06 23:56:16',0,'ashish.ashish.mec14@itbhu.ac.in','TSD4FMA5IE','','',0,1,'2015-05-06 23:56:16'),(1434,'','2015-05-06 23:56:16',0,'abhijeet.yadav.mec14@itbhu.ac.in','HC82JGT6N3','','',0,1,'2015-05-06 23:56:16'),(1435,'','2015-05-06 23:56:16',0,'nishant.r.mec14@itbhu.ac.in','E58017HZTB','','',0,1,'2015-05-06 23:56:16'),(1436,'','2015-05-06 23:56:17',0,'divyaraj.meshram.mec14@itbhu.ac.in','QDMPXBW7RH','','',0,1,'2015-05-06 23:56:17'),(1437,'','2015-05-06 23:56:17',0,'amit.panday.mec14@itbhu.ac.in','CYDOHF9YJH','','',0,1,'2015-05-06 23:56:17'),(1438,'','2015-05-06 23:56:17',0,'vivek.chandra.mec14@itbhu.ac.in','5E2X3BDNWG','','',0,1,'2015-05-06 23:56:17'),(1439,'','2015-05-06 23:56:17',0,'kunal.kundu.mec14@itbhu.ac.in','BS5QQF746E','','',0,1,'2015-05-06 23:56:17'),(1440,'','2015-05-06 23:56:17',0,'lekkala.sashank.mec14@itbhu.ac.in','V6KXC1C10H','','',0,1,'2015-05-06 23:56:17'),(1441,'','2015-05-06 23:56:17',0,'aditya.chokhandre.mec14@itbhu.ac.in','GTC1K6AMBK','','',0,1,'2015-05-06 23:56:17'),(1442,'','2015-05-06 23:56:17',0,'mohit.yadav.mec14@itbhu.ac.in','ZOS5V9512G','','',0,1,'2015-05-06 23:56:17'),(1443,'','2015-05-06 23:56:17',0,'anurag.gupta.mec14@itbhu.ac.in','9ZGBEQSOT9','','',0,1,'2015-05-06 23:56:17'),(1444,'','2015-05-06 23:56:17',0,'himanshu.dhiran.mec14@itbhu.ac.in','O44SQ8F4PH','','',0,1,'2015-05-06 23:56:17'),(1445,'','2015-05-06 23:56:17',0,'bnikhil.mahadev.mec14@itbhu.ac.in','FBDL748W1H','','',0,1,'2015-05-06 23:56:17'),(1446,'','2015-05-06 23:56:17',0,'swati.agrawal.mec14@itbhu.ac.in','0EKJGEGNM0','','',0,1,'2015-05-06 23:56:17'),(1447,'','2015-05-06 23:56:17',0,'lovekesh.azad.mec14@itbhu.ac.in','KUWZJZVFMQ','','',0,1,'2015-05-06 23:56:17'),(1448,'','2015-05-06 23:56:17',0,'jay.prakash.mec14@itbhu.ac.in','WHOGCPFLQJ','','',0,1,'2015-05-06 23:56:17'),(1449,'','2015-05-06 23:56:17',0,'chitvan.goyal.mec14@itbhu.ac.in','0RD3R10ZV3','','',0,1,'2015-05-06 23:56:17'),(1450,'','2015-05-06 23:56:17',0,'hitesh.bikonia.mec14@itbhu.ac.in','TA912STG42','','',0,1,'2015-05-06 23:56:17'),(1451,'','2015-05-06 23:56:17',0,'neel.prakash.mec14@itbhu.ac.in','250RBGKJTY','','',0,1,'2015-05-06 23:56:17'),(1452,'','2015-05-06 23:56:17',0,'srijan.chaubey.mec14@itbhu.ac.in','ZLUWYSAWD7','','',0,1,'2015-05-06 23:56:17'),(1453,'','2015-05-06 23:56:17',0,'sgoldie.singh.mec14@itbhu.ac.in','7ULIY39VWC','','',0,1,'2015-05-06 23:56:17'),(1454,'','2015-05-06 23:56:17',0,'sanjeet.verma.mec14@itbhu.ac.in','3YS626N6B7','','',0,1,'2015-05-06 23:56:17'),(1455,'','2015-05-06 23:56:17',0,'ashish.krmishra.mec14@itbhu.ac.in','2NNK1DM289','','',0,1,'2015-05-06 23:56:17'),(1456,'','2015-05-06 23:56:17',0,'naveen.kr.mec14@itbhu.ac.in','B4K3IV48GI','','',0,1,'2015-05-06 23:56:17'),(1457,'','2015-05-06 23:56:17',0,'sohail.khan.mec14@itbhu.ac.in','RZ14FNQ6HY','','',0,1,'2015-05-06 23:56:17'),(1458,'','2015-05-06 23:56:17',0,'piyush.krgupta.mec14@itbhu.ac.in','BXB4R22W63','','',0,1,'2015-05-06 23:56:17'),(1459,'','2015-05-06 23:56:17',0,'utkarsh.khandelwal.mec14@itbhu.ac.in','1LIZ5FPLY8','','',0,1,'2015-05-06 23:56:17'),(1460,'','2015-05-06 23:56:17',0,'dvaibhav.virsingbhai.mec14@itbhu.ac.in','YRS2P3N96J','','',0,1,'2015-05-06 23:56:17'),(1461,'','2015-05-06 23:56:17',0,'sspraveen.v.min14@itbhu.ac.in','TS1S49ZPQ6','','',0,1,'2015-05-06 23:56:17'),(1462,'','2015-05-06 23:56:17',0,'abhishek.krranjan.min14@itbhu.ac.in','REWGGHPD76','','',0,1,'2015-05-06 23:56:17'),(1463,'','2015-05-06 23:56:18',0,'pinak.sharma.min14@itbhu.ac.in','UROWWI7SD0','','',0,1,'2015-05-06 23:56:18'),(1464,'','2015-05-06 23:56:18',0,'mumesh.kumar.min14@itbhu.ac.in','AR7AKRPAR1','','',0,1,'2015-05-06 23:56:18'),(1465,'','2015-05-06 23:56:18',0,'ajeyandra.kumars.min14@itbhu.ac.in','XNWH249QJO','','',0,1,'2015-05-06 23:56:18'),(1466,'','2015-05-06 23:56:18',0,'prakashkr.gupta.min14@itbhu.ac.in','COW3X1T3KO','','',0,1,'2015-05-06 23:56:18'),(1467,'','2015-05-06 23:56:18',0,'jkunal.sanjeev.min14@itbhu.ac.in','YASIQ44TSA','','',0,1,'2015-05-06 23:56:18'),(1468,'','2015-05-06 23:56:18',0,'abhishek.kjaiswal.min14@itbhu.ac.in','305M59MD7E','','',0,1,'2015-05-06 23:56:18'),(1469,'','2015-05-06 23:56:18',0,'bcsai.krishna.min14@itbhu.ac.in','A4TR9HHXAA','','',0,1,'2015-05-06 23:56:18'),(1470,'','2015-05-06 23:56:18',0,'ashish.arora.min14@itbhu.ac.in','VFJ2HBU00H','','',0,1,'2015-05-06 23:56:18'),(1471,'','2015-05-06 23:56:18',0,'m.vamshikrishna.min14@itbhu.ac.in','D3I1VS082F','','',0,1,'2015-05-06 23:56:18'),(1472,'','2015-05-06 23:56:18',0,'abhinav.anand.min14@itbhu.ac.in','1K9AX0720A','','',0,1,'2015-05-06 23:56:18'),(1473,'','2015-05-06 23:56:18',0,'vishal.student.min14@itbhu.ac.in','GJOMAFNWEO','','',0,1,'2015-05-06 23:56:18'),(1474,'','2015-05-06 23:56:18',0,'shrey.garg.min14@itbhu.ac.in','0KIXXOFFXH','','',0,1,'2015-05-06 23:56:18'),(1475,'','2015-05-06 23:56:18',0,'shashank.more.min14@itbhu.ac.in','B587UVIXRZ','','',0,1,'2015-05-06 23:56:18'),(1476,'','2015-05-06 23:56:18',0,'ravisri.hitesh.min14@itbhu.ac.in','8XMULAK5GY','','',0,1,'2015-05-06 23:56:18'),(1477,'','2015-05-06 23:56:18',0,'nasin.knishant.min14@itbhu.ac.in','P0XZAC7NWZ','','',0,1,'2015-05-06 23:56:18'),(1478,'','2015-05-06 23:56:18',0,'harshit.jain.min14@itbhu.ac.in','A0I24ZY3DB','','',0,1,'2015-05-06 23:56:18'),(1479,'','2015-05-06 23:56:18',0,'arpit.kumar.min14@itbhu.ac.in','HZV5H9BX4M','','',0,1,'2015-05-06 23:56:18'),(1480,'','2015-05-06 23:56:18',0,'paras.sipani.min14@itbhu.ac.in','W3RL1TNMRO','','',0,1,'2015-05-06 23:56:18'),(1481,'','2015-05-06 23:56:18',0,'aditya.kumar.min14@itbhu.ac.in','H650CFZ49C','','',0,1,'2015-05-06 23:56:18'),(1482,'','2015-05-06 23:56:18',0,'surya.ptiwary.min14@itbhu.ac.in','TIMSUMJ447','','',0,1,'2015-05-06 23:56:18'),(1483,'','2015-05-06 23:56:18',0,'aman.kumar.min14@itbhu.ac.in','7AKVLGJ26K','','',0,1,'2015-05-06 23:56:18'),(1484,'','2015-05-06 23:56:18',0,'rahul.kumar.min14@itbhu.ac.in','51IZ967MR7','','',0,1,'2015-05-06 23:56:18'),(1485,'','2015-05-06 23:56:18',0,'abhishek.sparihar.min14@itbhu.ac.in','5ZKBUBRU2E','','',0,1,'2015-05-06 23:56:18'),(1486,'','2015-05-06 23:56:18',0,'bsomesh.kumar.min14@itbhu.ac.in','MAD6QYQ6ZH','','',0,1,'2015-05-06 23:56:18'),(1487,'','2015-05-06 23:56:18',0,'bhognath.nayak.min14@itbhu.ac.in','VT3WHAA0HY','','',0,1,'2015-05-06 23:56:18'),(1488,'','2015-05-06 23:56:18',0,'prashant.kojha.min14@itbhu.ac.in','FJECEV4X3U','','',0,1,'2015-05-06 23:56:18'),(1489,'','2015-05-06 23:56:18',0,'anurag.bhilwad.min14@itbhu.ac.in','GUGMNR9VM0','','',0,1,'2015-05-06 23:56:18'),(1490,'','2015-05-06 23:56:18',0,'khushveer.singh.min14@itbhu.ac.in','WJ2GC83ETT','','',0,1,'2015-05-06 23:56:18'),(1491,'','2015-05-06 23:56:19',0,'jeet.parekh.min14@itbhu.ac.in','ARYWVGLQDO','','',0,1,'2015-05-06 23:56:19'),(1492,'','2015-05-06 23:56:19',0,'balbir.balbir.min14@itbhu.ac.in','C39CW2S4TS','','',0,1,'2015-05-06 23:56:19'),(1493,'','2015-05-06 23:56:19',0,'balbir.yadav.min14@itbhu.ac.in','SABE9Z92EE','','',0,1,'2015-05-06 23:56:19'),(1494,'','2015-05-06 23:56:19',0,'raja.anand.min14@itbhu.ac.in','2MK0NCU5CL','','',0,1,'2015-05-06 23:56:19'),(1495,'','2015-05-06 23:56:19',0,'paramata.suryatheja.min14@itbhu.ac.in','5ULYHOGKRE','','',0,1,'2015-05-06 23:56:19'),(1496,'','2015-05-06 23:56:19',0,'suraj.sain.min14@itbhu.ac.in','6SOE7EK5CG','','',0,1,'2015-05-06 23:56:19'),(1497,'','2015-05-06 23:56:19',0,'pallav.csahu.min14@itbhu.ac.in','NUR85J93HH','','',0,1,'2015-05-06 23:56:19'),(1498,'','2015-05-06 23:56:19',0,'mahesh.kr.min14@itbhu.ac.in','PR3IYAEW6C','','',0,1,'2015-05-06 23:56:19'),(1499,'','2015-05-06 23:56:19',0,'sandeep.yadav.min14@itbhu.ac.in','LX9G8QHCAO','','',0,1,'2015-05-06 23:56:19'),(1500,'','2015-05-06 23:56:19',0,'ayush.agrawal.min14@itbhu.ac.in','EVUKTO85LF','','',0,1,'2015-05-06 23:56:19'),(1501,'','2015-05-06 23:56:19',0,'rishabh.gupta.min14@itbhu.ac.in','QTKG9UR7WV','','',0,1,'2015-05-06 23:56:19'),(1502,'','2015-05-06 23:56:19',0,'rahulk.meena.min14@itbhu.ac.in','UC8XADNOOZ','','',0,1,'2015-05-06 23:56:19'),(1503,'','2015-05-06 23:56:19',0,'mukesh.gurjar.min14@itbhu.ac.in','NEUVYRITRJ','','',0,1,'2015-05-06 23:56:19'),(1504,'','2015-05-06 23:56:19',0,'rajat.bhargava.min14@itbhu.ac.in','MACKEC73HH','','',0,1,'2015-05-06 23:56:19'),(1505,'','2015-05-06 23:56:19',0,'gaurav.meena.min14@itbhu.ac.in','79OJEPAIU4','','',0,1,'2015-05-06 23:56:19'),(1506,'','2015-05-06 23:56:19',0,'saurabh.patel.min14@itbhu.ac.in','XRKYT778UE','','',0,1,'2015-05-06 23:56:19'),(1507,'','2015-05-06 23:56:19',0,'daniyal.shabbir.min14@itbhu.ac.in','O8EE5ZJ6GC','','',0,1,'2015-05-06 23:56:19'),(1508,'','2015-05-06 23:56:20',0,'pkumar.meena.min14@itbhu.ac.in','IPH8OCW3LX','','',0,1,'2015-05-06 23:56:20'),(1509,'','2015-05-06 23:56:20',0,'nilesh.raj.min14@itbhu.ac.in','FSJ4VRXUPI','','',0,1,'2015-05-06 23:56:20'),(1510,'','2015-05-06 23:56:20',0,'akshay.sharma.min14@itbhu.ac.in','PELY4T2J5D','','',0,1,'2015-05-06 23:56:20'),(1511,'','2015-05-06 23:56:20',0,'vkumar.meena.min14@itbhu.ac.in','ROU924EGVO','','',0,1,'2015-05-06 23:56:20'),(1512,'','2015-05-06 23:56:20',0,'abhishek.bharti.min14@itbhu.ac.in','CGNCT1BYUL','','',0,1,'2015-05-06 23:56:20'),(1513,'','2015-05-06 23:56:20',0,'parmeet.parmeet.min14@itbhu.ac.in','3PIVYTISYA','','',0,1,'2015-05-06 23:56:20'),(1514,'','2015-05-06 23:56:20',0,'arvind.meena.min14@itbhu.ac.in','F4Q8J83RNK','','',0,1,'2015-05-06 23:56:20'),(1515,'','2015-05-06 23:56:20',0,'balla.jagadish.min14@itbhu.ac.in','H9I5EY2M5N','','',0,1,'2015-05-06 23:56:20'),(1516,'','2015-05-06 23:56:20',0,'asutosh.biswal.min14@itbhu.ac.in','J3NCZ3Y5PF','','',0,1,'2015-05-06 23:56:20'),(1517,'','2015-05-06 23:56:20',0,'rkumar.meena.min14@itbhu.ac.in','RJGMK6O235','','',0,1,'2015-05-06 23:56:20'),(1518,'','2015-05-06 23:56:20',0,'shalender.s.min14@itbhu.ac.in','JVJ2NLUTM1','','',0,1,'2015-05-06 23:56:20'),(1519,'','2015-05-06 23:56:20',0,'sarthak.khandelwal.min14@itbhu.ac.in','MRPTBVB7N4','','',0,1,'2015-05-06 23:56:20'),(1520,'','2015-05-06 23:56:20',0,'rahulkr.rahul.min14@itbhu.ac.in','534EK7X3OK','','',0,1,'2015-05-06 23:56:20'),(1521,'','2015-05-06 23:56:20',0,'ayush.jaiswal.min14@itbhu.ac.in','XI5FHB197T','','',0,1,'2015-05-06 23:56:20'),(1522,'','2015-05-06 23:56:20',0,'harshit.goel.min14@itbhu.ac.in','E5KS3C5FYS','','',0,1,'2015-05-06 23:56:20'),(1523,'','2015-05-06 23:56:20',0,'vishal.singh.min14@itbhu.ac.in','RYRDXU0E9S','','',0,1,'2015-05-06 23:56:20'),(1524,'','2015-05-06 23:56:20',0,'lov.kumar.min14@itbhu.ac.in','7APEVZNRCT','','',0,1,'2015-05-06 23:56:20'),(1525,'','2015-05-06 23:56:20',0,'bharat.bharat.min14@itbhu.ac.in','AN96BDSX1L','','',0,1,'2015-05-06 23:56:20'),(1526,'','2015-05-06 23:56:20',0,'kumar.ranvijay.min14@itbhu.ac.in','0X5LBLEXM9','','',0,1,'2015-05-06 23:56:20'),(1527,'','2015-05-06 23:56:20',0,'altamash.ghazi.min14@itbhu.ac.in','57YCEOBGUZ','','',0,1,'2015-05-06 23:56:20'),(1528,'','2015-05-06 23:56:20',0,'shalini.kumari.min14@itbhu.ac.in','D8GQDD4EG2','','',0,1,'2015-05-06 23:56:20'),(1529,'','2015-05-06 23:56:20',0,'anubhav.sinha.min14@itbhu.ac.in','AV6OFJPMV5','','',0,1,'2015-05-06 23:56:20'),(1530,'','2015-05-06 23:56:20',0,'rsai.sunder.min14@itbhu.ac.in','P4VX1J530P','','',0,1,'2015-05-06 23:56:20'),(1531,'','2015-05-06 23:56:20',0,'msayeed.ap.min14@itbhu.ac.in','VYTY5AMBH8','','',0,1,'2015-05-06 23:56:20'),(1532,'','2015-05-06 23:56:20',0,'e.akilan.min14@itbhu.ac.in','03Y513XKPG','','',0,1,'2015-05-06 23:56:20'),(1533,'','2015-05-06 23:56:20',0,'akash.chaurasia.min14@itbhu.ac.in','Y5VBWKZMT7','','',0,1,'2015-05-06 23:56:20'),(1534,'','2015-05-06 23:56:20',0,'shivam.shivam.min14@itbhu.ac.in','PI2OZGGXJW','','',0,1,'2015-05-06 23:56:20'),(1535,'','2015-05-06 23:56:21',0,'ishu.darshan.min14@itbhu.ac.in','01TA74053Y','','',0,1,'2015-05-06 23:56:21'),(1536,'','2015-05-06 23:56:21',0,'aman.mishra.min14@itbhu.ac.in','3U1D9XPED2','','',0,1,'2015-05-06 23:56:21'),(1537,'','2015-05-06 23:56:21',0,'premkr.prem.min14@itbhu.ac.in','981SLODCOW','','',0,1,'2015-05-06 23:56:21'),(1538,'','2015-05-06 23:56:21',0,'aditya.solanki.met14@itbhu.ac.in','NNP51A216N','','',0,1,'2015-05-06 23:56:21'),(1539,'','2015-05-06 23:56:21',0,'swati.rai.met14@itbhu.ac.in','VPUSDP527X','','',0,1,'2015-05-06 23:56:21'),(1540,'','2015-05-06 23:56:21',0,'mdshoeb.akhtar.met14@itbhu.ac.in','W7YNU59ZKJ','','',0,1,'2015-05-06 23:56:21'),(1541,'','2015-05-06 23:56:21',0,'aditya.sarda.met14@itbhu.ac.in','DZPNG09EYZ','','',0,1,'2015-05-06 23:56:21'),(1542,'','2015-05-06 23:56:21',0,'rohit.suwalka.met14@itbhu.ac.in','WL4I425KEJ','','',0,1,'2015-05-06 23:56:21'),(1543,'','2015-05-06 23:56:21',0,'pritesh.bhatt.met14@itbhu.ac.in','KDU59LE3M8','','',0,1,'2015-05-06 23:56:21'),(1544,'','2015-05-06 23:56:21',0,'ram.prabhatkr.met14@itbhu.ac.in','YOVCEQ91G9','','',0,1,'2015-05-06 23:56:21'),(1545,'','2015-05-06 23:56:21',0,'suvrat.jmishra.met14@itbhu.ac.in','P0LUMOR86K','','',0,1,'2015-05-06 23:56:21'),(1546,'','2015-05-06 23:56:21',0,'nidhi.kumari.met14@itbhu.ac.in','AG2SBZ0GGG','','',0,1,'2015-05-06 23:56:21'),(1547,'','2015-05-06 23:56:21',0,'vivek.gupta.met14@itbhu.ac.in','P1M7RUHI3V','','',0,1,'2015-05-06 23:56:21'),(1548,'','2015-05-06 23:56:21',0,'alok.priyadarshi.met14@itbhu.ac.in','7BFZJ8OE82','','',0,1,'2015-05-06 23:56:21'),(1549,'','2015-05-06 23:56:21',0,'rashi.chandola.met14@itbhu.ac.in','CO5R97LITK','','',0,1,'2015-05-06 23:56:21'),(1550,'','2015-05-06 23:56:21',0,'mohit.gupta.met14@itbhu.ac.in','PJIV66HBP2','','',0,1,'2015-05-06 23:56:21'),(1551,'','2015-05-06 23:56:21',0,'saby.svarghese.met14@itbhu.ac.in','MQ7PBRVP91','','',0,1,'2015-05-06 23:56:21'),(1552,'','2015-05-06 23:56:21',0,'amit.gunjan.met14@itbhu.ac.in','9ZCXIN5SLX','','',0,1,'2015-05-06 23:56:21'),(1553,'','2015-05-06 23:56:21',0,'durgesh.kumar.met14@itbhu.ac.in','2W4IS8M2YH','','',0,1,'2015-05-06 23:56:21'),(1554,'','2015-05-06 23:56:21',0,'tanmoy.baidya.met14@itbhu.ac.in','PRJ469T3T4','','',0,1,'2015-05-06 23:56:21'),(1555,'','2015-05-06 23:56:21',0,'sarthak.vijay.met14@itbhu.ac.in','RBOVK5U2IY','','',0,1,'2015-05-06 23:56:21'),(1556,'','2015-05-06 23:56:21',0,'jayantkr.goyal.met14@itbhu.ac.in','KMZZDGUK8Z','','',0,1,'2015-05-06 23:56:21'),(1557,'','2015-05-06 23:56:21',0,'ashwin.agrawal.met14@itbhu.ac.in','WGAXPZ26Z0','','',0,1,'2015-05-06 23:56:21'),(1558,'','2015-05-06 23:56:21',0,'himanshu.gautam.met14@itbhu.ac.in','B6I90GA4RK','','',0,1,'2015-05-06 23:56:21'),(1559,'','2015-05-06 23:56:21',0,'anitya.gupta.met14@itbhu.ac.in','2V4AJSWZSJ','','',0,1,'2015-05-06 23:56:21'),(1560,'','2015-05-06 23:56:21',0,'gautam.snarvane.met14@itbhu.ac.in','6W5VCCMUOI','','',0,1,'2015-05-06 23:56:21'),(1561,'','2015-05-06 23:56:21',0,'anant.kumar.met14@itbhu.ac.in','3D2EI2BOF6','','',0,1,'2015-05-06 23:56:21'),(1562,'','2015-05-06 23:56:21',0,'akhilesh.gautam.met14@itbhu.ac.in','KX2F6CAC1Y','','',0,1,'2015-05-06 23:56:21'),(1563,'','2015-05-06 23:56:21',0,'sumit.jhanwar.met14@itbhu.ac.in','PWOYSMSXLZ','','',0,1,'2015-05-06 23:56:21'),(1564,'','2015-05-06 23:56:22',0,'mayank.choudhary.met14@itbhu.ac.in','IBUFT4725M','','',0,1,'2015-05-06 23:56:22'),(1565,'','2015-05-06 23:56:22',0,'lakshya.vsb.met14@itbhu.ac.in','1L4UI237MQ','','',0,1,'2015-05-06 23:56:22'),(1566,'','2015-05-06 23:56:22',0,'kartik.verma.met14@itbhu.ac.in','LFB4IMMTGK','','',0,1,'2015-05-06 23:56:22'),(1567,'','2015-05-06 23:56:22',0,'harsh.dixit.met14@itbhu.ac.in','YB69DQVMES','','',0,1,'2015-05-06 23:56:22'),(1568,'','2015-05-06 23:56:22',0,'vishal.jatawat.met14@itbhu.ac.in','17EBVJIX3W','','',0,1,'2015-05-06 23:56:22'),(1569,'','2015-05-06 23:56:22',0,'kuldeep.rathore.met14@itbhu.ac.in','IR5NY942SH','','',0,1,'2015-05-06 23:56:22'),(1570,'','2015-05-06 23:56:22',0,'shubham.ksisodiya.met14@itbhu.ac.in','KFYDB46PBS','','',0,1,'2015-05-06 23:56:22'),(1571,'','2015-05-06 23:56:22',0,'dhruv.goel.met14@itbhu.ac.in','WFJIVAA07P','','',0,1,'2015-05-06 23:56:22'),(1572,'','2015-05-06 23:56:22',0,'ssanjay.wankar.met14@itbhu.ac.in','ST8RCATCXA','','',0,1,'2015-05-06 23:56:22'),(1573,'','2015-05-06 23:56:22',0,'saransh.chauhan.met14@itbhu.ac.in','SWHXM1NVQL','','',0,1,'2015-05-06 23:56:22'),(1574,'','2015-05-06 23:56:22',0,'ashutosh.meena.met14@itbhu.ac.in','Y0QJ1U1KE7','','',0,1,'2015-05-06 23:56:22'),(1575,'','2015-05-06 23:56:22',0,'spratap.singh.met14@itbhu.ac.in','265ZHFKQAH','','',0,1,'2015-05-06 23:56:22'),(1576,'','2015-05-06 23:56:22',0,'kj.siddardha.met14@itbhu.ac.in','PZD1R45QLB','','',0,1,'2015-05-06 23:56:22'),(1577,'','2015-05-06 23:56:22',0,'sshekhar.jha.met14@itbhu.ac.in','NN2S3KC8JV','','',0,1,'2015-05-06 23:56:22'),(1578,'','2015-05-06 23:56:22',0,'sushil.cmardi.met14@itbhu.ac.in','FBUJQ2PU7Y','','',0,1,'2015-05-06 23:56:22'),(1579,'','2015-05-06 23:56:22',0,'archit.agarwal.met14@itbhu.ac.in','VMXJQW10NW','','',0,1,'2015-05-06 23:56:22'),(1580,'','2015-05-06 23:56:22',0,'suresh.krmeena.met14@itbhu.ac.in','RMU3F5SQIL','','',0,1,'2015-05-06 23:56:22'),(1581,'','2015-05-06 23:56:22',0,'kaditya.ramesh.met14@itbhu.ac.in','4C22B3AUWF','','',0,1,'2015-05-06 23:56:22'),(1582,'','2015-05-06 23:56:22',0,'gaurav.agrawal.met14@itbhu.ac.in','9VJHYUZLTR','','',0,1,'2015-05-06 23:56:22'),(1583,'','2015-05-06 23:56:22',0,'kaushik.sinha.met14@itbhu.ac.in','FYGMHHLK8K','','',0,1,'2015-05-06 23:56:22'),(1584,'','2015-05-06 23:56:22',0,'ksaidulu.druva.met14@itbhu.ac.in','7QEG2ZE6K2','','',0,1,'2015-05-06 23:56:22'),(1585,'','2015-05-06 23:56:22',0,'rahul.barha.met14@itbhu.ac.in','9QC4GRS8XQ','','',0,1,'2015-05-06 23:56:22'),(1586,'','2015-05-06 23:56:22',0,'rajnish.kumar.met14@itbhu.ac.in','UTJDBVE7Z6','','',0,1,'2015-05-06 23:56:22'),(1587,'','2015-05-06 23:56:22',0,'sanjeev.kumar.met14@itbhu.ac.in','YAWDZZJ9G6','','',0,1,'2015-05-06 23:56:22'),(1588,'','2015-05-06 23:56:22',0,'dhirajkr.mahato.met14@itbhu.ac.in','6BWA4KVJ6J','','',0,1,'2015-05-06 23:56:22'),(1589,'','2015-05-06 23:56:22',0,'ayushi.jain.met14@itbhu.ac.in','JWY8N7136B','','',0,1,'2015-05-06 23:56:22'),(1590,'','2015-05-06 23:56:22',0,'gopal.jeepatel.min14@itbhu.ac.in','DFS1ZBMTMV','','',0,1,'2015-05-06 23:56:22'),(1591,'','2015-05-06 23:56:23',0,'rgaurav.dilip.met14@itbhu.ac.in','WXO9IVHYMV','','',0,1,'2015-05-06 23:56:23'),(1592,'','2015-05-06 23:56:23',0,'pallav.pallav.met14@itbhu.ac.in','73FFZZXQ2Q','','',0,1,'2015-05-06 23:56:23'),(1593,'','2015-05-06 23:56:23',0,'gilakathula.yeshwanth.met14@itbhu.ac.in','HUW6P0C7EY','','',0,1,'2015-05-06 23:56:23'),(1594,'','2015-05-06 23:56:23',0,'vedant.singh.met14@itbhu.ac.in','DRSKYXCHJJ','','',0,1,'2015-05-06 23:56:23'),(1595,'','2015-05-06 23:56:23',0,'rahulkr.kumar.met14@itbhu.ac.in','7C2N113O6X','','',0,1,'2015-05-06 23:56:23'),(1596,'','2015-05-06 23:56:23',0,'shashwat.sinha.met14@itbhu.ac.in','6MBJ8TC5LP','','',0,1,'2015-05-06 23:56:23'),(1597,'','2015-05-06 23:56:23',0,'govind.mkeshari.met14@itbhu.ac.in','JZRJBB6ORU','','',0,1,'2015-05-06 23:56:23'),(1598,'','2015-05-06 23:56:23',0,'gaurav.somani.met14@itbhu.ac.in','YP48DVSSCP','','',0,1,'2015-05-06 23:56:23'),(1599,'','2015-05-06 23:56:23',0,'upmaka.umasai.met14@itbhu.ac.in','KIG26K781X','','',0,1,'2015-05-06 23:56:23'),(1600,'','2015-05-06 23:56:23',0,'mrityunjay.saxena.met14@itbhu.ac.in','9YT2L2XU2D','','',0,1,'2015-05-06 23:56:23'),(1601,'','2015-05-06 23:56:23',0,'vaibhav.saini.met14@itbhu.ac.in','T1KB3RDSBI','','',0,1,'2015-05-06 23:56:23'),(1602,'','2015-05-06 23:56:23',0,'rampal.singh.met14@itbhu.ac.in','Q563ZIA2ZA','','',0,1,'2015-05-06 23:56:23'),(1603,'','2015-05-06 23:56:23',0,'surendra.kgodara.phe14@itbhu.ac.in','QAI0GW36RQ','','',0,1,'2015-05-06 23:56:23'),(1604,'','2015-05-06 23:56:23',0,'prince.kumar.phe14@itbhu.ac.in','L7FPOFA3WC','','',0,1,'2015-05-06 23:56:23'),(1605,'','2015-05-06 23:56:23',0,'mukul.kumar.phe14@itbhu.ac.in','KEMVOU2YCO','','',0,1,'2015-05-06 23:56:23'),(1606,'','2015-05-06 23:56:23',0,'hari.raviteja.phe14@itbhu.ac.in','4TVL9FQ7OU','','',0,1,'2015-05-06 23:56:23'),(1607,'','2015-05-06 23:56:23',0,'chetan.buye.phe14@itbhu.ac.in','PR3IMG5NXV','','',0,1,'2015-05-06 23:56:23'),(1608,'','2015-05-06 23:56:23',0,'deepak.raj.phe14@itbhu.ac.in','6IQPOQRYO1','','',0,1,'2015-05-06 23:56:23'),(1609,'','2015-05-06 23:56:23',0,'thotada.navya.phe14@itbhu.ac.in','M2G7WWHGX8','','',0,1,'2015-05-06 23:56:23'),(1610,'','2015-05-06 23:56:23',0,'nitin.vaidya.phe14@itbhu.ac.in','J2LAWT2XVC','','',0,1,'2015-05-06 23:56:23'),(1611,'','2015-05-06 23:56:23',0,'kanakam.praveenkumar.phe14@itbhu.ac.in','BWLBQLGMZ5','','',0,1,'2015-05-06 23:56:23'),(1612,'','2015-05-06 23:56:23',0,'pavankumar.ramesh.phe14@itbhu.ac.in','9F31DYYC73','','',0,1,'2015-05-06 23:56:23'),(1613,'','2015-05-06 23:56:23',0,'ankur.jsaikia.phe14@itbhu.ac.in','P8813GLCP8','','',0,1,'2015-05-06 23:56:23'),(1614,'','2015-05-06 23:56:23',0,'shriya.singh.phe14@itbhu.ac.in','M5K1D0ZFY3','','',0,1,'2015-05-06 23:56:23'),(1615,'','2015-05-06 23:56:23',0,'saif.akhan.phe14@itbhu.ac.in','OKVW1EU0S8','','',0,1,'2015-05-06 23:56:23'),(1616,'','2015-05-06 23:56:23',0,'zille.ali.phe14@itbhu.ac.in','DHKOSK4I1X','','',0,1,'2015-05-06 23:56:23'),(1617,'','2015-05-06 23:56:23',0,'vaibhav.raj.phe14@itbhu.ac.in','DT6QBXQN3I','','',0,1,'2015-05-06 23:56:23'),(1618,'','2015-05-06 23:56:24',0,'siddhantk.singh.phe14@itbhu.ac.in','90E8CK934X','','',0,1,'2015-05-06 23:56:24'),(1619,'','2015-05-06 23:56:24',0,'yogesh.sdanu.bce14@itbhu.ac.in','WLOOWPWBH9','','',0,1,'2015-05-06 23:56:24'),(1620,'','2015-05-06 23:56:24',0,'prashant.sharma.bce14@itbhu.ac.in','Y86JQ7WB2B','','',0,1,'2015-05-06 23:56:24'),(1621,'','2015-05-06 23:56:24',0,'sampriti.mitra.bce14@itbhu.ac.in','R8J1ZA5GZU','','',0,1,'2015-05-06 23:56:24'),(1622,'','2015-05-06 23:56:24',0,'kinshuk.sahu.bce14@itbhu.ac.in','E78HHKHYHR','','',0,1,'2015-05-06 23:56:24'),(1623,'','2015-05-06 23:56:24',0,'ashay.shukla.bce14@itbhu.ac.in','25K1B42J68','','',0,1,'2015-05-06 23:56:24'),(1624,'','2015-05-06 23:56:24',0,'sunny.kumar.bce14@itbhu.ac.in','HSO9TXNYEQ','','',0,1,'2015-05-06 23:56:24'),(1625,'','2015-05-06 23:56:24',0,'krn.vijay.bce14@itbhu.ac.in','PBBCA86O13','','',0,1,'2015-05-06 23:56:24'),(1626,'','2015-05-06 23:56:24',0,'rahul.ranjan.bce14@itbhu.ac.in','6FOIFRFT81','','',0,1,'2015-05-06 23:56:24'),(1627,'','2015-05-06 23:56:24',0,'mayank.kumars.bce14@itbhu.ac.in','3E87RLEVA8','','',0,1,'2015-05-06 23:56:24'),(1628,'','2015-05-06 23:56:24',0,'sanny.ksahani.bce14@itbhu.ac.in','HMKY36RK75','','',0,1,'2015-05-06 23:56:24'),(1629,'','2015-05-06 23:56:24',0,'gaurav.meena.bce14@itbhu.ac.in','1VJND1U68D','','',0,1,'2015-05-06 23:56:24'),(1630,'','2015-05-06 23:56:24',0,'vikask.meena.bce14@itbhu.ac.in','MLFAG2Z5I8','','',0,1,'2015-05-06 23:56:24'),(1631,'','2015-05-06 23:56:24',0,'srishti.student.bme14@itbhu.ac.in','UNOOWJL0E0','','',0,1,'2015-05-06 23:56:24'),(1632,'','2015-05-06 23:56:24',0,'nsai.hemanth.bme14@itbhu.ac.in','8XSZDAGWH1','','',0,1,'2015-05-06 23:56:24'),(1633,'','2015-05-06 23:56:24',0,'surendra.meena.bme14@itbhu.ac.in','81KSVMD0ZJ','','',0,1,'2015-05-06 23:56:24'),(1634,'','2015-05-06 23:56:24',0,'kummari.rakesh.min14@itbhu.ac.in','1TY0UZP3AN','','',0,1,'2015-05-06 23:56:24'),(1635,'','2015-05-06 23:56:24',0,'shivam.garg.bme14@itbhu.ac.in','E1T9D0ID0I','','',0,1,'2015-05-06 23:56:24'),(1636,'','2015-05-06 23:56:24',0,'aaditya.sridharan.bme14@itbhu.ac.in','R9IIPF8GAN','','',0,1,'2015-05-06 23:56:24'),(1637,'','2015-05-06 23:56:24',0,'sdeep.rajeshkumar.bme14@itbhu.ac.in','R23B9ODF6W','','',0,1,'2015-05-06 23:56:24'),(1638,'','2015-05-06 23:56:24',0,'apiyush.sunil.bme14@itbhu.ac.in','RNE3K1BKNR','','',0,1,'2015-05-06 23:56:24'),(1639,'','2015-05-06 23:56:24',0,'ajeet.kryadav.bme14@itbhu.ac.in','4G5MPCMRY7','','',0,1,'2015-05-06 23:56:24'),(1640,'','2015-05-06 23:56:24',0,'abhishek.kushwaha.bme14@itbhu.ac.in','CQ3UXZB430','','',0,1,'2015-05-06 23:56:24'),(1641,'','2015-05-06 23:56:24',0,'nikhil.dhaka.bme14@itbhu.ac.in','PAR9QJMRGX','','',0,1,'2015-05-06 23:56:24'),(1642,'','2015-05-06 23:56:24',0,'anjali.srathour.bme14@itbhu.ac.in','KIER3UI5A7','','',0,1,'2015-05-06 23:56:24'),(1643,'','2015-05-06 23:56:24',0,'akash.agrawal.cer14@itbhu.ac.in','9XORPB3HTV','','',0,1,'2015-05-06 23:56:24'),(1644,'','2015-05-06 23:56:24',0,'ayush.jain.cer14@itbhu.ac.in','OJ0YBAMB1O','','',0,1,'2015-05-06 23:56:24'),(1645,'','2015-05-06 23:56:24',0,'sourabh.garg.cer14@itbhu.ac.in','DQ80HFFPFA','','',0,1,'2015-05-06 23:56:24'),(1646,'','2015-05-06 23:56:25',0,'anand.skhatri.cer14@itbhu.ac.in','8DNDUN8G16','','',0,1,'2015-05-06 23:56:25'),(1647,'','2015-05-06 23:56:25',0,'joseph.sushil.cer14@itbhu.ac.in','OOGDD9OAQQ','','',0,1,'2015-05-06 23:56:25'),(1648,'','2015-05-06 23:56:25',0,'navya.yadav.cer14@itbhu.ac.in','EMK4VQ0Y28','','',0,1,'2015-05-06 23:56:25'),(1649,'','2015-05-06 23:56:25',0,'ankit.pal.cer14@itbhu.ac.in','9IXILFZ7XR','','',0,1,'2015-05-06 23:56:25'),(1650,'','2015-05-06 23:56:25',0,'ankush.kumar.cer14@itbhu.ac.in','4LXL8LSKOB','','',0,1,'2015-05-06 23:56:25'),(1651,'','2015-05-06 23:56:25',0,'himanshu.raj.cer14@itbhu.ac.in','VVL1WSNK0V','','',0,1,'2015-05-06 23:56:25'),(1652,'','2015-05-06 23:56:25',0,'lalatendu.mishra.civ14@itbhu.ac.in','OKMA9QBJEZ','','',0,1,'2015-05-06 23:56:25'),(1653,'','2015-05-06 23:56:25',0,'konda.kreddy.civ14@itbhu.ac.in','IFWV7PW5XW','','',0,1,'2015-05-06 23:56:25'),(1654,'','2015-05-06 23:56:25',0,'rajat.agrawal.civ14@itbhu.ac.in','D1IWCMOQPR','','',0,1,'2015-05-06 23:56:25'),(1655,'','2015-05-06 23:56:25',0,'arpit.bhardwaj.civ14@itbhu.ac.in','6RH41VEOD2','','',0,1,'2015-05-06 23:56:25'),(1656,'','2015-05-06 23:56:25',0,'pulkit.mittal.civ14@itbhu.ac.in','B8RBSO5YGV','','',0,1,'2015-05-06 23:56:25'),(1657,'','2015-05-06 23:56:25',0,'rajat.kumar.civ14@itbhu.ac.in','0IB30DVS9J','','',0,1,'2015-05-06 23:56:25'),(1658,'','2015-05-06 23:56:25',0,'rachit.bagga.civ14@itbhu.ac.in','8EXITAO1O8','','',0,1,'2015-05-06 23:56:25'),(1659,'','2015-05-06 23:56:25',0,'anand.babu.civ14@itbhu.ac.in','ICPDWPO1UQ','','',0,1,'2015-05-06 23:56:25'),(1660,'','2015-05-06 23:56:25',0,'shams.ahmed.civ14@itbhu.ac.in','JKS59L32OW','','',0,1,'2015-05-06 23:56:25'),(1661,'','2015-05-06 23:56:25',0,'pradeep.patel.civ14@itbhu.ac.in','KZP7YR6RA0','','',0,1,'2015-05-06 23:56:25'),(1662,'','2015-05-06 23:56:25',0,'vaibhav.ratnam.civ14@itbhu.ac.in','GL2445MP8N','','',0,1,'2015-05-06 23:56:25'),(1663,'','2015-05-06 23:56:25',0,'nikhil.choudhary.civ14@itbhu.ac.in','KPXCMSJYSR','','',0,1,'2015-05-06 23:56:25'),(1664,'','2015-05-06 23:56:25',0,'kumar.anunay.civ14@itbhu.ac.in','I5Z5BEM1N3','','',0,1,'2015-05-06 23:56:25'),(1665,'','2015-05-06 23:56:25',0,'rishab.malav.civ14@itbhu.ac.in','BTBDLOGEGA','','',0,1,'2015-05-06 23:56:25'),(1666,'','2015-05-06 23:56:25',0,'satish.anand.civ14@itbhu.ac.in','5RJOF943E4','','',0,1,'2015-05-06 23:56:25'),(1667,'','2015-05-06 23:56:25',0,'abhishek.kumar.civ14@itbhu.ac.in','Z1P0UGET9J','','',0,1,'2015-05-06 23:56:25'),(1668,'','2015-05-06 23:56:25',0,'akash.kbharti.civ14@itbhu.ac.in','3TZ410AOSU','','',0,1,'2015-05-06 23:56:25'),(1669,'','2015-05-06 23:56:25',0,'ashish.kbagde.civ14@itbhu.ac.in','V0TS7Z6PTB','','',0,1,'2015-05-06 23:56:25'),(1670,'','2015-05-06 23:56:25',0,'harish.meena.civ14@itbhu.ac.in','9DYW6NEXC9','','',0,1,'2015-05-06 23:56:25'),(1671,'','2015-05-06 23:56:25',0,'ishank.arora.cse14@itbhu.ac.in','H7Q2H21JVU','','',0,1,'2015-05-06 23:56:25'),(1672,'','2015-05-06 23:56:25',0,'anubhav.gupta.cse14@itbhu.ac.in','XP17TK57RY','','',0,1,'2015-05-06 23:56:25'),(1673,'','2015-05-06 23:56:26',0,'shivendra.kumar.cse14@itbhu.ac.in','5YX73GUHCZ','','',0,1,'2015-05-06 23:56:26'),(1674,'','2015-05-06 23:56:26',0,'rishabh.agarwal.cse14@itbhu.ac.in','VIZ2W955MM','','',0,1,'2015-05-06 23:56:26'),(1675,'','2015-05-06 23:56:26',0,'diksha.shrivastava.cse14@itbhu.ac.in','SOLWXLOVTS','','',0,1,'2015-05-06 23:56:26'),(1676,'','2015-05-06 23:56:26',0,'avijit.thawani.cse14@itbhu.ac.in','PIWDF2NZ53','','',0,1,'2015-05-06 23:56:26'),(1677,'','2015-05-06 23:56:26',0,'robin.khurana.cse14@itbhu.ac.in','INE2SZH705','','',0,1,'2015-05-06 23:56:26'),(1678,'','2015-05-06 23:56:26',0,'babloo.kumar.cse14@itbhu.ac.in','3ZF27AQAG7','','',0,1,'2015-05-06 23:56:26'),(1679,'','2015-05-06 23:56:26',0,'shadab.sarvar.cse14@itbhu.ac.in','C6WHZPPZIU','','',0,1,'2015-05-06 23:56:26'),(1680,'','2015-05-06 23:56:26',0,'fufahad.khan.cse14@itbhu.ac.in','8PW13SET4J','','',0,1,'2015-05-06 23:56:26'),(1681,'','2015-05-06 23:56:26',0,'anandita.student.cse14@itbhu.ac.in','0LZRJDPXQW','','',0,1,'2015-05-06 23:56:26'),(1682,'','2015-05-06 23:56:26',0,'ashish.kumar.cse14@itbhu.ac.in','5XROEKJARG','','',0,1,'2015-05-06 23:56:26'),(1683,'','2015-05-06 23:56:26',0,'devesh.manjhi.cse14@itbhu.ac.in','2PUCGP6F2R','','',0,1,'2015-05-06 23:56:26'),(1684,'','2015-05-06 23:56:26',0,'shivendra.yadav.cse14@itbhu.ac.in','4DW81J7DXF','','',0,1,'2015-05-06 23:56:26'),(1685,'','2015-05-06 23:56:26',0,'pranshu.kr.cse14@itbhu.ac.in','WVNQ7L5ZF4','','',0,1,'2015-05-06 23:56:26'),(1686,'','2015-05-06 23:56:26',0,'vinayaka.batwara.cse14@itbhu.ac.in','AA632LSDQR','','',0,1,'2015-05-06 23:56:26'),(1687,'','2015-05-06 23:56:26',0,'nimishkumar.chaudhari.eee14@itbhu.ac.in','31YWN5XI6Y','','',0,1,'2015-05-06 23:56:26'),(1688,'','2015-05-06 23:56:26',0,'ashok.meena.eee14@itbhu.ac.in','GNF3524HUM','','',0,1,'2015-05-06 23:56:26'),(1689,'','2015-05-06 23:56:26',0,'sayantan.rchowdhury.eee14@itbhu.ac.in','OHPX32SWYZ','','',0,1,'2015-05-06 23:56:26'),(1690,'','2015-05-06 23:56:26',0,'sakre.ssubhash.eee14@itbhu.ac.in','0B484Y36EW','','',0,1,'2015-05-06 23:56:26'),(1691,'','2015-05-06 23:56:26',0,'apurve.dave.eee14@itbhu.ac.in','JAZGDG5JNX','','',0,1,'2015-05-06 23:56:26'),(1692,'','2015-05-06 23:56:26',0,'ashish.agarwal.eee14@itbhu.ac.in','WTMFSMNQUQ','','',0,1,'2015-05-06 23:56:26'),(1693,'','2015-05-06 23:56:26',0,'ishkaran.mangat.eee14@itbhu.ac.in','LQOSEY4JP1','','',0,1,'2015-05-06 23:56:26'),(1694,'','2015-05-06 23:56:26',0,'yash.khandelwal.eee14@itbhu.ac.in','J84KQRF9DX','','',0,1,'2015-05-06 23:56:26'),(1695,'','2015-05-06 23:56:26',0,'aman.pratik.eee14@itbhu.ac.in','NJTCCQYO2L','','',0,1,'2015-05-06 23:56:26'),(1696,'','2015-05-06 23:56:27',0,'siddharth.bhattacharya.eee14@itbhu.ac.in','KB3A9199RU','','',0,1,'2015-05-06 23:56:27'),(1697,'','2015-05-06 23:56:27',0,'naveen.krsingh.eee14@itbhu.ac.in','0SYMQN8QID','','',0,1,'2015-05-06 23:56:27'),(1698,'','2015-05-06 23:56:27',0,'amit.pandey.eee14@itbhu.ac.in','GQRTNZ0DPJ','','',0,1,'2015-05-06 23:56:27'),(1699,'','2015-05-06 23:56:27',0,'abinash.sahoo.eee14@itbhu.ac.in','LBO3WVVIJD','','',0,1,'2015-05-06 23:56:27'),(1700,'','2015-05-06 23:56:27',0,'sachin.kumawat.eee14@itbhu.ac.in','4X96Y43NXM','','',0,1,'2015-05-06 23:56:27'),(1701,'','2015-05-06 23:56:27',0,'nitish.kumar.eee14@itbhu.ac.in','OBAE9GS864','','',0,1,'2015-05-06 23:56:27'),(1702,'','2015-05-06 23:56:27',0,'kunal.kumar.eee14@itbhu.ac.in','4ZMK8SFKWA','','',0,1,'2015-05-06 23:56:27'),(1703,'','2015-05-06 23:56:27',0,'kartik.rathee.eee14@itbhu.ac.in','49QFYD1TRQ','','',0,1,'2015-05-06 23:56:27'),(1704,'','2015-05-06 23:56:27',0,'athawale.subodh.eee14@itbhu.ac.in','IJKJK0NHOU','','',0,1,'2015-05-06 23:56:27'),(1705,'','2015-05-06 23:56:27',0,'deepak.chaudhary.eee14@itbhu.ac.in','2L49MGBLV7','','',0,1,'2015-05-06 23:56:27'),(1706,'','2015-05-06 23:56:27',0,'arghya.halder.eee14@itbhu.ac.in','5DQGPCQPDM','','',0,1,'2015-05-06 23:56:27'),(1707,'','2015-05-06 23:56:27',0,'payal.chaudhary.mst14@itbhu.ac.in','Z15DW6IQAD','','',0,1,'2015-05-06 23:56:27'),(1708,'','2015-05-06 23:56:27',0,'prakhar.rastogi.mst14@itbhu.ac.in','B6KNEFQTED','','',0,1,'2015-05-06 23:56:27'),(1709,'','2015-05-06 23:56:27',0,'anant.gowadiya.mst14@itbhu.ac.in','JFTN3Z0XOH','','',0,1,'2015-05-06 23:56:27'),(1710,'','2015-05-06 23:56:27',0,'aayush.voleti.mst14@itbhu.ac.in','9JWT0WYVBH','','',0,1,'2015-05-06 23:56:27'),(1711,'','2015-05-06 23:56:27',0,'kushagra.agarwal.mst14@itbhu.ac.in','5TJ4YUZJ9T','','',0,1,'2015-05-06 23:56:27'),(1712,'','2015-05-06 23:56:27',0,'shashwat.sinha.mst14@itbhu.ac.in','R6JDLAHY2F','','',0,1,'2015-05-06 23:56:27'),(1713,'','2015-05-06 23:56:27',0,'rajat.ksingh.mst14@itbhu.ac.in','7VJOG45Z73','','',0,1,'2015-05-06 23:56:27'),(1714,'','2015-05-06 23:56:27',0,'jyotsna.nambekar.mst14@itbhu.ac.in','PGXWEY1V04','','',0,1,'2015-05-06 23:56:27'),(1715,'','2015-05-06 23:56:27',0,'aakash.student.mst14@itbhu.ac.in','S19DY2ND4F','','',0,1,'2015-05-06 23:56:27'),(1716,'','2015-05-06 23:56:27',0,'vishal.kchoudhary.mst14@itbhu.ac.in','36K3SPKE78','','',0,1,'2015-05-06 23:56:27'),(1717,'','2015-05-06 23:56:27',0,'ankita.uikey.mst14@itbhu.ac.in','B28WSU2497','','',0,1,'2015-05-06 23:56:27'),(1718,'','2015-05-06 23:56:27',0,'ashish.minz.mst14@itbhu.ac.in','XBPH921TT9','','',0,1,'2015-05-06 23:56:27'),(1719,'','2015-05-06 23:56:27',0,'vikash.kumar.mec14@itbhu.ac.in','8BDL00IYJC','','',0,1,'2015-05-06 23:56:27'),(1720,'','2015-05-06 23:56:28',0,'shubham.sah.mec14@itbhu.ac.in','MHQGOAKEAA','','',0,1,'2015-05-06 23:56:28'),(1721,'','2015-05-06 23:56:28',0,'prateek.chopra.mec14@itbhu.ac.in','C6GPS06W72','','',0,1,'2015-05-06 23:56:28'),(1722,'','2015-05-06 23:56:28',0,'pranav.joshi.mec14@itbhu.ac.in','HATJGMK7QM','','',0,1,'2015-05-06 23:56:28'),(1723,'','2015-05-06 23:56:28',0,'ritesh.gupta.mec14@itbhu.ac.in','ANDQ2MX2RH','','',0,1,'2015-05-06 23:56:28'),(1724,'','2015-05-06 23:56:28',0,'yash.mittal.mec14@itbhu.ac.in','1K2M46A4OI','','',0,1,'2015-05-06 23:56:28'),(1725,'','2015-05-06 23:56:28',0,'himanshu.dabral.mec14@itbhu.ac.in','0MAXQ51DM6','','',0,1,'2015-05-06 23:56:28'),(1726,'','2015-05-06 23:56:28',0,'saarthak.dwivedi.mec14@itbhu.ac.in','SDZSVM1OEZ','','',0,1,'2015-05-06 23:56:28'),(1727,'','2015-05-06 23:56:28',0,'aryan.dilip.mec14@itbhu.ac.in','0DLA6VII1P','','',0,1,'2015-05-06 23:56:28'),(1728,'','2015-05-06 23:56:28',0,'kunal.rawat.mec14@itbhu.ac.in','63A107S1GP','','',0,1,'2015-05-06 23:56:28'),(1729,'','2015-05-06 23:56:28',0,'mprashanth.sai.mec14@itbhu.ac.in','U2WNKJZC1C','','',0,1,'2015-05-06 23:56:28'),(1730,'','2015-05-06 23:56:28',0,'kvs.anuraag.mec14@itbhu.ac.in','ZPPL6R70WR','','',0,1,'2015-05-06 23:56:28'),(1731,'','2015-05-06 23:56:28',0,'nayan.ksingh.mec14@itbhu.ac.in','TXZQ9SK52C','','',0,1,'2015-05-06 23:56:28'),(1732,'','2015-05-06 23:56:28',0,'sudhir.narwal.mec14@itbhu.ac.in','JLIUJWTCUH','','',0,1,'2015-05-06 23:56:28'),(1733,'','2015-05-06 23:56:28',0,'sanjeev.kumar.mec14@itbhu.ac.in','ZUCD298ZYT','','',0,1,'2015-05-06 23:56:28'),(1734,'','2015-05-06 23:56:28',0,'subhraneel.biswas.mec14@itbhu.ac.in','5VD5AODPGN','','',0,1,'2015-05-06 23:56:28'),(1735,'','2015-05-06 23:56:28',0,'rakesh.uikey.mec14@itbhu.ac.in','H72IQY4WAE','','',0,1,'2015-05-06 23:56:28'),(1736,'','2015-05-06 23:56:28',0,'vikram.srana.mec14@itbhu.ac.in','I305ZA9M59','','',0,1,'2015-05-06 23:56:28'),(1737,'','2015-05-06 23:56:28',0,'naveen.kumar.met14@itbhu.ac.in','ZHGP7F7H58','','',0,1,'2015-05-06 23:56:28'),(1738,'','2015-05-06 23:56:28',0,'himanshu.dutt.met14@itbhu.ac.in','3LMH89GVZF','','',0,1,'2015-05-06 23:56:28'),(1739,'','2015-05-06 23:56:28',0,'shashank.agarwal.met14@itbhu.ac.in','SMZRKYHEPL','','',0,1,'2015-05-06 23:56:28'),(1740,'','2015-05-06 23:56:28',0,'harshvardhan.singh.met14@itbhu.ac.in','FZIHOPHF4W','','',0,1,'2015-05-06 23:56:28'),(1741,'','2015-05-06 23:56:28',0,'mshubham.pradip.met14@itbhu.ac.in','SW8WQKC6DJ','','',0,1,'2015-05-06 23:56:28'),(1742,'','2015-05-06 23:56:28',0,'bvenkata.akhil.met14@itbhu.ac.in','3SJK78JJ7Z','','',0,1,'2015-05-06 23:56:28'),(1743,'','2015-05-06 23:56:28',0,'rohan.kagarwal.met14@itbhu.ac.in','56EO1ZOP3H','','',0,1,'2015-05-06 23:56:28'),(1744,'','2015-05-06 23:56:28',0,'suryansh.garg.met14@itbhu.ac.in','S95MUK11KU','','',0,1,'2015-05-06 23:56:28'),(1745,'','2015-05-06 23:56:29',0,'rohit.ksingh.met14@itbhu.ac.in','6YGZGK6V48','','',0,1,'2015-05-06 23:56:29'),(1746,'','2015-05-06 23:56:29',0,'manish.tak.met14@itbhu.ac.in','1WCTT8B7WH','','',0,1,'2015-05-06 23:56:29'),(1747,'','2015-05-06 23:56:29',0,'nikhil.singh.met14@itbhu.ac.in','3E7CONOAE1','','',0,1,'2015-05-06 23:56:29'),(1748,'','2015-05-06 23:56:29',0,'premjeet.ksherawali.met14@itbhu.ac.in','A9GQ7GSQB8','','',0,1,'2015-05-06 23:56:29'),(1749,'','2015-05-06 23:56:29',0,'tushar.borekar.met14@itbhu.ac.in','6B3Y4RGXUK','','',0,1,'2015-05-06 23:56:29'),(1750,'','2015-05-06 23:56:29',0,'shiv.shankar.met14@itbhu.ac.in','L27K4Y8PPT','','',0,1,'2015-05-06 23:56:29'),(1751,'','2015-05-06 23:56:29',0,'gketan.balaji.met14@itbhu.ac.in','SQXGOI2YOI','','',0,1,'2015-05-06 23:56:29'),(1752,'','2015-05-06 23:56:29',0,'ymanoj.singh.met14@itbhu.ac.in','L8U6UINEAF','','',0,1,'2015-05-06 23:56:29'),(1753,'','2015-05-06 23:56:29',0,'sanchit.verma.met14@itbhu.ac.in','UP1X58K5YF','','',0,1,'2015-05-06 23:56:29'),(1754,'','2015-05-06 23:56:29',0,'chhatramani.singh.met14@itbhu.ac.in','D5PAA02IHC','','',0,1,'2015-05-06 23:56:29'),(1755,'','2015-05-06 23:56:29',0,'sriram.amgoth.met14@itbhu.ac.in','MTVQBV8D8R','','',0,1,'2015-05-06 23:56:29'),(1756,'','2015-05-06 23:56:29',0,'jtanmay.manoj.min14@itbhu.ac.in','UBLO5AMPW4','','',0,1,'2015-05-06 23:56:29'),(1757,'','2015-05-06 23:56:29',0,'spandan.roy.min14@itbhu.ac.in','EFGJ9GPJ91','','',0,1,'2015-05-06 23:56:29'),(1758,'','2015-05-06 23:56:29',0,'shubham.shrinath.min14@itbhu.ac.in','NWGFSO40UV','','',0,1,'2015-05-06 23:56:29'),(1759,'','2015-05-06 23:56:29',0,'himanshu.kumar.min14@itbhu.ac.in','7J1JQFERX3','','',0,1,'2015-05-06 23:56:29'),(1760,'','2015-05-06 23:56:29',0,'sachin.verma.min14@itbhu.ac.in','RSBTDZKOWB','','',0,1,'2015-05-06 23:56:29'),(1761,'','2015-05-06 23:56:29',0,'prabhu.premkumar.min14@itbhu.ac.in','34IOJG4YX6','','',0,1,'2015-05-06 23:56:29'),(1762,'','2015-05-06 23:56:29',0,'ankit.raj.min14@itbhu.ac.in','T6WBO731GH','','',0,1,'2015-05-06 23:56:29'),(1763,'','2015-05-06 23:56:29',0,'bmanoj.kumar.min14@itbhu.ac.in','KVWVGUSETE','','',0,1,'2015-05-06 23:56:29'),(1764,'','2015-05-06 23:56:29',0,'shubham.meena.min14@itbhu.ac.in','2VKED0GSH4','','',0,1,'2015-05-06 23:56:29'),(1765,'','2015-05-06 23:56:29',0,'aryan.irocky.phy14@itbhu.ac.in','EZWB7ZEC69','','',0,1,'2015-05-06 23:56:29'),(1766,'','2015-05-06 23:56:29',0,'anandakrishnan.j.phy14@itbhu.ac.in','V69UX3DFVM','','',0,1,'2015-05-06 23:56:29'),(1767,'','2015-05-06 23:56:29',0,'subhaya.bose.phy14@itbhu.ac.in','JWMA5RA3ZW','','',0,1,'2015-05-06 23:56:29'),(1768,'','2015-05-06 23:56:29',0,'soumyadeep.das.phy14@itbhu.ac.in','SXDJXVGEYS','','',0,1,'2015-05-06 23:56:29'),(1769,'','2015-05-06 23:56:29',0,'shyam.hmenon.phy14@itbhu.ac.in','SF4OX17R8S','','',0,1,'2015-05-06 23:56:29'),(1770,'','2015-05-06 23:56:30',0,'peela.kartheek.phy14@itbhu.ac.in','ANOIPDTDJN','','',0,1,'2015-05-06 23:56:30'),(1771,'','2015-05-06 23:56:30',0,'abhinav.ksingh.phy14@itbhu.ac.in','UT04BYWSIP','','',0,1,'2015-05-06 23:56:30'),(1772,'','2015-05-06 23:56:30',0,'ninad.kdongre.phy14@itbhu.ac.in','VJV1ISI96I','','',0,1,'2015-05-06 23:56:30'),(1773,'','2015-05-06 23:56:30',0,'vishnu.vkumar.phy14@itbhu.ac.in','7OCBJ4PSD4','','',0,1,'2015-05-06 23:56:30'),(1774,'','2015-05-06 23:56:30',0,'nikhil.kumar.phy14@itbhu.ac.in','E9XNVKY7J8','','',0,1,'2015-05-06 23:56:30'),(1775,'','2015-05-06 23:56:30',0,'jayraj.rohit.phy14@itbhu.ac.in','6WHJZU2604','','',0,1,'2015-05-06 23:56:30'),(1776,'','2015-05-06 23:56:30',0,'dipanshu.kasade.phy14@itbhu.ac.in','5FNSMV66YE','','',0,1,'2015-05-06 23:56:30'),(1777,'','2015-05-06 23:56:30',0,'neel.rathore.phy14@itbhu.ac.in','608O13EPXB','','',0,1,'2015-05-06 23:56:30'),(1778,'','2015-05-06 23:56:30',0,'shubham.lakhotia.phy14@itbhu.ac.in','QM8Z9IAFXW','','',0,1,'2015-05-06 23:56:30'),(1779,'','2015-05-06 23:56:30',0,'sachin.goyal.chy14@itbhu.ac.in','8JK25Y0JGN','','',0,1,'2015-05-06 23:56:30'),(1780,'','2015-05-06 23:56:30',0,'sunil.john.chy14@itbhu.ac.in','QZ64HA9MNL','','',0,1,'2015-05-06 23:56:30'),(1781,'','2015-05-06 23:56:30',0,'dakshi.suri.chy14@itbhu.ac.in','6CJ4KMPUGF','','',0,1,'2015-05-06 23:56:30'),(1782,'','2015-05-06 23:56:31',0,'jyash.manoj.chy14@itbhu.ac.in','9TJGI7HU44','','',0,1,'2015-05-06 23:56:31'),(1783,'','2015-05-06 23:56:31',0,'shreemoyee.sarkar.chy14@itbhu.ac.in','J99LK4TXBU','','',0,1,'2015-05-06 23:56:31'),(1784,'','2015-05-06 23:56:31',0,'joshi.pganesh.chy14@itbhu.ac.in','TXWMTTAHE6','','',0,1,'2015-05-06 23:56:31'),(1785,'','2015-05-06 23:56:31',0,'shreya.mathur.chy14@itbhu.ac.in','3APFSVA7K4','','',0,1,'2015-05-06 23:56:31'),(1786,'','2015-05-06 23:56:31',0,'devender.chy14@itbhu.ac.in','3D4EWMP3N4','','',0,1,'2015-05-06 23:56:31'),(1787,'','2015-05-06 23:56:31',0,'praveen.chaudhary.chy14@itbhu.ac.in','DX0TKDGLUA','','',0,1,'2015-05-06 23:56:31'),(1788,'','2015-05-06 23:56:31',0,'shivam.sahu.chy14@itbhu.ac.in','K47ETH87LD','','',0,1,'2015-05-06 23:56:31'),(1789,'','2015-05-06 23:56:31',0,'indu.priya.chy14@itbhu.ac.in','21STF441RV','','',0,1,'2015-05-06 23:56:31'),(1790,'','2015-05-06 23:56:31',0,'supreeto.saha.chy14@itbhu.ac.in','REZO8422ID','','',0,1,'2015-05-06 23:56:31'),(1791,'','2015-05-06 23:56:31',0,'ashwani.kmehta.chy14@itbhu.ac.in','1H05BULALD','','',0,1,'2015-05-06 23:56:31'),(1792,'','2015-05-06 23:56:31',0,'vijay.psingh.chy14@itbhu.ac.in','GPGSI9TX4Q','','',0,1,'2015-05-06 23:56:31'),(1793,'','2015-05-06 23:56:31',0,'gaurav.somani.mat14@itbhu.ac.in','2GNYNJY2SI','','',0,1,'2015-05-06 23:56:31'),(1794,'','2015-05-06 23:56:31',0,'swetha.rayala.mat14@itbhu.ac.in','N4A1LZHN71','','',0,1,'2015-05-06 23:56:31'),(1795,'','2015-05-06 23:56:31',0,'ankit.gupta.mat14@itbhu.ac.in','BNA1WRV119','','',0,1,'2015-05-06 23:56:31'),(1796,'','2015-05-06 23:56:31',0,'rronith.reddy.mat14@itbhu.ac.in','1MFAD4L5B4','','',0,1,'2015-05-06 23:56:31'),(1797,'','2015-05-06 23:56:31',0,'sourav.mat14@itbhu.ac.in','41VKRI4QMW','','',0,1,'2015-05-06 23:56:31'),(1798,'','2015-05-06 23:56:31',0,'mdzeeshan.goury.mat14@itbhu.ac.in','Z6UYSWQ781','','',0,1,'2015-05-06 23:56:31'),(1799,'','2015-05-06 23:56:31',0,'ravi.raushan.mat14@itbhu.ac.in','AMKK3NL5RS','','',0,1,'2015-05-06 23:56:31'),(1800,'','2015-05-06 23:56:31',0,'deepak.kumar.mat14@itbhu.ac.in','HBYYM128QJ','','',0,1,'2015-05-06 23:56:31'),(1801,'','2015-05-06 23:56:31',0,'rajat.ksingh.mat14@itbhu.ac.in','QHY2U111Q0','','',0,1,'2015-05-06 23:56:31'),(1802,'','2015-05-06 23:56:31',0,'sparsh.prasad.mat14@itbhu.ac.in','26BUE7U0T5','','',0,1,'2015-05-06 23:56:31'),(1803,'','2015-05-06 23:56:31',0,'alok.danodia.mat14@itbhu.ac.in','GKVMJU4G61','','',0,1,'2015-05-06 23:56:31'),(1804,'','2015-05-06 23:56:31',0,'pnilay.kailashbhai.mat14@itbhu.ac.in','U0Z7MA3QMQ','','',0,1,'2015-05-06 23:56:31'),(1805,'','2015-05-06 23:56:31',0,'niranjan.tudu.mat14@itbhu.ac.in','V8NA58U9KW','','',0,1,'2015-05-06 23:56:31'),(1806,'','2015-05-06 23:56:31',0,'NULL','QCB3DS4TKW','','',0,1,'2015-05-06 23:56:31'),(1807,'','2015-05-06 23:56:32',0,'debrup.roy.mat14@itbhu.ac.in','SKGFLJ6LXF','','',0,1,'2015-05-06 23:56:32'),(1808,'','2015-05-06 23:56:32',0,'dhruv.agrawal.mat14@itbhu.ac.in','XONOYAJO21','','',0,1,'2015-05-06 23:56:32'),(1809,'','2015-05-06 23:56:32',0,'sparsh.garg.mat14@itbhu.ac.in','0573UCSD9E','','',0,1,'2015-05-06 23:56:32'),(1810,'','2015-05-06 23:56:32',0,'dheeraj.sejwani.mat14@itbhu.ac.in','DSZY9C5G0I','','',0,1,'2015-05-06 23:56:32'),(1811,'','2015-05-06 23:56:32',0,'vikhyat.chadha.mat14@itbhu.ac.in','HRZ2YNYY7X','','',0,1,'2015-05-06 23:56:32'),(1812,'','2015-05-06 23:56:32',0,'mukul.agarwal.mat14@itbhu.ac.in','JX85RLXN17','','',0,1,'2015-05-06 23:56:32'),(1813,'','2015-05-06 23:56:32',0,'jitendra.patel.phe14@itbhu.ac.in','88OTCG4AW2','','',0,1,'2015-05-06 23:56:32'),(1814,'','2015-05-06 23:56:32',0,'indrajeet.kumar.phe14@itbhu.ac.in','FAXO4LEUQP','','',0,1,'2015-05-06 23:56:32'),(1815,'','2015-05-06 23:56:32',0,'omkar.nath.phe14@itbhu.ac.in','ARKD4N9PLV','','',0,1,'2015-05-06 23:56:32'),(1816,'','2015-05-06 23:56:32',0,'akshay.rai.phe14@itbhu.ac.in','JJFZZHMCDO','','',0,1,'2015-05-06 23:56:32'),(1817,'pbkdf2_sha256$15000$EMf14Ip0pApL$RVxKtuEpIfpkWcDpOERiSbUiZ6ntJhjkN0oKVLQ6CcM=','2015-05-07 02:12:18',1,'hirendra','KLAKZGI5J0','','hirendrathakur1993@gmail.com',1,1,'2015-05-06 23:57:04'),(1818,'pbkdf2_sha256$12000$f4sQrfaSOw6r$7mLucgxgShesNOnzSuq9E6Qd3JZ6ud3eqEZuq7wsUk0=','2015-05-07 07:13:28',0,'hirendrathakur10@gmail.com','ASYTC7OTGL','','',0,1,'2015-05-07 07:13:28');
/*!40000 ALTER TABLE `auth_user` ENABLE KEYS */;
UNLOCK TABLES;

--
-- Table structure for table `auth_user_groups`
--

DROP TABLE IF EXISTS `auth_user_groups`;
/*!40101 SET @saved_cs_client     = @@character_set_client */;
/*!40101 SET character_set_client = utf8 */;
CREATE TABLE `auth_user_groups` (
  `id` int(11) NOT NULL AUTO_INCREMENT,
  `user_id` int(11) NOT NULL,
  `group_id` int(11) NOT NULL,
  PRIMARY KEY (`id`),
  UNIQUE KEY `user_id` (`user_id`,`group_id`),
  KEY `auth_user_groups_e8701ad4` (`user_id`),
  KEY `auth_user_groups_0e939a4f` (`group_id`),
  CONSTRAINT `auth_user_groups_group_id_30a071c9_fk_auth_group_id` FOREIGN KEY (`group_id`) REFERENCES `auth_group` (`id`),
  CONSTRAINT `auth_user_groups_user_id_24702650_fk_auth_user_id` FOREIGN KEY (`user_id`) REFERENCES `auth_user` (`id`)
) ENGINE=InnoDB DEFAULT CHARSET=latin1;
/*!40101 SET character_set_client = @saved_cs_client */;

--
-- Dumping data for table `auth_user_groups`
--

LOCK TABLES `auth_user_groups` WRITE;
/*!40000 ALTER TABLE `auth_user_groups` DISABLE KEYS */;
/*!40000 ALTER TABLE `auth_user_groups` ENABLE KEYS */;
UNLOCK TABLES;

--
-- Table structure for table `auth_user_user_permissions`
--

DROP TABLE IF EXISTS `auth_user_user_permissions`;
/*!40101 SET @saved_cs_client     = @@character_set_client */;
/*!40101 SET character_set_client = utf8 */;
CREATE TABLE `auth_user_user_permissions` (
  `id` int(11) NOT NULL AUTO_INCREMENT,
  `user_id` int(11) NOT NULL,
  `permission_id` int(11) NOT NULL,
  PRIMARY KEY (`id`),
  UNIQUE KEY `user_id` (`user_id`,`permission_id`),
  KEY `auth_user_user_permissions_e8701ad4` (`user_id`),
  KEY `auth_user_user_permissions_8373b171` (`permission_id`),
  CONSTRAINT `auth_user_user_permissions_user_id_7cd7acb6_fk_auth_user_id` FOREIGN KEY (`user_id`) REFERENCES `auth_user` (`id`),
  CONSTRAINT `auth_user_user_perm_permission_id_3d7071f0_fk_auth_permission_id` FOREIGN KEY (`permission_id`) REFERENCES `auth_permission` (`id`)
) ENGINE=InnoDB DEFAULT CHARSET=latin1;
/*!40101 SET character_set_client = @saved_cs_client */;

--
-- Dumping data for table `auth_user_user_permissions`
--

LOCK TABLES `auth_user_user_permissions` WRITE;
/*!40000 ALTER TABLE `auth_user_user_permissions` DISABLE KEYS */;
/*!40000 ALTER TABLE `auth_user_user_permissions` ENABLE KEYS */;
UNLOCK TABLES;

--
-- Table structure for table `django_admin_log`
--

DROP TABLE IF EXISTS `django_admin_log`;
/*!40101 SET @saved_cs_client     = @@character_set_client */;
/*!40101 SET character_set_client = utf8 */;
CREATE TABLE `django_admin_log` (
  `id` int(11) NOT NULL AUTO_INCREMENT,
  `action_time` datetime NOT NULL,
  `object_id` longtext,
  `object_repr` varchar(200) NOT NULL,
  `action_flag` smallint(5) unsigned NOT NULL,
  `change_message` longtext NOT NULL,
  `content_type_id` int(11) DEFAULT NULL,
  `user_id` int(11) NOT NULL,
  PRIMARY KEY (`id`),
  KEY `django_admin_log_417f1b1c` (`content_type_id`),
  KEY `django_admin_log_e8701ad4` (`user_id`),
  CONSTRAINT `django_admin_log_user_id_1c5f563_fk_auth_user_id` FOREIGN KEY (`user_id`) REFERENCES `auth_user` (`id`),
  CONSTRAINT `django_admin__content_type_id_5151027a_fk_django_content_type_id` FOREIGN KEY (`content_type_id`) REFERENCES `django_content_type` (`id`)
) ENGINE=InnoDB AUTO_INCREMENT=2 DEFAULT CHARSET=latin1;
/*!40101 SET character_set_client = @saved_cs_client */;

--
-- Dumping data for table `django_admin_log`
--

LOCK TABLES `django_admin_log` WRITE;
/*!40000 ALTER TABLE `django_admin_log` DISABLE KEYS */;
INSERT INTO `django_admin_log` VALUES (1,'2015-05-07 07:13:28','1818','hirendrathakur10@gmail.com',1,'',4,1817);
/*!40000 ALTER TABLE `django_admin_log` ENABLE KEYS */;
UNLOCK TABLES;

--
-- Table structure for table `django_content_type`
--

DROP TABLE IF EXISTS `django_content_type`;
/*!40101 SET @saved_cs_client     = @@character_set_client */;
/*!40101 SET character_set_client = utf8 */;
CREATE TABLE `django_content_type` (
  `id` int(11) NOT NULL AUTO_INCREMENT,
  `name` varchar(100) NOT NULL,
  `app_label` varchar(100) NOT NULL,
  `model` varchar(100) NOT NULL,
  PRIMARY KEY (`id`),
  UNIQUE KEY `django_content_type_app_label_3ec8c61c_uniq` (`app_label`,`model`)
) ENGINE=InnoDB AUTO_INCREMENT=15 DEFAULT CHARSET=latin1;
/*!40101 SET character_set_client = @saved_cs_client */;

--
-- Dumping data for table `django_content_type`
--

LOCK TABLES `django_content_type` WRITE;
/*!40000 ALTER TABLE `django_content_type` DISABLE KEYS */;
INSERT INTO `django_content_type` VALUES (1,'log entry','admin','logentry'),(2,'permission','auth','permission'),(3,'group','auth','group'),(4,'user','auth','user'),(5,'content type','contenttypes','contenttype'),(6,'session','sessions','session'),(7,'student','feedback','student'),(8,'subject','feedback','subject'),(9,'professor','feedback','professor'),(10,'course','feedback','course'),(11,'question','feedback','question'),(12,'result','feedback','result'),(13,'done','feedback','done'),(14,'comment','feedback','comment');
/*!40000 ALTER TABLE `django_content_type` ENABLE KEYS */;
UNLOCK TABLES;

--
-- Table structure for table `django_migrations`
--

DROP TABLE IF EXISTS `django_migrations`;
/*!40101 SET @saved_cs_client     = @@character_set_client */;
/*!40101 SET character_set_client = utf8 */;
CREATE TABLE `django_migrations` (
  `id` int(11) NOT NULL AUTO_INCREMENT,
  `app` varchar(255) NOT NULL,
  `name` varchar(255) NOT NULL,
  `applied` datetime NOT NULL,
  PRIMARY KEY (`id`)
) ENGINE=InnoDB AUTO_INCREMENT=27 DEFAULT CHARSET=latin1;
/*!40101 SET character_set_client = @saved_cs_client */;

--
-- Dumping data for table `django_migrations`
--

LOCK TABLES `django_migrations` WRITE;
/*!40000 ALTER TABLE `django_migrations` DISABLE KEYS */;
INSERT INTO `django_migrations` VALUES (1,'contenttypes','0001_initial','2015-05-03 06:45:46'),(2,'auth','0001_initial','2015-05-03 06:45:58'),(3,'admin','0001_initial','2015-05-03 06:46:01'),(4,'feedback','0001_initial','2015-05-03 06:46:19'),(5,'feedback','0002_auto_20150405_0911','2015-05-03 06:46:20'),(6,'feedback','0003_auto_20150406_1447','2015-05-03 06:46:20'),(7,'feedback','0004_auto_20150503_0619','2015-05-03 06:46:24'),(8,'feedback','0005_auto_20150503_0643','2015-05-03 06:46:25'),(9,'feedback','0006_auto_20150503_0645','2015-05-03 06:46:26'),(10,'sessions','0001_initial','2015-05-03 06:46:26'),(11,'feedback','0007_auto_20150503_0816','2015-05-03 08:16:48'),(12,'feedback','0008_auto_20150504_0613','2015-05-05 17:14:10'),(13,'feedback','0009_auto_20150504_0613','2015-05-05 17:14:11'),(14,'feedback','0010_auto_20150504_0620','2015-05-05 17:14:12'),(15,'feedback','0011_auto_20150504_1421','2015-05-05 17:14:13'),(16,'feedback','0012_auto_20150505_1700','2015-05-05 17:14:14'),(17,'feedback','0013_auto_20150505_1748','2015-05-05 17:48:47'),(18,'feedback','0014_auto_20150505_2053','2015-05-06 08:57:20'),(19,'feedback','0015_auto_20150506_0857','2015-05-06 08:57:21'),(20,'auth','0002_auto_20150506_1018','2015-05-06 10:18:34'),(21,'feedback','0014_auto_20150506_1018','2015-05-06 10:18:35'),(22,'feedback','0015_auto_20150506_2247','2015-05-07 07:05:29'),(23,'feedback','0016_auto_20150506_2312','2015-05-07 07:05:30'),(24,'feedback','0017_auto_20150506_2347','2015-05-07 07:05:31'),(25,'feedback','0018_auto_20150506_2349','2015-05-07 07:05:32'),(26,'feedback','0019_auto_20150507_0705','2015-05-07 07:05:33');
/*!40000 ALTER TABLE `django_migrations` ENABLE KEYS */;
UNLOCK TABLES;

--
-- Table structure for table `django_session`
--

DROP TABLE IF EXISTS `django_session`;
/*!40101 SET @saved_cs_client     = @@character_set_client */;
/*!40101 SET character_set_client = utf8 */;
CREATE TABLE `django_session` (
  `session_key` varchar(40) NOT NULL,
  `session_data` longtext NOT NULL,
  `expire_date` datetime NOT NULL,
  PRIMARY KEY (`session_key`),
  KEY `django_session_de54fa62` (`expire_date`)
) ENGINE=InnoDB DEFAULT CHARSET=latin1;
/*!40101 SET character_set_client = @saved_cs_client */;

--
-- Dumping data for table `django_session`
--

LOCK TABLES `django_session` WRITE;
/*!40000 ALTER TABLE `django_session` DISABLE KEYS */;
INSERT INTO `django_session` VALUES ('1gwbr5xm005cck8c3tyxo0fg8jo0n70l','NjhjODI3ZjUzODg5NjdiYTJiMWI4Yzc0ZWJiODgwYjUzYWFkYWQzYjp7Il9hdXRoX3VzZXJfaGFzaCI6ImNkMDliNWI4MDgzMmFiZjc1NWMwZDYyMGI1N2U0ZjgyNTM0N2VlZDQiLCJfYXV0aF91c2VyX2JhY2tlbmQiOiJkamFuZ28uY29udHJpYi5hdXRoLmJhY2tlbmRzLk1vZGVsQmFja2VuZCIsIl9hdXRoX3VzZXJfaWQiOjE4MTd9','2015-05-21 02:12:18'),('7l6poiic7xnd79305b1yuyndddnv3zkt','NDMzYWY3MDgzZjY0ODIzMDE3MzUyNDgzYjE5NzdhNTdmMDY4YjZlMTp7fQ==','2015-05-19 14:59:48'),('7wcczx30hyn6i7g2dyi7xljgd8a9kbog','MGU5N2NjYzBmY2NmNjRhOTFkMmJkYWM0NWQzYzk4OTdlYzRmY2Y1OTp7Il9hdXRoX3VzZXJfaGFzaCI6ImFiZmE2NjdjMTk3YmI2N2RjNThjZTdkYjg1YzY4NGM3YWVmNWQ2YmIiLCJfYXV0aF91c2VyX2JhY2tlbmQiOiJkamFuZ28uY29udHJpYi5hdXRoLmJhY2tlbmRzLk1vZGVsQmFja2VuZCIsIl9hdXRoX3VzZXJfaWQiOjV9','2015-05-19 17:15:03'),('93k7exk6xc5d5vuzw330ztl5zxpvcauh','NDMzYWY3MDgzZjY0ODIzMDE3MzUyNDgzYjE5NzdhNTdmMDY4YjZlMTp7fQ==','2015-05-21 07:21:39'),('aui8lit2uv5etaw138jykscs4d8nkl62','YzVjN2ZlMmNlYzg0ZjdjOTE3MDU5MWRmMzFlMTQ0ZDI1NjM4ZWUyYzp7Il9hdXRoX3VzZXJfaGFzaCI6IjIwZWViZjRmMTA2ZjkyZWEzMWZmN2M3Nzg2ZGU2YjYxMTUzYzlhOWEiLCJ1c2VyX2lkIjoiMTQxMzUwODQiLCJfYXV0aF91c2VyX2JhY2tlbmQiOiJkamFuZ28uY29udHJpYi5hdXRoLmJhY2tlbmRzLk1vZGVsQmFja2VuZCIsIl9hdXRoX3VzZXJfaWQiOjR9','2015-05-19 15:13:53'),('mmhbdsf6ojqww4m1f92ifl04q64wjkzq','NDMzYWY3MDgzZjY0ODIzMDE3MzUyNDgzYjE5NzdhNTdmMDY4YjZlMTp7fQ==','2015-05-19 18:29:53'),('y361cebr0r2bebpn4ko9uhmat0hrmhjo','OWM3MjY5NThlOTVhYWFmYmYyZTgwY2EwMmI0NWFhMmFkYzRkMWViZTp7Il9hdXRoX3VzZXJfaGFzaCI6IjMzZWEwNjI3NmU4ODVkMWMxMWZmMWUzMTRjM2I1Mzc4NDU1ZjllOWQiLCJ1c2VyX2lkIjoiYWtzaGF5LnJhaS5waGUxNEBpdGJodS5hYy5pbiIsIl9hdXRoX3VzZXJfYmFja2VuZCI6ImRqYW5nby5jb250cmliLmF1dGguYmFja2VuZHMuTW9kZWxCYWNrZW5kIiwiX2F1dGhfdXNlcl9pZCI6OTEzfQ==','2015-05-20 21:38:47');
/*!40000 ALTER TABLE `django_session` ENABLE KEYS */;
UNLOCK TABLES;

--
-- Table structure for table `feedback_comment`
--

DROP TABLE IF EXISTS `feedback_comment`;
/*!40101 SET @saved_cs_client     = @@character_set_client */;
/*!40101 SET character_set_client = utf8 */;
CREATE TABLE `feedback_comment` (
  `id` int(11) NOT NULL AUTO_INCREMENT,
  `comment_1` varchar(1000) DEFAULT NULL,
  `comment_2` varchar(1000) DEFAULT NULL,
  `comment_3` varchar(1000) DEFAULT NULL,
  `comment_4` varchar(1000) DEFAULT NULL,
  `course_id` int(11) NOT NULL,
  PRIMARY KEY (`id`),
  KEY `feedback_comment_ea134da7` (`course_id`),
  CONSTRAINT `feedback_comment_course_id_512c194c_fk_feedback_course_id` FOREIGN KEY (`course_id`) REFERENCES `feedback_course` (`id`)
) ENGINE=InnoDB AUTO_INCREMENT=5 DEFAULT CHARSET=latin1;
/*!40101 SET character_set_client = @saved_cs_client */;

--
-- Dumping data for table `feedback_comment`
--

LOCK TABLES `feedback_comment` WRITE;
/*!40000 ALTER TABLE `feedback_comment` DISABLE KEYS */;
INSERT INTO `feedback_comment` VALUES (1,'','','','',56),(2,'','','','',56),(3,'','','','',50),(4,'','','','',56);
/*!40000 ALTER TABLE `feedback_comment` ENABLE KEYS */;
UNLOCK TABLES;

--
-- Table structure for table `feedback_course`
--

DROP TABLE IF EXISTS `feedback_course`;
/*!40101 SET @saved_cs_client     = @@character_set_client */;
/*!40101 SET character_set_client = utf8 */;
CREATE TABLE `feedback_course` (
  `id` int(11) NOT NULL AUTO_INCREMENT,
  `prof_date` datetime NOT NULL,
  `professor_id` int(11) NOT NULL,
  `subject_id` int(11) NOT NULL,
  PRIMARY KEY (`id`),
  KEY `feedback_course_fa68148b` (`professor_id`),
  KEY `feedback_course_ffaba1d1` (`subject_id`),
  CONSTRAINT `feedback_course_professor_id_263f0848_fk_feedback_professor_id` FOREIGN KEY (`professor_id`) REFERENCES `feedback_professor` (`id`),
  CONSTRAINT `feedback_course_subject_id_77f11405_fk_feedback_subject_id` FOREIGN KEY (`subject_id`) REFERENCES `feedback_subject` (`id`)
) ENGINE=InnoDB AUTO_INCREMENT=68 DEFAULT CHARSET=latin1;
/*!40101 SET character_set_client = @saved_cs_client */;

--
-- Dumping data for table `feedback_course`
--

LOCK TABLES `feedback_course` WRITE;
/*!40000 ALTER TABLE `feedback_course` DISABLE KEYS */;
INSERT INTO `feedback_course` VALUES (2,'2015-05-04 06:23:55',47,1),(3,'2015-05-04 06:23:55',49,1),(4,'2015-05-04 06:23:55',60,2),(5,'2015-05-04 06:23:55',94,3),(6,'2015-05-04 06:23:55',90,4),(7,'2015-05-04 06:23:55',8,5),(8,'2015-05-04 06:23:55',171,6),(9,'2015-05-04 06:23:55',77,7),(10,'2015-05-04 06:23:55',75,8),(11,'2015-05-04 06:23:55',127,10),(12,'2015-05-04 06:23:55',19,12),(13,'2015-05-04 06:23:55',125,13),(14,'2015-05-04 06:23:55',8,14),(15,'2015-05-04 06:23:55',247,15),(16,'2015-05-04 06:23:55',60,15),(17,'2015-05-04 06:23:55',145,16),(18,'2015-05-04 06:23:55',155,17),(19,'2015-05-04 06:23:55',151,18),(20,'2015-05-04 06:23:55',138,19),(21,'2015-05-04 06:23:55',40,20),(22,'2015-05-04 06:23:55',245,20),(23,'2015-05-04 06:23:55',255,20),(24,'2015-05-04 06:23:55',46,20),(25,'2015-05-04 06:23:55',34,21),(26,'2015-05-04 06:23:55',42,21),(27,'2015-05-04 06:23:55',39,21),(28,'2015-05-04 06:23:55',245,21),(29,'2015-05-04 06:23:55',46,21),(30,'2015-05-04 06:23:55',41,21),(31,'2015-05-04 06:23:55',30,27),(32,'2015-05-04 06:23:55',20,28),(33,'2015-05-04 06:23:55',67,29),(34,'2015-05-04 06:23:55',67,30),(35,'2015-05-04 06:23:55',169,32),(36,'2015-05-04 06:23:55',169,33),(37,'2015-05-04 06:23:55',195,34),(38,'2015-05-04 06:23:55',171,35),(39,'2015-05-04 06:23:55',221,36),(40,'2015-05-04 06:23:55',228,37),(41,'2015-05-04 06:23:55',234,37),(42,'2015-05-04 06:23:55',226,37),(43,'2015-05-04 06:23:55',221,37),(44,'2015-05-04 06:23:55',216,38),(45,'2015-05-04 06:23:55',214,39),(46,'2015-05-04 06:23:55',237,40),(47,'2015-05-04 06:23:55',202,41),(48,'2015-05-04 06:23:55',212,42),(49,'2015-05-04 06:23:55',246,43),(50,'2015-05-04 06:23:55',247,43),(51,'2015-05-04 06:23:55',250,43),(52,'2015-05-04 06:23:55',38,44),(53,'2015-05-04 06:23:55',39,44),(54,'2015-05-04 06:23:55',43,44),(55,'2015-05-04 06:23:55',255,44),(56,'2015-05-04 06:23:55',36,45),(57,'2015-05-04 06:23:55',258,46),(58,'2015-05-04 06:23:55',258,47),(59,'2015-05-06 10:55:41',224,37),(60,'2015-05-06 10:55:41',259,36),(61,'2015-05-06 10:55:41',260,31),(62,'2015-05-06 10:55:41',261,9),(63,'2015-05-06 10:55:41',262,11),(64,'2015-05-06 10:55:41',263,22),(65,'2015-05-06 10:55:41',264,23),(66,'2015-05-06 10:55:41',265,24),(67,'2015-05-06 10:55:41',266,26);
/*!40000 ALTER TABLE `feedback_course` ENABLE KEYS */;
UNLOCK TABLES;

--
-- Table structure for table `feedback_done`
--

DROP TABLE IF EXISTS `feedback_done`;
/*!40101 SET @saved_cs_client     = @@character_set_client */;
/*!40101 SET character_set_client = utf8 */;
CREATE TABLE `feedback_done` (
  `id` int(11) NOT NULL AUTO_INCREMENT,
  `done` int(11) NOT NULL,
  `course_id` int(11) NOT NULL,
  `student_id` int(11) NOT NULL,
  PRIMARY KEY (`id`),
  KEY `feedback_done_ea134da7` (`course_id`),
  KEY `feedback_done_30a811f6` (`student_id`),
  CONSTRAINT `feedback_done_course_id_70a8bdb2_fk_feedback_course_id` FOREIGN KEY (`course_id`) REFERENCES `feedback_course` (`id`),
  CONSTRAINT `feedback_done_student_id_e4b73e1_fk_feedback_student_id` FOREIGN KEY (`student_id`) REFERENCES `feedback_student` (`id`)
) ENGINE=InnoDB AUTO_INCREMENT=5968 DEFAULT CHARSET=latin1;
/*!40101 SET character_set_client = @saved_cs_client */;

--
-- Dumping data for table `feedback_done`
--

LOCK TABLES `feedback_done` WRITE;
/*!40000 ALTER TABLE `feedback_done` DISABLE KEYS */;
INSERT INTO `feedback_done` VALUES (1,0,33,1),(2,0,34,1),(3,0,35,1),(4,0,52,1),(5,0,53,1),(6,0,54,1),(7,0,55,1),(8,0,33,2),(9,0,34,2),(10,0,35,2),(11,0,52,2),(12,0,53,2),(13,0,54,2),(14,0,55,2),(15,0,33,3),(16,0,34,3),(17,0,35,3),(18,0,52,3),(19,0,53,3),(20,0,54,3),(21,0,55,3),(22,0,33,4),(23,0,34,4),(24,0,35,4),(25,0,52,4),(26,0,53,4),(27,0,54,4),(28,0,55,4),(29,0,33,5),(30,0,34,5),(31,0,35,5),(32,0,52,5),(33,0,53,5),(34,0,54,5),(35,0,55,5),(36,0,33,6),(37,0,34,6),(38,0,35,6),(39,0,52,6),(40,0,53,6),(41,0,54,6),(42,0,55,6),(43,0,33,7),(44,0,34,7),(45,0,35,7),(46,0,52,7),(47,0,53,7),(48,0,54,7),(49,0,55,7),(50,0,33,8),(51,0,34,8),(52,0,35,8),(53,0,52,8),(54,0,53,8),(55,0,54,8),(56,0,55,8),(57,0,33,9),(58,0,34,9),(59,0,35,9),(60,0,52,9),(61,0,53,9),(62,0,54,9),(63,0,55,9),(64,0,33,10),(65,0,34,10),(66,0,35,10),(67,0,52,10),(68,0,53,10),(69,0,54,10),(70,0,55,10),(71,0,33,11),(72,0,34,11),(73,0,35,11),(74,0,52,11),(75,0,53,11),(76,0,54,11),(77,0,55,11),(78,0,33,12),(79,0,34,12),(80,0,35,12),(81,0,52,12),(82,0,53,12),(83,0,54,12),(84,0,55,12),(85,0,33,13),(86,0,34,13),(87,0,35,13),(88,0,52,13),(89,0,53,13),(90,0,54,13),(91,0,55,13),(92,0,33,14),(93,0,34,14),(94,0,35,14),(95,0,52,14),(96,0,53,14),(97,0,54,14),(98,0,55,14),(99,0,33,15),(100,0,34,15),(101,0,35,15),(102,0,52,15),(103,0,53,15),(104,0,54,15),(105,0,55,15),(106,0,33,16),(107,0,34,16),(108,0,35,16),(109,0,52,16),(110,0,53,16),(111,0,54,16),(112,0,55,16),(113,0,33,17),(114,0,34,17),(115,0,35,17),(116,0,52,17),(117,0,53,17),(118,0,54,17),(119,0,55,17),(120,0,33,18),(121,0,34,18),(122,0,35,18),(123,0,52,18),(124,0,53,18),(125,0,54,18),(126,0,55,18),(127,0,33,19),(128,0,34,19),(129,0,35,19),(130,0,52,19),(131,0,53,19),(132,0,54,19),(133,0,55,19),(134,0,33,20),(135,0,34,20),(136,0,35,20),(137,0,52,20),(138,0,53,20),(139,0,54,20),(140,0,55,20),(141,0,33,21),(142,0,34,21),(143,0,35,21),(144,0,52,21),(145,0,53,21),(146,0,54,21),(147,0,55,21),(148,0,33,22),(149,0,34,22),(150,0,35,22),(151,0,52,22),(152,0,53,22),(153,0,54,22),(154,0,55,22),(155,0,33,23),(156,0,34,23),(157,0,35,23),(158,0,52,23),(159,0,53,23),(160,0,54,23),(161,0,55,23),(162,0,33,24),(163,0,34,24),(164,0,35,24),(165,0,52,24),(166,0,53,24),(167,0,54,24),(168,0,55,24),(169,0,33,25),(170,0,34,25),(171,0,35,25),(172,0,52,25),(173,0,53,25),(174,0,54,25),(175,0,55,25),(176,0,33,26),(177,0,34,26),(178,0,35,26),(179,0,52,26),(180,0,53,26),(181,0,54,26),(182,0,55,26),(183,0,33,27),(184,0,34,27),(185,0,35,27),(186,0,52,27),(187,0,53,27),(188,0,54,27),(189,0,55,27),(190,0,33,28),(191,0,34,28),(192,0,35,28),(193,0,52,28),(194,0,53,28),(195,0,54,28),(196,0,55,28),(197,0,33,29),(198,0,34,29),(199,0,35,29),(200,0,52,29),(201,0,53,29),(202,0,54,29),(203,0,55,29),(204,0,33,30),(205,0,34,30),(206,0,35,30),(207,0,52,30),(208,0,53,30),(209,0,54,30),(210,0,55,30),(211,0,33,31),(212,0,34,31),(213,0,35,31),(214,0,52,31),(215,0,53,31),(216,0,54,31),(217,0,55,31),(218,0,33,32),(219,0,34,32),(220,0,35,32),(221,0,52,32),(222,0,53,32),(223,0,54,32),(224,0,55,32),(225,0,33,33),(226,0,34,33),(227,0,35,33),(228,0,52,33),(229,0,53,33),(230,0,54,33),(231,0,55,33),(232,0,33,34),(233,0,34,34),(234,0,35,34),(235,0,52,34),(236,0,53,34),(237,0,54,34),(238,0,55,34),(239,0,6,35),(240,0,9,35),(241,0,10,35),(242,0,31,35),(243,0,36,35),(244,0,57,35),(245,0,6,36),(246,0,9,36),(247,0,10,36),(248,0,31,36),(249,0,36,36),(250,0,57,36),(251,0,6,37),(252,0,9,37),(253,0,10,37),(254,0,31,37),(255,0,36,37),(256,0,57,37),(257,0,6,38),(258,0,9,38),(259,0,10,38),(260,0,20,38),(261,0,31,38),(262,0,36,38),(263,0,58,38),(264,0,6,39),(265,0,9,39),(266,0,10,39),(267,0,31,39),(268,0,36,39),(269,0,57,39),(270,0,6,40),(271,0,9,40),(272,0,10,40),(273,0,20,40),(274,0,31,40),(275,0,36,40),(276,0,58,40),(277,0,6,41),(278,0,9,41),(279,0,10,41),(280,0,20,41),(281,0,31,41),(282,0,36,41),(283,0,58,41),(284,0,6,42),(285,0,9,42),(286,0,10,42),(287,0,31,42),(288,0,36,42),(289,0,57,42),(290,0,6,43),(291,0,9,43),(292,0,10,43),(293,0,20,43),(294,0,31,43),(295,0,36,43),(296,0,58,43),(297,0,6,44),(298,0,9,44),(299,0,10,44),(300,0,31,44),(301,0,36,44),(302,0,57,44),(303,0,6,45),(304,0,9,45),(305,0,10,45),(306,0,31,45),(307,0,36,45),(308,0,57,45),(309,0,6,46),(310,0,9,46),(311,0,10,46),(312,0,31,46),(313,0,36,46),(314,0,57,46),(315,0,6,47),(316,0,9,47),(317,0,10,47),(318,0,31,47),(319,0,36,47),(320,0,57,47),(321,0,6,48),(322,0,9,48),(323,0,10,48),(324,0,31,48),(325,0,36,48),(326,0,57,48),(327,0,6,49),(328,0,9,49),(329,0,10,49),(330,0,31,49),(331,0,36,49),(332,0,57,49),(333,0,6,50),(334,0,9,50),(335,0,10,50),(336,0,20,50),(337,0,31,50),(338,0,36,50),(339,0,58,50),(340,0,6,51),(341,0,9,51),(342,0,10,51),(343,0,31,51),(344,0,36,51),(345,0,57,51),(346,0,6,52),(347,0,9,52),(348,0,10,52),(349,0,31,52),(350,0,36,52),(351,0,57,52),(352,0,6,53),(353,0,9,53),(354,0,10,53),(355,0,20,53),(356,0,31,53),(357,0,36,53),(358,0,58,53),(359,0,6,54),(360,0,9,54),(361,0,10,54),(362,0,20,54),(363,0,31,54),(364,0,36,54),(365,0,58,54),(366,0,6,55),(367,0,9,55),(368,0,10,55),(369,0,20,55),(370,0,31,55),(371,0,36,55),(372,0,58,55),(373,0,6,56),(374,0,9,56),(375,0,10,56),(376,0,20,56),(377,0,31,56),(378,0,36,56),(379,0,58,56),(380,0,6,57),(381,0,9,57),(382,0,10,57),(383,0,31,57),(384,0,36,57),(385,0,57,57),(386,0,6,58),(387,0,9,58),(388,0,10,58),(389,0,31,58),(390,0,36,58),(391,0,57,58),(392,0,6,59),(393,0,9,59),(394,0,10,59),(395,0,20,59),(396,0,31,59),(397,0,36,59),(398,0,58,59),(399,0,6,60),(400,0,9,60),(401,0,10,60),(402,0,20,60),(403,0,31,60),(404,0,36,60),(405,0,58,60),(406,0,6,61),(407,0,9,61),(408,0,10,61),(409,0,20,61),(410,0,31,61),(411,0,36,61),(412,0,58,61),(413,0,6,62),(414,0,9,62),(415,0,10,62),(416,0,31,62),(417,0,36,62),(418,0,57,62),(419,0,6,63),(420,0,9,63),(421,0,10,63),(422,0,20,63),(423,0,31,63),(424,0,36,63),(425,0,58,63),(426,0,6,64),(427,0,9,64),(428,0,10,64),(429,0,20,64),(430,0,31,64),(431,0,36,64),(432,0,58,64),(433,0,6,65),(434,0,9,65),(435,0,10,65),(436,0,20,65),(437,0,31,65),(438,0,36,65),(439,0,58,65),(440,0,6,66),(441,0,9,66),(442,0,10,66),(443,0,31,66),(444,0,36,66),(445,0,57,66),(446,0,6,67),(447,0,9,67),(448,0,10,67),(449,0,20,67),(450,0,31,67),(451,0,36,67),(452,0,58,67),(453,0,6,68),(454,0,9,68),(455,0,10,68),(456,0,20,68),(457,0,31,68),(458,0,36,68),(459,0,58,68),(460,0,6,69),(461,0,9,69),(462,0,10,69),(463,0,20,69),(464,0,31,69),(465,0,36,69),(466,0,58,69),(467,0,6,70),(468,0,9,70),(469,0,10,70),(470,0,20,70),(471,0,31,70),(472,0,36,70),(473,0,58,70),(474,0,6,71),(475,0,9,71),(476,0,10,71),(477,0,20,71),(478,0,31,71),(479,0,36,71),(480,0,58,71),(481,0,6,72),(482,0,9,72),(483,0,10,72),(484,0,31,72),(485,0,36,72),(486,0,57,72),(487,0,6,73),(488,0,9,73),(489,0,10,73),(490,0,20,73),(491,0,31,73),(492,0,36,73),(493,0,58,73),(494,0,6,74),(495,0,9,74),(496,0,10,74),(497,0,31,74),(498,0,36,74),(499,0,57,74),(500,0,6,75),(501,0,9,75),(502,0,10,75),(503,0,31,75),(504,0,36,75),(505,0,57,75),(506,0,6,76),(507,0,9,76),(508,0,10,76),(509,0,31,76),(510,0,36,76),(511,0,57,76),(512,0,6,77),(513,0,9,77),(514,0,10,77),(515,0,31,77),(516,0,36,77),(517,0,57,77),(518,0,6,78),(519,0,9,78),(520,0,10,78),(521,0,20,78),(522,0,31,78),(523,0,36,78),(524,0,58,78),(525,0,6,79),(526,0,9,79),(527,0,10,79),(528,0,31,79),(529,0,36,79),(530,0,57,79),(531,0,6,80),(532,0,9,80),(533,0,10,80),(534,0,31,80),(535,0,36,80),(536,0,57,80),(537,0,6,81),(538,0,9,81),(539,0,10,81),(540,0,20,81),(541,0,31,81),(542,0,36,81),(543,0,58,81),(544,0,6,82),(545,0,9,82),(546,0,10,82),(547,0,20,82),(548,0,31,82),(549,0,36,82),(550,0,58,82),(551,0,6,83),(552,0,9,83),(553,0,10,83),(554,0,20,83),(555,0,31,83),(556,0,36,83),(557,0,58,83),(558,0,6,84),(559,0,9,84),(560,0,10,84),(561,0,20,84),(562,0,31,84),(563,0,36,84),(564,0,58,84),(565,0,6,85),(566,0,9,85),(567,0,10,85),(568,0,31,85),(569,0,36,85),(570,0,57,85),(571,0,6,86),(572,0,9,86),(573,0,10,86),(574,0,20,86),(575,0,31,86),(576,0,36,86),(577,0,58,86),(578,0,6,87),(579,0,9,87),(580,0,10,87),(581,0,31,87),(582,0,36,87),(583,0,57,87),(584,0,6,88),(585,0,9,88),(586,0,10,88),(587,0,31,88),(588,0,36,88),(589,0,57,88),(590,0,6,89),(591,0,9,89),(592,0,10,89),(593,0,20,89),(594,0,31,89),(595,0,36,89),(596,0,58,89),(597,0,6,90),(598,0,9,90),(599,0,10,90),(600,0,31,90),(601,0,36,90),(602,0,57,90),(603,0,6,91),(604,0,9,91),(605,0,10,91),(606,0,31,91),(607,0,36,91),(608,0,57,91),(609,0,6,92),(610,0,9,92),(611,0,10,92),(612,0,31,92),(613,0,36,92),(614,0,57,92),(615,0,6,93),(616,0,9,93),(617,0,10,93),(618,0,20,93),(619,0,31,93),(620,0,36,93),(621,0,58,93),(622,0,6,94),(623,0,9,94),(624,0,10,94),(625,0,20,94),(626,0,31,94),(627,0,36,94),(628,0,58,94),(629,0,6,95),(630,0,9,95),(631,0,10,95),(632,0,31,95),(633,0,36,95),(634,0,57,95),(635,0,6,96),(636,0,9,96),(637,0,10,96),(638,0,20,96),(639,0,31,96),(640,0,36,96),(641,0,58,96),(642,0,6,97),(643,0,9,97),(644,0,10,97),(645,0,31,97),(646,0,36,97),(647,0,57,97),(648,0,6,98),(649,0,9,98),(650,0,10,98),(651,0,31,98),(652,0,36,98),(653,0,57,98),(654,0,6,99),(655,0,9,99),(656,0,10,99),(657,0,20,99),(658,0,31,99),(659,0,36,99),(660,0,58,99),(661,0,6,100),(662,0,9,100),(663,0,10,100),(664,0,20,100),(665,0,31,100),(666,0,36,100),(667,0,58,100),(668,0,6,101),(669,0,9,101),(670,0,10,101),(671,0,20,101),(672,0,31,101),(673,0,36,101),(674,0,58,101),(675,0,6,102),(676,0,9,102),(677,0,10,102),(678,0,20,102),(679,0,31,102),(680,0,36,102),(681,0,58,102),(682,0,6,103),(683,0,9,103),(684,0,10,103),(685,0,31,103),(686,0,36,103),(687,0,57,103),(688,0,6,104),(689,0,9,104),(690,0,10,104),(691,0,20,104),(692,0,31,104),(693,0,36,104),(694,0,58,104),(695,0,6,105),(696,0,9,105),(697,0,10,105),(698,0,31,105),(699,0,36,105),(700,0,57,105),(701,0,6,106),(702,0,9,106),(703,0,10,106),(704,0,20,106),(705,0,31,106),(706,0,36,106),(707,0,58,106),(708,0,6,107),(709,0,9,107),(710,0,10,107),(711,0,31,107),(712,0,36,107),(713,0,57,107),(714,0,6,108),(715,0,9,108),(716,0,10,108),(717,0,20,108),(718,0,31,108),(719,0,36,108),(720,0,58,108),(721,0,6,109),(722,0,9,109),(723,0,10,109),(724,0,31,109),(725,0,36,109),(726,0,57,109),(727,0,6,110),(728,0,9,110),(729,0,10,110),(730,0,20,110),(731,0,31,110),(732,0,36,110),(733,0,58,110),(734,0,6,111),(735,0,9,111),(736,0,10,111),(737,0,31,111),(738,0,36,111),(739,0,57,111),(740,0,6,112),(741,0,9,112),(742,0,10,112),(743,0,20,112),(744,0,31,112),(745,0,36,112),(746,0,58,112),(747,0,6,113),(748,0,9,113),(749,0,10,113),(750,0,20,113),(751,0,31,113),(752,0,36,113),(753,0,58,113),(754,0,6,114),(755,0,9,114),(756,0,10,114),(757,0,31,114),(758,0,36,114),(759,0,57,114),(760,0,6,115),(761,0,9,115),(762,0,10,115),(763,0,31,115),(764,0,36,115),(765,0,57,115),(766,0,6,116),(767,0,9,116),(768,0,10,116),(769,0,20,116),(770,0,31,116),(771,0,36,116),(772,0,58,116),(773,0,6,117),(774,0,9,117),(775,0,10,117),(776,0,20,117),(777,0,31,117),(778,0,36,117),(779,0,58,117),(780,0,6,118),(781,0,9,118),(782,0,10,118),(783,0,20,118),(784,0,31,118),(785,0,36,118),(786,0,58,118),(787,0,6,119),(788,0,9,119),(789,0,10,119),(790,0,20,119),(791,0,31,119),(792,0,36,119),(793,0,58,119),(794,0,6,120),(795,0,9,120),(796,0,10,120),(797,0,31,120),(798,0,36,120),(799,0,57,120),(800,0,6,121),(801,0,9,121),(802,0,10,121),(803,0,31,121),(804,0,36,121),(805,0,57,121),(806,0,6,122),(807,0,9,122),(808,0,10,122),(809,0,31,122),(810,0,36,122),(811,0,57,122),(812,0,6,123),(813,0,9,123),(814,0,10,123),(815,0,20,123),(816,0,31,123),(817,0,36,123),(818,0,58,123),(819,0,6,124),(820,0,9,124),(821,0,10,124),(822,0,20,124),(823,0,31,124),(824,0,36,124),(825,0,58,124),(826,0,6,125),(827,0,9,125),(828,0,10,125),(829,0,20,125),(830,0,31,125),(831,0,36,125),(832,0,58,125),(833,0,6,126),(834,0,9,126),(835,0,10,126),(836,0,20,126),(837,0,31,126),(838,0,36,126),(839,0,58,126),(840,0,6,127),(841,0,9,127),(842,0,10,127),(843,0,31,127),(844,0,36,127),(845,0,57,127),(846,0,6,128),(847,0,9,128),(848,0,10,128),(849,0,31,128),(850,0,36,128),(851,0,57,128),(852,0,6,129),(853,0,9,129),(854,0,10,129),(855,0,31,129),(856,0,36,129),(857,0,57,129),(858,0,6,130),(859,0,9,130),(860,0,10,130),(861,0,31,130),(862,0,36,130),(863,0,57,130),(864,0,6,131),(865,0,9,131),(866,0,10,131),(867,0,31,131),(868,0,36,131),(869,0,57,131),(870,0,6,132),(871,0,9,132),(872,0,10,132),(873,0,20,132),(874,0,31,132),(875,0,36,132),(876,0,58,132),(877,0,6,133),(878,0,9,133),(879,0,10,133),(880,0,20,133),(881,0,31,133),(882,0,36,133),(883,0,58,133),(884,0,6,134),(885,0,9,134),(886,0,10,134),(887,0,20,134),(888,0,31,134),(889,0,36,134),(890,0,58,134),(891,0,6,135),(892,0,9,135),(893,0,10,135),(894,0,31,135),(895,0,36,135),(896,0,57,135),(897,0,6,136),(898,0,9,136),(899,0,10,136),(900,0,20,136),(901,0,31,136),(902,0,36,136),(903,0,58,136),(904,0,6,137),(905,0,9,137),(906,0,10,137),(907,0,20,137),(908,0,31,137),(909,0,36,137),(910,0,58,137),(911,0,6,138),(912,0,9,138),(913,0,10,138),(914,0,31,138),(915,0,36,138),(916,0,57,138),(917,0,6,139),(918,0,9,139),(919,0,10,139),(920,0,31,139),(921,0,36,139),(922,0,57,139),(923,0,6,140),(924,0,9,140),(925,0,10,140),(926,0,31,140),(927,0,36,140),(928,0,57,140),(929,0,6,141),(930,0,9,141),(931,0,10,141),(932,0,31,141),(933,0,36,141),(934,0,57,141),(935,0,6,142),(936,0,9,142),(937,0,10,142),(938,0,20,142),(939,0,31,142),(940,0,36,142),(941,0,58,142),(942,0,6,143),(943,0,9,143),(944,0,10,143),(945,0,31,143),(946,0,36,143),(947,0,57,143),(948,0,6,144),(949,0,9,144),(950,0,10,144),(951,0,31,144),(952,0,36,144),(953,0,57,144),(954,0,6,145),(955,0,9,145),(956,0,10,145),(957,0,31,145),(958,0,36,145),(959,0,57,145),(960,0,6,146),(961,0,9,146),(962,0,10,146),(963,0,20,146),(964,0,31,146),(965,0,36,146),(966,0,58,146),(967,0,6,147),(968,0,9,147),(969,0,10,147),(970,0,31,147),(971,0,36,147),(972,0,57,147),(973,0,6,148),(974,0,9,148),(975,0,10,148),(976,0,20,148),(977,0,31,148),(978,0,36,148),(979,0,58,148),(980,0,6,149),(981,0,9,149),(982,0,10,149),(983,0,31,149),(984,0,36,149),(985,0,57,149),(986,0,5,150),(987,0,13,150),(988,0,31,150),(989,0,36,150),(990,0,5,151),(991,0,13,151),(992,0,31,151),(993,0,36,151),(994,0,5,152),(995,0,13,152),(996,0,31,152),(997,0,36,152),(998,0,5,153),(999,0,13,153),(1000,0,31,153),(1001,0,36,153),(1002,0,5,154),(1003,0,13,154),(1004,0,31,154),(1005,0,36,154),(1006,0,5,155),(1007,0,13,155),(1008,0,31,155),(1009,0,36,155),(1010,0,5,156),(1011,0,13,156),(1012,0,31,156),(1013,0,36,156),(1014,0,5,157),(1015,0,13,157),(1016,0,31,157),(1017,0,36,157),(1018,0,5,158),(1019,0,13,158),(1020,0,31,158),(1021,0,36,158),(1022,0,5,159),(1023,0,13,159),(1024,0,31,159),(1025,0,36,159),(1026,0,5,160),(1027,0,13,160),(1028,0,31,160),(1029,0,36,160),(1030,0,5,161),(1031,0,13,161),(1032,0,31,161),(1033,0,36,161),(1034,0,5,162),(1035,0,13,162),(1036,0,31,162),(1037,0,36,162),(1038,0,5,163),(1039,0,13,163),(1040,0,31,163),(1041,0,36,163),(1042,0,5,164),(1043,0,13,164),(1044,0,31,164),(1045,0,36,164),(1046,0,5,165),(1047,0,13,165),(1048,0,31,165),(1049,0,36,165),(1050,0,5,166),(1051,0,13,166),(1052,0,31,166),(1053,0,36,166),(1054,0,5,167),(1055,0,13,167),(1056,0,31,167),(1057,0,36,167),(1058,0,5,168),(1059,0,13,168),(1060,0,31,168),(1061,0,36,168),(1062,0,5,169),(1063,0,13,169),(1064,0,31,169),(1065,0,36,169),(1066,0,5,170),(1067,0,13,170),(1068,0,31,170),(1069,0,36,170),(1070,0,5,171),(1071,0,13,171),(1072,0,31,171),(1073,0,36,171),(1074,0,5,172),(1075,0,13,172),(1076,0,31,172),(1077,0,36,172),(1078,0,5,173),(1079,0,13,173),(1080,0,31,173),(1081,0,36,173),(1082,0,5,174),(1083,0,13,174),(1084,0,31,174),(1085,0,36,174),(1086,0,5,175),(1087,0,13,175),(1088,0,31,175),(1089,0,36,175),(1090,0,5,176),(1091,0,13,176),(1092,0,31,176),(1093,0,36,176),(1094,0,5,177),(1095,0,13,177),(1096,0,31,177),(1097,0,36,177),(1098,0,5,178),(1099,0,13,178),(1100,0,31,178),(1101,0,36,178),(1102,0,5,179),(1103,0,13,179),(1104,0,31,179),(1105,0,36,179),(1106,0,5,180),(1107,0,13,180),(1108,0,31,180),(1109,0,36,180),(1110,0,5,181),(1111,0,13,181),(1112,0,31,181),(1113,0,36,181),(1114,0,5,182),(1115,0,13,182),(1116,0,31,182),(1117,0,36,182),(1118,0,5,183),(1119,0,13,183),(1120,0,31,183),(1121,0,36,183),(1122,0,5,184),(1123,0,13,184),(1124,0,31,184),(1125,0,36,184),(1126,0,5,185),(1127,0,13,185),(1128,0,31,185),(1129,0,36,185),(1130,0,5,186),(1131,0,13,186),(1132,0,31,186),(1133,0,36,186),(1134,0,5,187),(1135,0,13,187),(1136,0,31,187),(1137,0,36,187),(1138,0,5,188),(1139,0,13,188),(1140,0,31,188),(1141,0,36,188),(1142,0,5,189),(1143,0,13,189),(1144,0,31,189),(1145,0,36,189),(1146,0,5,190),(1147,0,13,190),(1148,0,31,190),(1149,0,36,190),(1150,0,5,191),(1151,0,13,191),(1152,0,31,191),(1153,0,36,191),(1154,0,5,192),(1155,0,13,192),(1156,0,31,192),(1157,0,36,192),(1158,0,5,193),(1159,0,13,193),(1160,0,31,193),(1161,0,36,193),(1162,0,5,194),(1163,0,13,194),(1164,0,31,194),(1165,0,36,194),(1166,0,5,195),(1167,0,13,195),(1168,0,31,195),(1169,0,36,195),(1170,0,5,196),(1171,0,13,196),(1172,0,31,196),(1173,0,36,196),(1174,0,5,197),(1175,0,13,197),(1176,0,31,197),(1177,0,36,197),(1178,0,5,198),(1179,0,13,198),(1180,0,31,198),(1181,0,36,198),(1182,0,5,199),(1183,0,13,199),(1184,0,31,199),(1185,0,36,199),(1186,0,5,200),(1187,0,13,200),(1188,0,31,200),(1189,0,36,200),(1190,0,5,201),(1191,0,13,201),(1192,0,31,201),(1193,0,36,201),(1194,0,5,202),(1195,0,13,202),(1196,0,31,202),(1197,0,36,202),(1198,0,5,203),(1199,0,13,203),(1200,0,31,203),(1201,0,36,203),(1202,0,5,204),(1203,0,13,204),(1204,0,31,204),(1205,0,36,204),(1206,0,5,205),(1207,0,13,205),(1208,0,31,205),(1209,0,36,205),(1210,0,5,206),(1211,0,13,206),(1212,0,31,206),(1213,0,36,206),(1214,0,5,207),(1215,0,13,207),(1216,0,31,207),(1217,0,36,207),(1218,0,5,208),(1219,0,13,208),(1220,0,31,208),(1221,0,36,208),(1222,0,5,209),(1223,0,13,209),(1224,0,31,209),(1225,0,36,209),(1226,0,5,210),(1227,0,13,210),(1228,0,31,210),(1229,0,36,210),(1230,0,5,211),(1231,0,13,211),(1232,0,31,211),(1233,0,36,211),(1234,0,5,212),(1235,0,13,212),(1236,0,31,212),(1237,0,36,212),(1238,0,5,213),(1239,0,13,213),(1240,0,31,213),(1241,0,36,213),(1242,0,5,214),(1243,0,13,214),(1244,0,31,214),(1245,0,36,214),(1246,0,5,215),(1247,0,13,215),(1248,0,31,215),(1249,0,36,215),(1250,0,5,216),(1251,0,13,216),(1252,0,31,216),(1253,0,36,216),(1254,0,5,217),(1255,0,13,217),(1256,0,31,217),(1257,0,36,217),(1258,0,5,218),(1259,0,13,218),(1260,0,31,218),(1261,0,36,218),(1262,0,5,219),(1263,0,13,219),(1264,0,31,219),(1265,0,36,219),(1266,0,5,220),(1267,0,13,220),(1268,0,31,220),(1269,0,36,220),(1270,0,5,221),(1271,0,13,221),(1272,0,31,221),(1273,0,36,221),(1274,0,5,222),(1275,0,13,222),(1276,0,31,222),(1277,0,36,222),(1278,0,5,223),(1279,0,13,223),(1280,0,31,223),(1281,0,36,223),(1282,0,5,224),(1283,0,13,224),(1284,0,31,224),(1285,0,36,224),(1286,0,5,225),(1287,0,13,225),(1288,0,31,225),(1289,0,36,225),(1290,0,5,226),(1291,0,13,226),(1292,0,31,226),(1293,0,36,226),(1294,0,5,227),(1295,0,13,227),(1296,0,31,227),(1297,0,36,227),(1298,0,11,228),(1299,0,31,228),(1300,0,36,228),(1301,0,11,229),(1302,0,31,229),(1303,0,36,229),(1304,0,11,230),(1305,0,31,230),(1306,0,36,230),(1307,0,11,231),(1308,0,31,231),(1309,0,36,231),(1310,0,11,232),(1311,0,31,232),(1312,0,36,232),(1313,0,11,233),(1314,0,31,233),(1315,0,36,233),(1316,0,11,234),(1317,0,31,234),(1318,0,36,234),(1319,0,11,235),(1320,0,31,235),(1321,0,36,235),(1322,0,11,236),(1323,0,31,236),(1324,0,36,236),(1325,0,11,237),(1326,0,31,237),(1327,0,36,237),(1328,0,11,238),(1329,0,31,238),(1330,0,36,238),(1331,0,11,239),(1332,0,31,239),(1333,0,36,239),(1334,0,11,240),(1335,0,31,240),(1336,0,36,240),(1337,0,11,241),(1338,0,31,241),(1339,0,36,241),(1340,0,11,242),(1341,0,31,242),(1342,0,36,242),(1343,0,11,243),(1344,0,31,243),(1345,0,36,243),(1346,0,11,244),(1347,0,31,244),(1348,0,36,244),(1349,0,11,245),(1350,0,31,245),(1351,0,36,245),(1352,0,11,246),(1353,0,31,246),(1354,0,36,246),(1355,0,11,247),(1356,0,31,247),(1357,0,36,247),(1358,0,11,248),(1359,0,31,248),(1360,0,36,248),(1361,0,11,249),(1362,0,31,249),(1363,0,36,249),(1364,0,11,250),(1365,0,31,250),(1366,0,36,250),(1367,0,11,251),(1368,0,31,251),(1369,0,36,251),(1370,0,11,252),(1371,0,31,252),(1372,0,36,252),(1373,0,11,253),(1374,0,31,253),(1375,0,36,253),(1376,0,11,254),(1377,0,31,254),(1378,0,36,254),(1379,0,11,255),(1380,0,31,255),(1381,0,36,255),(1382,0,11,256),(1383,0,31,256),(1384,0,36,256),(1385,0,11,257),(1386,0,31,257),(1387,0,36,257),(1388,0,11,258),(1389,0,31,258),(1390,0,36,258),(1391,0,11,259),(1392,0,31,259),(1393,0,36,259),(1394,0,11,260),(1395,0,31,260),(1396,0,36,260),(1397,0,11,261),(1398,0,31,261),(1399,0,36,261),(1400,0,11,262),(1401,0,31,262),(1402,0,36,262),(1403,0,11,263),(1404,0,31,263),(1405,0,36,263),(1406,0,11,264),(1407,0,31,264),(1408,0,36,264),(1409,0,11,265),(1410,0,31,265),(1411,0,36,265),(1412,0,11,266),(1413,0,31,266),(1414,0,36,266),(1415,0,11,267),(1416,0,31,267),(1417,0,36,267),(1418,0,11,268),(1419,0,31,268),(1420,0,36,268),(1421,0,11,269),(1422,0,31,269),(1423,0,36,269),(1424,0,11,270),(1425,0,31,270),(1426,0,36,270),(1427,0,11,271),(1428,0,31,271),(1429,0,36,271),(1430,0,11,272),(1431,0,31,272),(1432,0,36,272),(1433,0,11,273),(1434,0,31,273),(1435,0,36,273),(1436,0,11,274),(1437,0,31,274),(1438,0,36,274),(1439,0,11,275),(1440,0,31,275),(1441,0,36,275),(1442,0,11,276),(1443,0,31,276),(1444,0,36,276),(1445,0,11,277),(1446,0,31,277),(1447,0,36,277),(1448,0,11,278),(1449,0,31,278),(1450,0,36,278),(1451,0,11,279),(1452,0,31,279),(1453,0,36,279),(1454,0,11,280),(1455,0,31,280),(1456,0,36,280),(1457,0,11,281),(1458,0,31,281),(1459,0,36,281),(1460,0,11,282),(1461,0,31,282),(1462,0,36,282),(1463,0,11,283),(1464,0,31,283),(1465,0,36,283),(1466,0,11,284),(1467,0,31,284),(1468,0,36,284),(1469,0,11,285),(1470,0,31,285),(1471,0,36,285),(1472,0,11,286),(1473,0,31,286),(1474,0,36,286),(1475,0,8,287),(1476,0,18,287),(1477,0,32,287),(1478,0,35,287),(1479,0,8,288),(1480,0,18,288),(1481,0,32,288),(1482,0,35,288),(1483,0,8,289),(1484,0,18,289),(1485,0,32,289),(1486,0,35,289),(1487,0,8,290),(1488,0,18,290),(1489,0,32,290),(1490,0,35,290),(1491,0,8,291),(1492,0,18,291),(1493,0,32,291),(1494,0,35,291),(1495,0,8,292),(1496,0,18,292),(1497,0,32,292),(1498,0,35,292),(1499,0,8,293),(1500,0,18,293),(1501,0,32,293),(1502,0,35,293),(1503,0,8,294),(1504,0,18,294),(1505,0,32,294),(1506,0,35,294),(1507,0,8,295),(1508,0,18,295),(1509,0,32,295),(1510,0,35,295),(1511,0,8,296),(1512,0,18,296),(1513,0,32,296),(1514,0,35,296),(1515,0,8,297),(1516,0,18,297),(1517,0,32,297),(1518,0,35,297),(1519,0,8,298),(1520,0,18,298),(1521,0,32,298),(1522,0,35,298),(1523,0,8,299),(1524,0,18,299),(1525,0,32,299),(1526,0,35,299),(1527,0,8,300),(1528,0,18,300),(1529,0,32,300),(1530,0,35,300),(1531,0,8,301),(1532,0,18,301),(1533,0,32,301),(1534,0,35,301),(1535,0,8,302),(1536,0,18,302),(1537,0,32,302),(1538,0,35,302),(1539,0,8,303),(1540,0,18,303),(1541,0,32,303),(1542,0,35,303),(1543,0,8,304),(1544,0,18,304),(1545,0,32,304),(1546,0,35,304),(1547,0,8,305),(1548,0,18,305),(1549,0,32,305),(1550,0,35,305),(1551,0,8,306),(1552,0,18,306),(1553,0,32,306),(1554,0,35,306),(1555,0,8,307),(1556,0,18,307),(1557,0,32,307),(1558,0,35,307),(1559,0,8,308),(1560,0,18,308),(1561,0,32,308),(1562,0,35,308),(1563,0,8,309),(1564,0,18,309),(1565,0,32,309),(1566,0,35,309),(1567,0,8,310),(1568,0,18,310),(1569,0,32,310),(1570,0,35,310),(1571,0,8,311),(1572,0,18,311),(1573,0,32,311),(1574,0,35,311),(1575,0,8,312),(1576,0,18,312),(1577,0,32,312),(1578,0,35,312),(1579,0,8,313),(1580,0,18,313),(1581,0,32,313),(1582,0,35,313),(1583,0,8,314),(1584,0,18,314),(1585,0,32,314),(1586,0,35,314),(1587,0,8,315),(1588,0,18,315),(1589,0,32,315),(1590,0,35,315),(1591,0,8,316),(1592,0,18,316),(1593,0,32,316),(1594,0,35,316),(1595,0,8,317),(1596,0,18,317),(1597,0,32,317),(1598,0,35,317),(1599,0,8,318),(1600,0,18,318),(1601,0,32,318),(1602,0,35,318),(1603,0,8,319),(1604,0,18,319),(1605,0,32,319),(1606,0,35,319),(1607,0,8,320),(1608,0,18,320),(1609,0,32,320),(1610,0,35,320),(1611,0,8,321),(1612,0,18,321),(1613,0,32,321),(1614,0,35,321),(1615,0,8,322),(1616,0,18,322),(1617,0,32,322),(1618,0,35,322),(1619,0,8,323),(1620,0,18,323),(1621,0,32,323),(1622,0,35,323),(1623,0,8,324),(1624,0,18,324),(1625,0,32,324),(1626,0,35,324),(1627,0,8,325),(1628,0,18,325),(1629,0,32,325),(1630,0,35,325),(1631,0,8,326),(1632,0,18,326),(1633,0,32,326),(1634,0,35,326),(1635,0,8,327),(1636,0,18,327),(1637,0,32,327),(1638,0,35,327),(1639,0,8,328),(1640,0,18,328),(1641,0,32,328),(1642,0,35,328),(1643,0,8,329),(1644,0,18,329),(1645,0,32,329),(1646,0,35,329),(1647,0,8,330),(1648,0,18,330),(1649,0,32,330),(1650,0,35,330),(1651,0,8,331),(1652,0,18,331),(1653,0,32,331),(1654,0,35,331),(1655,0,8,332),(1656,0,18,332),(1657,0,32,332),(1658,0,35,332),(1659,0,8,333),(1660,0,18,333),(1661,0,32,333),(1662,0,35,333),(1663,0,8,334),(1664,0,18,334),(1665,0,32,334),(1666,0,35,334),(1667,0,8,335),(1668,0,18,335),(1669,0,32,335),(1670,0,35,335),(1671,0,8,336),(1672,0,18,336),(1673,0,32,336),(1674,0,35,336),(1675,0,8,337),(1676,0,18,337),(1677,0,32,337),(1678,0,35,337),(1679,0,8,338),(1680,0,18,338),(1681,0,32,338),(1682,0,35,338),(1683,0,8,339),(1684,0,18,339),(1685,0,32,339),(1686,0,35,339),(1687,0,8,340),(1688,0,18,340),(1689,0,32,340),(1690,0,35,340),(1691,0,8,341),(1692,0,18,341),(1693,0,32,341),(1694,0,35,341),(1695,0,8,342),(1696,0,18,342),(1697,0,32,342),(1698,0,35,342),(1699,0,8,343),(1700,0,18,343),(1701,0,32,343),(1702,0,35,343),(1703,0,8,344),(1704,0,18,344),(1705,0,32,344),(1706,0,35,344),(1707,0,8,345),(1708,0,18,345),(1709,0,32,345),(1710,0,35,345),(1711,0,8,346),(1712,0,18,346),(1713,0,32,346),(1714,0,35,346),(1715,0,8,347),(1716,0,18,347),(1717,0,32,347),(1718,0,35,347),(1719,0,8,348),(1720,0,18,348),(1721,0,32,348),(1722,0,35,348),(1723,0,8,349),(1724,0,18,349),(1725,0,32,349),(1726,0,35,349),(1727,0,8,350),(1728,0,18,350),(1729,0,32,350),(1730,0,35,350),(1731,0,8,351),(1732,0,18,351),(1733,0,32,351),(1734,0,35,351),(1735,0,8,352),(1736,0,18,352),(1737,0,32,352),(1738,0,35,352),(1739,0,8,353),(1740,0,18,353),(1741,0,32,353),(1742,0,35,353),(1743,0,8,354),(1744,0,18,354),(1745,0,32,354),(1746,0,35,354),(1747,0,8,355),(1748,0,18,355),(1749,0,32,355),(1750,0,35,355),(1751,0,8,356),(1752,0,18,356),(1753,0,32,356),(1754,0,35,356),(1755,0,8,357),(1756,0,18,357),(1757,0,32,357),(1758,0,35,357),(1759,0,8,358),(1760,0,18,358),(1761,0,32,358),(1762,0,35,358),(1763,0,8,359),(1764,0,18,359),(1765,0,32,359),(1766,0,35,359),(1767,0,8,360),(1768,0,18,360),(1769,0,32,360),(1770,0,35,360),(1771,0,8,361),(1772,0,18,361),(1773,0,32,361),(1774,0,35,361),(1775,0,8,362),(1776,0,18,362),(1777,0,32,362),(1778,0,35,362),(1779,0,8,363),(1780,0,18,363),(1781,0,32,363),(1782,0,35,363),(1783,0,8,364),(1784,0,18,364),(1785,0,32,364),(1786,0,35,364),(1787,0,8,365),(1788,0,18,365),(1789,0,32,365),(1790,0,35,365),(1791,0,8,366),(1792,0,18,366),(1793,0,32,366),(1794,0,35,366),(1795,0,8,367),(1796,0,18,367),(1797,0,32,367),(1798,0,35,367),(1799,0,8,368),(1800,0,18,368),(1801,0,32,368),(1802,0,35,368),(1803,0,17,369),(1804,0,35,369),(1805,0,52,369),(1806,0,53,369),(1807,0,54,369),(1808,0,55,369),(1809,0,17,370),(1810,0,35,370),(1811,0,52,370),(1812,0,53,370),(1813,0,54,370),(1814,0,55,370),(1815,0,17,371),(1816,0,35,371),(1817,0,52,371),(1818,0,53,371),(1819,0,54,371),(1820,0,55,371),(1821,0,17,372),(1822,0,35,372),(1823,0,52,372),(1824,0,53,372),(1825,0,54,372),(1826,0,55,372),(1827,0,17,373),(1828,0,35,373),(1829,0,52,373),(1830,0,53,373),(1831,0,54,373),(1832,0,55,373),(1833,0,17,374),(1834,0,35,374),(1835,0,52,374),(1836,0,53,374),(1837,0,54,374),(1838,0,55,374),(1839,0,17,375),(1840,0,35,375),(1841,0,52,375),(1842,0,53,375),(1843,0,54,375),(1844,0,55,375),(1845,0,17,376),(1846,0,35,376),(1847,0,52,376),(1848,0,53,376),(1849,0,54,376),(1850,0,55,376),(1851,0,17,377),(1852,0,35,377),(1853,0,52,377),(1854,0,53,377),(1855,0,54,377),(1856,0,55,377),(1857,0,17,378),(1858,0,35,378),(1859,0,52,378),(1860,0,53,378),(1861,0,54,378),(1862,0,55,378),(1863,0,17,379),(1864,0,35,379),(1865,0,52,379),(1866,0,53,379),(1867,0,54,379),(1868,0,55,379),(1869,0,17,380),(1870,0,35,380),(1871,0,52,380),(1872,0,53,380),(1873,0,54,380),(1874,0,55,380),(1875,0,17,381),(1876,0,35,381),(1877,0,52,381),(1878,0,53,381),(1879,0,54,381),(1880,0,55,381),(1881,0,17,382),(1882,0,35,382),(1883,0,52,382),(1884,0,53,382),(1885,0,54,382),(1886,0,55,382),(1887,0,17,383),(1888,0,35,383),(1889,0,52,383),(1890,0,53,383),(1891,0,54,383),(1892,0,55,383),(1893,0,17,384),(1894,0,35,384),(1895,0,52,384),(1896,0,53,384),(1897,0,54,384),(1898,0,55,384),(1899,0,17,385),(1900,0,35,385),(1901,0,52,385),(1902,0,53,385),(1903,0,54,385),(1904,0,55,385),(1905,0,17,386),(1906,0,35,386),(1907,0,52,386),(1908,0,53,386),(1909,0,54,386),(1910,0,55,386),(1911,0,17,387),(1912,0,35,387),(1913,0,52,387),(1914,0,53,387),(1915,0,54,387),(1916,0,55,387),(1917,0,17,388),(1918,0,35,388),(1919,0,52,388),(1920,0,53,388),(1921,0,54,388),(1922,0,55,388),(1923,0,17,389),(1924,0,35,389),(1925,0,52,389),(1926,0,53,389),(1927,0,54,389),(1928,0,55,389),(1929,0,17,390),(1930,0,35,390),(1931,0,52,390),(1932,0,53,390),(1933,0,54,390),(1934,0,55,390),(1935,0,17,391),(1936,0,35,391),(1937,0,52,391),(1938,0,53,391),(1939,0,54,391),(1940,0,55,391),(1941,0,17,392),(1942,0,35,392),(1943,0,52,392),(1944,0,53,392),(1945,0,54,392),(1946,0,55,392),(1947,0,17,393),(1948,0,35,393),(1949,0,52,393),(1950,0,53,393),(1951,0,54,393),(1952,0,55,393),(1953,0,17,394),(1954,0,35,394),(1955,0,52,394),(1956,0,53,394),(1957,0,54,394),(1958,0,55,394),(1959,0,17,395),(1960,0,35,395),(1961,0,52,395),(1962,0,53,395),(1963,0,54,395),(1964,0,55,395),(1965,0,17,396),(1966,0,35,396),(1967,0,52,396),(1968,0,53,396),(1969,0,54,396),(1970,0,55,396),(1971,0,17,397),(1972,0,35,397),(1973,0,52,397),(1974,0,53,397),(1975,0,54,397),(1976,0,55,397),(1977,0,17,398),(1978,0,35,398),(1979,0,52,398),(1980,0,53,398),(1981,0,54,398),(1982,0,55,398),(1983,0,17,399),(1984,0,35,399),(1985,0,52,399),(1986,0,53,399),(1987,0,54,399),(1988,0,55,399),(1989,0,17,400),(1990,0,35,400),(1991,0,52,400),(1992,0,53,400),(1993,0,54,400),(1994,0,55,400),(1995,0,17,401),(1996,0,35,401),(1997,0,52,401),(1998,0,53,401),(1999,0,54,401),(2000,0,55,401),(2001,0,17,402),(2002,0,35,402),(2003,0,52,402),(2004,0,53,402),(2005,0,54,402),(2006,0,55,402),(2007,0,17,403),(2008,0,35,403),(2009,0,52,403),(2010,0,53,403),(2011,0,54,403),(2012,0,55,403),(2013,0,17,404),(2014,0,35,404),(2015,0,52,404),(2016,0,53,404),(2017,0,54,404),(2018,0,55,404),(2019,0,17,405),(2020,0,35,405),(2021,0,52,405),(2022,0,53,405),(2023,0,54,405),(2024,0,55,405),(2025,0,17,406),(2026,0,35,406),(2027,0,52,406),(2028,0,53,406),(2029,0,54,406),(2030,0,55,406),(2031,0,17,407),(2032,0,35,407),(2033,0,52,407),(2034,0,53,407),(2035,0,54,407),(2036,0,55,407),(2037,0,17,408),(2038,0,35,408),(2039,0,52,408),(2040,0,53,408),(2041,0,54,408),(2042,0,55,408),(2043,0,17,409),(2044,0,35,409),(2045,0,52,409),(2046,0,53,409),(2047,0,54,409),(2048,0,55,409),(2049,0,17,410),(2050,0,35,410),(2051,0,52,410),(2052,0,53,410),(2053,0,54,410),(2054,0,55,410),(2055,0,17,411),(2056,0,35,411),(2057,0,52,411),(2058,0,53,411),(2059,0,54,411),(2060,0,55,411),(2061,0,17,412),(2062,0,35,412),(2063,0,52,412),(2064,0,53,412),(2065,0,54,412),(2066,0,55,412),(2067,0,17,413),(2068,0,35,413),(2069,0,52,413),(2070,0,53,413),(2071,0,54,413),(2072,0,55,413),(2073,0,17,414),(2074,0,35,414),(2075,0,52,414),(2076,0,53,414),(2077,0,54,414),(2078,0,55,414),(2079,0,17,415),(2080,0,35,415),(2081,0,52,415),(2082,0,53,415),(2083,0,54,415),(2084,0,55,415),(2085,0,17,416),(2086,0,35,416),(2087,0,52,416),(2088,0,53,416),(2089,0,54,416),(2090,0,55,416),(2091,0,17,417),(2092,0,35,417),(2093,0,52,417),(2094,0,53,417),(2095,0,54,417),(2096,0,55,417),(2097,0,17,418),(2098,0,35,418),(2099,0,52,418),(2100,0,53,418),(2101,0,54,418),(2102,0,55,418),(2103,0,17,419),(2104,0,35,419),(2105,0,52,419),(2106,0,53,419),(2107,0,54,419),(2108,0,55,419),(2109,0,17,420),(2110,0,35,420),(2111,0,52,420),(2112,0,53,420),(2113,0,54,420),(2114,0,55,420),(2115,0,17,421),(2116,0,35,421),(2117,0,52,421),(2118,0,53,421),(2119,0,54,421),(2120,0,55,421),(2121,0,17,422),(2122,0,35,422),(2123,0,52,422),(2124,0,53,422),(2125,0,54,422),(2126,0,55,422),(2127,0,17,423),(2128,0,35,423),(2129,0,52,423),(2130,0,53,423),(2131,0,54,423),(2132,0,55,423),(2133,0,17,424),(2134,0,35,424),(2135,0,52,424),(2136,0,53,424),(2137,0,54,424),(2138,0,55,424),(2139,0,17,425),(2140,0,35,425),(2141,0,52,425),(2142,0,53,425),(2143,0,54,425),(2144,0,55,425),(2145,0,17,426),(2146,0,35,426),(2147,0,52,426),(2148,0,53,426),(2149,0,54,426),(2150,0,55,426),(2151,0,17,427),(2152,0,35,427),(2153,0,52,427),(2154,0,53,427),(2155,0,54,427),(2156,0,55,427),(2157,0,17,428),(2158,0,35,428),(2159,0,52,428),(2160,0,53,428),(2161,0,54,428),(2162,0,55,428),(2163,0,17,429),(2164,0,35,429),(2165,0,52,429),(2166,0,53,429),(2167,0,54,429),(2168,0,55,429),(2169,0,17,430),(2170,0,35,430),(2171,0,52,430),(2172,0,53,430),(2173,0,54,430),(2174,0,55,430),(2175,0,17,431),(2176,0,35,431),(2177,0,52,431),(2178,0,53,431),(2179,0,54,431),(2180,0,55,431),(2181,0,17,432),(2182,0,35,432),(2183,0,52,432),(2184,0,53,432),(2185,0,54,432),(2186,0,55,432),(2187,0,17,433),(2188,0,35,433),(2189,0,52,433),(2190,0,53,433),(2191,0,54,433),(2192,0,55,433),(2193,0,17,434),(2194,0,35,434),(2195,0,52,434),(2196,0,53,434),(2197,0,54,434),(2198,0,55,434),(2199,0,17,435),(2200,0,35,435),(2201,0,52,435),(2202,0,53,435),(2203,0,54,435),(2204,0,55,435),(2205,0,17,436),(2206,0,35,436),(2207,0,52,436),(2208,0,53,436),(2209,0,54,436),(2210,0,55,436),(2211,0,17,437),(2212,0,35,437),(2213,0,52,437),(2214,0,53,437),(2215,0,54,437),(2216,0,55,437),(2217,0,17,438),(2218,0,35,438),(2219,0,52,438),(2220,0,53,438),(2221,0,54,438),(2222,0,55,438),(2223,0,17,439),(2224,0,35,439),(2225,0,52,439),(2226,0,53,439),(2227,0,54,439),(2228,0,55,439),(2229,0,17,440),(2230,0,35,440),(2231,0,52,440),(2232,0,53,440),(2233,0,54,440),(2234,0,55,440),(2235,0,17,441),(2236,0,35,441),(2237,0,52,441),(2238,0,53,441),(2239,0,54,441),(2240,0,55,441),(2241,0,17,442),(2242,0,35,442),(2243,0,52,442),(2244,0,53,442),(2245,0,54,442),(2246,0,55,442),(2247,0,17,443),(2248,0,35,443),(2249,0,52,443),(2250,0,53,443),(2251,0,54,443),(2252,0,55,443),(2253,0,17,444),(2254,0,35,444),(2255,0,52,444),(2256,0,53,444),(2257,0,54,444),(2258,0,55,444),(2259,0,17,445),(2260,0,35,445),(2261,0,52,445),(2262,0,53,445),(2263,0,54,445),(2264,0,55,445),(2265,0,17,446),(2266,0,35,446),(2267,0,52,446),(2268,0,53,446),(2269,0,54,446),(2270,0,55,446),(2271,0,17,447),(2272,0,35,447),(2273,0,52,447),(2274,0,53,447),(2275,0,54,447),(2276,0,55,447),(2277,0,17,448),(2278,0,35,448),(2279,0,52,448),(2280,0,53,448),(2281,0,54,448),(2282,0,55,448),(2283,0,31,449),(2284,0,36,449),(2285,0,37,449),(2286,0,38,449),(2287,0,45,449),(2288,0,58,449),(2289,0,31,450),(2290,0,36,450),(2291,0,37,450),(2292,0,38,450),(2293,0,45,450),(2294,0,58,450),(2295,0,31,451),(2296,0,36,451),(2297,0,37,451),(2298,0,38,451),(2299,0,45,451),(2300,0,58,451),(2301,0,31,452),(2302,0,36,452),(2303,0,37,452),(2304,0,38,452),(2305,0,45,452),(2306,0,58,452),(2307,0,31,453),(2308,0,36,453),(2309,0,37,453),(2310,0,38,453),(2311,0,45,453),(2312,0,58,453),(2313,0,31,454),(2314,0,36,454),(2315,0,37,454),(2316,0,38,454),(2317,0,45,454),(2318,0,57,454),(2319,0,31,455),(2320,0,36,455),(2321,0,37,455),(2322,0,38,455),(2323,0,45,455),(2324,0,58,455),(2325,0,31,456),(2326,0,36,456),(2327,0,37,456),(2328,0,38,456),(2329,0,45,456),(2330,0,57,456),(2331,0,31,457),(2332,0,36,457),(2333,0,37,457),(2334,0,38,457),(2335,0,45,457),(2336,0,58,457),(2337,0,31,458),(2338,0,36,458),(2339,0,37,458),(2340,0,38,458),(2341,0,45,458),(2342,0,58,458),(2343,0,31,459),(2344,0,36,459),(2345,0,37,459),(2346,0,38,459),(2347,0,45,459),(2348,0,58,459),(2349,0,31,460),(2350,0,36,460),(2351,0,37,460),(2352,0,38,460),(2353,0,45,460),(2354,0,57,460),(2355,0,31,461),(2356,0,36,461),(2357,0,37,461),(2358,0,38,461),(2359,0,45,461),(2360,0,57,461),(2361,0,31,462),(2362,0,36,462),(2363,0,37,462),(2364,0,38,462),(2365,0,45,462),(2366,0,58,462),(2367,0,31,463),(2368,0,36,463),(2369,0,37,463),(2370,0,38,463),(2371,0,45,463),(2372,0,57,463),(2373,0,31,464),(2374,0,36,464),(2375,0,37,464),(2376,0,38,464),(2377,0,45,464),(2378,0,58,464),(2379,0,31,465),(2380,0,36,465),(2381,0,37,465),(2382,0,38,465),(2383,0,45,465),(2384,0,57,465),(2385,0,31,466),(2386,0,36,466),(2387,0,37,466),(2388,0,38,466),(2389,0,45,466),(2390,0,57,466),(2391,0,31,467),(2392,0,36,467),(2393,0,37,467),(2394,0,38,467),(2395,0,45,467),(2396,0,57,467),(2397,0,31,468),(2398,0,36,468),(2399,0,37,468),(2400,0,38,468),(2401,0,45,468),(2402,0,57,468),(2403,0,31,469),(2404,0,36,469),(2405,0,37,469),(2406,0,38,469),(2407,0,45,469),(2408,0,58,469),(2409,0,31,470),(2410,0,36,470),(2411,0,37,470),(2412,0,38,470),(2413,0,45,470),(2414,0,57,470),(2415,0,31,471),(2416,0,36,471),(2417,0,37,471),(2418,0,38,471),(2419,0,45,471),(2420,0,57,471),(2421,0,31,472),(2422,0,36,472),(2423,0,37,472),(2424,0,38,472),(2425,0,45,472),(2426,0,57,472),(2427,0,31,473),(2428,0,36,473),(2429,0,37,473),(2430,0,38,473),(2431,0,45,473),(2432,0,57,473),(2433,0,31,474),(2434,0,36,474),(2435,0,37,474),(2436,0,38,474),(2437,0,45,474),(2438,0,58,474),(2439,0,31,475),(2440,0,36,475),(2441,0,37,475),(2442,0,38,475),(2443,0,45,475),(2444,0,58,475),(2445,0,31,476),(2446,0,36,476),(2447,0,37,476),(2448,0,38,476),(2449,0,45,476),(2450,0,58,476),(2451,0,31,477),(2452,0,36,477),(2453,0,37,477),(2454,0,38,477),(2455,0,45,477),(2456,0,58,477),(2457,0,31,478),(2458,0,36,478),(2459,0,37,478),(2460,0,38,478),(2461,0,45,478),(2462,0,58,478),(2463,0,31,479),(2464,0,36,479),(2465,0,37,479),(2466,0,38,479),(2467,0,45,479),(2468,0,58,479),(2469,0,31,480),(2470,0,36,480),(2471,0,37,480),(2472,0,38,480),(2473,0,45,480),(2474,0,58,480),(2475,0,31,481),(2476,0,36,481),(2477,0,37,481),(2478,0,38,481),(2479,0,45,481),(2480,0,57,481),(2481,0,31,482),(2482,0,36,482),(2483,0,37,482),(2484,0,38,482),(2485,0,45,482),(2486,0,57,482),(2487,0,31,483),(2488,0,36,483),(2489,0,37,483),(2490,0,38,483),(2491,0,45,483),(2492,0,58,483),(2493,0,31,484),(2494,0,36,484),(2495,0,37,484),(2496,0,38,484),(2497,0,45,484),(2498,0,58,484),(2499,0,31,485),(2500,0,36,485),(2501,0,37,485),(2502,0,38,485),(2503,0,45,485),(2504,0,57,485),(2505,0,31,486),(2506,0,36,486),(2507,0,37,486),(2508,0,38,486),(2509,0,45,486),(2510,0,58,486),(2511,0,31,487),(2512,0,36,487),(2513,0,37,487),(2514,0,38,487),(2515,0,45,487),(2516,0,58,487),(2517,0,31,488),(2518,0,36,488),(2519,0,37,488),(2520,0,38,488),(2521,0,45,488),(2522,0,58,488),(2523,0,31,489),(2524,0,36,489),(2525,0,37,489),(2526,0,38,489),(2527,0,45,489),(2528,0,57,489),(2529,0,31,490),(2530,0,36,490),(2531,0,37,490),(2532,0,38,490),(2533,0,45,490),(2534,0,58,490),(2535,0,31,491),(2536,0,36,491),(2537,0,37,491),(2538,0,38,491),(2539,0,45,491),(2540,0,58,491),(2541,0,31,492),(2542,0,36,492),(2543,0,37,492),(2544,0,38,492),(2545,0,45,492),(2546,0,58,492),(2547,0,31,493),(2548,0,36,493),(2549,0,37,493),(2550,0,38,493),(2551,0,45,493),(2552,0,58,493),(2553,0,31,494),(2554,0,36,494),(2555,0,37,494),(2556,0,38,494),(2557,0,45,494),(2558,0,57,494),(2559,0,31,495),(2560,0,36,495),(2561,0,37,495),(2562,0,38,495),(2563,0,45,495),(2564,0,57,495),(2565,0,31,496),(2566,0,36,496),(2567,0,37,496),(2568,0,38,496),(2569,0,45,496),(2570,0,57,496),(2571,0,31,497),(2572,0,36,497),(2573,0,37,497),(2574,0,38,497),(2575,0,45,497),(2576,0,57,497),(2577,0,31,498),(2578,0,36,498),(2579,0,37,498),(2580,0,38,498),(2581,0,45,498),(2582,0,57,498),(2583,0,31,499),(2584,0,36,499),(2585,0,37,499),(2586,0,38,499),(2587,0,45,499),(2588,0,57,499),(2589,0,31,500),(2590,0,36,500),(2591,0,37,500),(2592,0,38,500),(2593,0,45,500),(2594,0,58,500),(2595,0,31,501),(2596,0,36,501),(2597,0,37,501),(2598,0,38,501),(2599,0,45,501),(2600,0,57,501),(2601,0,31,502),(2602,0,36,502),(2603,0,37,502),(2604,0,38,502),(2605,0,45,502),(2606,0,57,502),(2607,0,31,503),(2608,0,36,503),(2609,0,37,503),(2610,0,38,503),(2611,0,45,503),(2612,0,57,503),(2613,0,31,504),(2614,0,36,504),(2615,0,37,504),(2616,0,38,504),(2617,0,45,504),(2618,0,57,504),(2619,0,31,505),(2620,0,36,505),(2621,0,37,505),(2622,0,38,505),(2623,0,45,505),(2624,0,58,505),(2625,0,31,506),(2626,0,36,506),(2627,0,37,506),(2628,0,38,506),(2629,0,45,506),(2630,0,58,506),(2631,0,31,507),(2632,0,36,507),(2633,0,37,507),(2634,0,38,507),(2635,0,45,507),(2636,0,58,507),(2637,0,31,508),(2638,0,36,508),(2639,0,37,508),(2640,0,38,508),(2641,0,45,508),(2642,0,57,508),(2643,0,31,509),(2644,0,36,509),(2645,0,37,509),(2646,0,38,509),(2647,0,45,509),(2648,0,58,509),(2649,0,31,510),(2650,0,36,510),(2651,0,37,510),(2652,0,38,510),(2653,0,45,510),(2654,0,57,510),(2655,0,31,511),(2656,0,36,511),(2657,0,37,511),(2658,0,38,511),(2659,0,45,511),(2660,0,57,511),(2661,0,31,512),(2662,0,36,512),(2663,0,37,512),(2664,0,38,512),(2665,0,45,512),(2666,0,58,512),(2667,0,31,513),(2668,0,36,513),(2669,0,37,513),(2670,0,38,513),(2671,0,45,513),(2672,0,58,513),(2673,0,31,514),(2674,0,36,514),(2675,0,37,514),(2676,0,38,514),(2677,0,45,514),(2678,0,58,514),(2679,0,31,515),(2680,0,36,515),(2681,0,37,515),(2682,0,38,515),(2683,0,45,515),(2684,0,58,515),(2685,0,31,516),(2686,0,36,516),(2687,0,37,516),(2688,0,38,516),(2689,0,45,516),(2690,0,57,516),(2691,0,31,517),(2692,0,36,517),(2693,0,37,517),(2694,0,38,517),(2695,0,45,517),(2696,0,57,517),(2697,0,31,518),(2698,0,36,518),(2699,0,37,518),(2700,0,38,518),(2701,0,45,518),(2702,0,58,518),(2703,0,31,519),(2704,0,36,519),(2705,0,37,519),(2706,0,38,519),(2707,0,45,519),(2708,0,57,519),(2709,0,31,520),(2710,0,36,520),(2711,0,37,520),(2712,0,38,520),(2713,0,45,520),(2714,0,58,520),(2715,0,31,521),(2716,0,36,521),(2717,0,37,521),(2718,0,38,521),(2719,0,45,521),(2720,0,57,521),(2721,0,31,522),(2722,0,36,522),(2723,0,37,522),(2724,0,38,522),(2725,0,45,522),(2726,0,58,522),(2727,0,31,523),(2728,0,36,523),(2729,0,37,523),(2730,0,38,523),(2731,0,45,523),(2732,0,57,523),(2733,0,31,524),(2734,0,36,524),(2735,0,37,524),(2736,0,38,524),(2737,0,45,524),(2738,0,57,524),(2739,0,31,525),(2740,0,36,525),(2741,0,37,525),(2742,0,38,525),(2743,0,45,525),(2744,0,58,525),(2745,0,31,526),(2746,0,36,526),(2747,0,37,526),(2748,0,38,526),(2749,0,45,526),(2750,0,58,526),(2751,0,31,527),(2752,0,36,527),(2753,0,37,527),(2754,0,38,527),(2755,0,45,527),(2756,0,57,527),(2757,0,31,528),(2758,0,36,528),(2759,0,37,528),(2760,0,38,528),(2761,0,45,528),(2762,0,58,528),(2763,0,31,529),(2764,0,36,529),(2765,0,37,529),(2766,0,38,529),(2767,0,45,529),(2768,0,58,529),(2769,0,31,530),(2770,0,36,530),(2771,0,37,530),(2772,0,38,530),(2773,0,45,530),(2774,0,58,530),(2775,0,31,531),(2776,0,36,531),(2777,0,37,531),(2778,0,38,531),(2779,0,45,531),(2780,0,58,531),(2781,0,31,532),(2782,0,36,532),(2783,0,37,532),(2784,0,38,532),(2785,0,45,532),(2786,0,57,532),(2787,0,31,533),(2788,0,36,533),(2789,0,37,533),(2790,0,38,533),(2791,0,45,533),(2792,0,57,533),(2793,0,31,534),(2794,0,36,534),(2795,0,37,534),(2796,0,38,534),(2797,0,45,534),(2798,0,57,534),(2799,0,31,535),(2800,0,36,535),(2801,0,37,535),(2802,0,38,535),(2803,0,45,535),(2804,0,58,535),(2805,0,31,536),(2806,0,36,536),(2807,0,37,536),(2808,0,38,536),(2809,0,45,536),(2810,0,57,536),(2811,0,31,537),(2812,0,36,537),(2813,0,37,537),(2814,0,38,537),(2815,0,45,537),(2816,0,57,537),(2817,0,31,538),(2818,0,36,538),(2819,0,37,538),(2820,0,38,538),(2821,0,45,538),(2822,0,57,538),(2823,0,31,539),(2824,0,36,539),(2825,0,37,539),(2826,0,38,539),(2827,0,45,539),(2828,0,58,539),(2829,0,31,540),(2830,0,36,540),(2831,0,37,540),(2832,0,38,540),(2833,0,45,540),(2834,0,57,540),(2835,0,31,541),(2836,0,36,541),(2837,0,37,541),(2838,0,38,541),(2839,0,45,541),(2840,0,57,541),(2841,0,31,542),(2842,0,36,542),(2843,0,37,542),(2844,0,38,542),(2845,0,45,542),(2846,0,58,542),(2847,0,31,543),(2848,0,36,543),(2849,0,37,543),(2850,0,38,543),(2851,0,45,543),(2852,0,57,543),(2853,0,31,544),(2854,0,36,544),(2855,0,37,544),(2856,0,38,544),(2857,0,45,544),(2858,0,58,544),(2859,0,31,545),(2860,0,36,545),(2861,0,37,545),(2862,0,38,545),(2863,0,45,545),(2864,0,57,545),(2865,0,31,546),(2866,0,36,546),(2867,0,37,546),(2868,0,38,546),(2869,0,45,546),(2870,0,58,546),(2871,0,31,547),(2872,0,35,547),(2873,0,39,547),(2874,0,40,547),(2875,0,41,547),(2876,0,42,547),(2877,0,43,547),(2878,0,44,547),(2879,0,31,548),(2880,0,35,548),(2881,0,39,548),(2882,0,40,548),(2883,0,41,548),(2884,0,42,548),(2885,0,43,548),(2886,0,44,548),(2887,0,31,549),(2888,0,35,549),(2889,0,39,549),(2890,0,40,549),(2891,0,41,549),(2892,0,42,549),(2893,0,43,549),(2894,0,44,549),(2895,0,31,550),(2896,0,35,550),(2897,0,39,550),(2898,0,40,550),(2899,0,41,550),(2900,0,42,550),(2901,0,43,550),(2902,0,44,550),(2903,0,31,551),(2904,0,35,551),(2905,0,39,551),(2906,0,40,551),(2907,0,41,551),(2908,0,42,551),(2909,0,43,551),(2910,0,44,551),(2911,0,31,552),(2912,0,35,552),(2913,0,39,552),(2914,0,40,552),(2915,0,41,552),(2916,0,42,552),(2917,0,43,552),(2918,0,44,552),(2919,0,31,553),(2920,0,35,553),(2921,0,39,553),(2922,0,40,553),(2923,0,41,553),(2924,0,42,553),(2925,0,43,553),(2926,0,44,553),(2927,0,31,554),(2928,0,35,554),(2929,0,39,554),(2930,0,40,554),(2931,0,41,554),(2932,0,42,554),(2933,0,43,554),(2934,0,44,554),(2935,0,31,555),(2936,0,35,555),(2937,0,39,555),(2938,0,40,555),(2939,0,41,555),(2940,0,42,555),(2941,0,43,555),(2942,0,44,555),(2943,0,31,556),(2944,0,35,556),(2945,0,39,556),(2946,0,40,556),(2947,0,41,556),(2948,0,42,556),(2949,0,43,556),(2950,0,44,556),(2951,0,31,557),(2952,0,35,557),(2953,0,39,557),(2954,0,40,557),(2955,0,41,557),(2956,0,42,557),(2957,0,43,557),(2958,0,44,557),(2959,0,31,558),(2960,0,35,558),(2961,0,39,558),(2962,0,40,558),(2963,0,41,558),(2964,0,42,558),(2965,0,43,558),(2966,0,44,558),(2967,0,31,559),(2968,0,35,559),(2969,0,39,559),(2970,0,40,559),(2971,0,41,559),(2972,0,42,559),(2973,0,43,559),(2974,0,44,559),(2975,0,31,560),(2976,0,35,560),(2977,0,39,560),(2978,0,40,560),(2979,0,41,560),(2980,0,42,560),(2981,0,43,560),(2982,0,44,560),(2983,0,31,561),(2984,0,35,561),(2985,0,39,561),(2986,0,40,561),(2987,0,41,561),(2988,0,42,561),(2989,0,43,561),(2990,0,44,561),(2991,0,31,562),(2992,0,35,562),(2993,0,39,562),(2994,0,40,562),(2995,0,41,562),(2996,0,42,562),(2997,0,43,562),(2998,0,44,562),(2999,0,31,563),(3000,0,35,563),(3001,0,39,563),(3002,0,40,563),(3003,0,41,563),(3004,0,42,563),(3005,0,43,563),(3006,0,44,563),(3007,0,31,564),(3008,0,35,564),(3009,0,39,564),(3010,0,40,564),(3011,0,41,564),(3012,0,42,564),(3013,0,43,564),(3014,0,44,564),(3015,0,31,565),(3016,0,35,565),(3017,0,39,565),(3018,0,40,565),(3019,0,41,565),(3020,0,42,565),(3021,0,43,565),(3022,0,44,565),(3023,0,31,566),(3024,0,35,566),(3025,0,39,566),(3026,0,40,566),(3027,0,41,566),(3028,0,42,566),(3029,0,43,566),(3030,0,44,566),(3031,0,31,567),(3032,0,35,567),(3033,0,39,567),(3034,0,40,567),(3035,0,41,567),(3036,0,42,567),(3037,0,43,567),(3038,0,44,567),(3039,0,31,568),(3040,0,35,568),(3041,0,39,568),(3042,0,40,568),(3043,0,41,568),(3044,0,42,568),(3045,0,43,568),(3046,0,44,568),(3047,0,31,569),(3048,0,35,569),(3049,0,39,569),(3050,0,40,569),(3051,0,41,569),(3052,0,42,569),(3053,0,43,569),(3054,0,44,569),(3055,0,31,570),(3056,0,35,570),(3057,0,39,570),(3058,0,40,570),(3059,0,41,570),(3060,0,42,570),(3061,0,43,570),(3062,0,44,570),(3063,0,31,571),(3064,0,35,571),(3065,0,39,571),(3066,0,40,571),(3067,0,41,571),(3068,0,42,571),(3069,0,43,571),(3070,0,44,571),(3071,0,31,572),(3072,0,35,572),(3073,0,39,572),(3074,0,40,572),(3075,0,41,572),(3076,0,42,572),(3077,0,43,572),(3078,0,44,572),(3079,0,31,573),(3080,0,35,573),(3081,0,39,573),(3082,0,40,573),(3083,0,41,573),(3084,0,42,573),(3085,0,43,573),(3086,0,44,573),(3087,0,31,574),(3088,0,35,574),(3089,0,39,574),(3090,0,40,574),(3091,0,41,574),(3092,0,42,574),(3093,0,43,574),(3094,0,44,574),(3095,0,31,575),(3096,0,35,575),(3097,0,39,575),(3098,0,40,575),(3099,0,41,575),(3100,0,42,575),(3101,0,43,575),(3102,0,44,575),(3103,0,31,576),(3104,0,35,576),(3105,0,39,576),(3106,0,40,576),(3107,0,41,576),(3108,0,42,576),(3109,0,43,576),(3110,0,44,576),(3111,0,31,577),(3112,0,35,577),(3113,0,39,577),(3114,0,40,577),(3115,0,41,577),(3116,0,42,577),(3117,0,43,577),(3118,0,44,577),(3119,0,31,578),(3120,0,35,578),(3121,0,39,578),(3122,0,40,578),(3123,0,41,578),(3124,0,42,578),(3125,0,43,578),(3126,0,44,578),(3127,0,31,579),(3128,0,35,579),(3129,0,39,579),(3130,0,40,579),(3131,0,41,579),(3132,0,42,579),(3133,0,43,579),(3134,0,44,579),(3135,0,31,580),(3136,0,35,580),(3137,0,39,580),(3138,0,40,580),(3139,0,41,580),(3140,0,42,580),(3141,0,43,580),(3142,0,44,580),(3143,0,31,581),(3144,0,35,581),(3145,0,39,581),(3146,0,40,581),(3147,0,41,581),(3148,0,42,581),(3149,0,43,581),(3150,0,44,581),(3151,0,31,582),(3152,0,35,582),(3153,0,39,582),(3154,0,40,582),(3155,0,41,582),(3156,0,42,582),(3157,0,43,582),(3158,0,44,582),(3159,0,31,583),(3160,0,35,583),(3161,0,39,583),(3162,0,40,583),(3163,0,41,583),(3164,0,42,583),(3165,0,43,583),(3166,0,44,583),(3167,0,31,584),(3168,0,35,584),(3169,0,39,584),(3170,0,40,584),(3171,0,41,584),(3172,0,42,584),(3173,0,43,584),(3174,0,44,584),(3175,0,31,585),(3176,0,35,585),(3177,0,39,585),(3178,0,40,585),(3179,0,41,585),(3180,0,42,585),(3181,0,43,585),(3182,0,44,585),(3183,0,31,586),(3184,0,35,586),(3185,0,39,586),(3186,0,40,586),(3187,0,41,586),(3188,0,42,586),(3189,0,43,586),(3190,0,44,586),(3191,0,31,587),(3192,0,35,587),(3193,0,39,587),(3194,0,40,587),(3195,0,41,587),(3196,0,42,587),(3197,0,43,587),(3198,0,44,587),(3199,0,31,588),(3200,0,35,588),(3201,0,39,588),(3202,0,40,588),(3203,0,41,588),(3204,0,42,588),(3205,0,43,588),(3206,0,44,588),(3207,0,31,589),(3208,0,35,589),(3209,0,39,589),(3210,0,40,589),(3211,0,41,589),(3212,0,42,589),(3213,0,43,589),(3214,0,44,589),(3215,0,31,590),(3216,0,35,590),(3217,0,39,590),(3218,0,40,590),(3219,0,41,590),(3220,0,42,590),(3221,0,43,590),(3222,0,44,590),(3223,0,31,591),(3224,0,35,591),(3225,0,39,591),(3226,0,40,591),(3227,0,41,591),(3228,0,42,591),(3229,0,43,591),(3230,0,44,591),(3231,0,31,592),(3232,0,35,592),(3233,0,39,592),(3234,0,40,592),(3235,0,41,592),(3236,0,42,592),(3237,0,43,592),(3238,0,44,592),(3239,0,31,593),(3240,0,35,593),(3241,0,39,593),(3242,0,40,593),(3243,0,41,593),(3244,0,42,593),(3245,0,43,593),(3246,0,44,593),(3247,0,31,594),(3248,0,35,594),(3249,0,39,594),(3250,0,40,594),(3251,0,41,594),(3252,0,42,594),(3253,0,43,594),(3254,0,44,594),(3255,0,31,595),(3256,0,35,595),(3257,0,39,595),(3258,0,40,595),(3259,0,41,595),(3260,0,42,595),(3261,0,43,595),(3262,0,44,595),(3263,0,31,596),(3264,0,35,596),(3265,0,39,596),(3266,0,40,596),(3267,0,41,596),(3268,0,42,596),(3269,0,43,596),(3270,0,44,596),(3271,0,31,597),(3272,0,35,597),(3273,0,39,597),(3274,0,40,597),(3275,0,41,597),(3276,0,42,597),(3277,0,43,597),(3278,0,44,597),(3279,0,31,598),(3280,0,35,598),(3281,0,39,598),(3282,0,40,598),(3283,0,41,598),(3284,0,42,598),(3285,0,43,598),(3286,0,44,598),(3287,0,31,599),(3288,0,35,599),(3289,0,39,599),(3290,0,40,599),(3291,0,41,599),(3292,0,42,599),(3293,0,43,599),(3294,0,44,599),(3295,0,31,600),(3296,0,35,600),(3297,0,39,600),(3298,0,40,600),(3299,0,41,600),(3300,0,42,600),(3301,0,43,600),(3302,0,44,600),(3303,0,31,601),(3304,0,35,601),(3305,0,39,601),(3306,0,40,601),(3307,0,41,601),(3308,0,42,601),(3309,0,43,601),(3310,0,44,601),(3311,0,31,602),(3312,0,35,602),(3313,0,39,602),(3314,0,40,602),(3315,0,41,602),(3316,0,42,602),(3317,0,43,602),(3318,0,44,602),(3319,0,31,603),(3320,0,35,603),(3321,0,39,603),(3322,0,40,603),(3323,0,41,603),(3324,0,42,603),(3325,0,43,603),(3326,0,44,603),(3327,0,31,604),(3328,0,35,604),(3329,0,39,604),(3330,0,40,604),(3331,0,41,604),(3332,0,42,604),(3333,0,43,604),(3334,0,44,604),(3335,0,31,605),(3336,0,35,605),(3337,0,39,605),(3338,0,40,605),(3339,0,41,605),(3340,0,42,605),(3341,0,43,605),(3342,0,44,605),(3343,0,31,606),(3344,0,35,606),(3345,0,39,606),(3346,0,40,606),(3347,0,41,606),(3348,0,42,606),(3349,0,43,606),(3350,0,44,606),(3351,0,31,607),(3352,0,35,607),(3353,0,39,607),(3354,0,40,607),(3355,0,41,607),(3356,0,42,607),(3357,0,43,607),(3358,0,44,607),(3359,0,31,608),(3360,0,35,608),(3361,0,39,608),(3362,0,40,608),(3363,0,41,608),(3364,0,42,608),(3365,0,43,608),(3366,0,44,608),(3367,0,31,609),(3368,0,35,609),(3369,0,39,609),(3370,0,40,609),(3371,0,41,609),(3372,0,42,609),(3373,0,43,609),(3374,0,44,609),(3375,0,31,610),(3376,0,35,610),(3377,0,39,610),(3378,0,40,610),(3379,0,41,610),(3380,0,42,610),(3381,0,43,610),(3382,0,44,610),(3383,0,31,611),(3384,0,35,611),(3385,0,39,611),(3386,0,40,611),(3387,0,41,611),(3388,0,42,611),(3389,0,43,611),(3390,0,44,611),(3391,0,31,612),(3392,0,35,612),(3393,0,39,612),(3394,0,40,612),(3395,0,41,612),(3396,0,42,612),(3397,0,43,612),(3398,0,44,612),(3399,0,31,613),(3400,0,35,613),(3401,0,39,613),(3402,0,40,613),(3403,0,41,613),(3404,0,42,613),(3405,0,43,613),(3406,0,44,613),(3407,0,31,614),(3408,0,35,614),(3409,0,39,614),(3410,0,40,614),(3411,0,41,614),(3412,0,42,614),(3413,0,43,614),(3414,0,44,614),(3415,0,31,615),(3416,0,35,615),(3417,0,39,615),(3418,0,40,615),(3419,0,41,615),(3420,0,42,615),(3421,0,43,615),(3422,0,44,615),(3423,0,31,616),(3424,0,35,616),(3425,0,39,616),(3426,0,40,616),(3427,0,41,616),(3428,0,42,616),(3429,0,43,616),(3430,0,44,616),(3431,0,31,617),(3432,0,35,617),(3433,0,39,617),(3434,0,40,617),(3435,0,41,617),(3436,0,42,617),(3437,0,43,617),(3438,0,44,617),(3439,0,31,618),(3440,0,35,618),(3441,0,39,618),(3442,0,40,618),(3443,0,41,618),(3444,0,42,618),(3445,0,43,618),(3446,0,44,618),(3447,0,31,619),(3448,0,35,619),(3449,0,39,619),(3450,0,40,619),(3451,0,41,619),(3452,0,42,619),(3453,0,43,619),(3454,0,44,619),(3455,0,31,620),(3456,0,35,620),(3457,0,39,620),(3458,0,40,620),(3459,0,41,620),(3460,0,42,620),(3461,0,43,620),(3462,0,44,620),(3463,0,31,621),(3464,0,35,621),(3465,0,39,621),(3466,0,40,621),(3467,0,41,621),(3468,0,42,621),(3469,0,43,621),(3470,0,44,621),(3471,0,31,622),(3472,0,35,622),(3473,0,39,622),(3474,0,40,622),(3475,0,41,622),(3476,0,42,622),(3477,0,43,622),(3478,0,44,622),(3479,0,31,623),(3480,0,35,623),(3481,0,39,623),(3482,0,40,623),(3483,0,41,623),(3484,0,42,623),(3485,0,43,623),(3486,0,44,623),(3487,0,13,624),(3488,0,35,624),(3489,0,48,624),(3490,0,56,624),(3491,0,13,625),(3492,0,35,625),(3493,0,48,625),(3494,0,56,625),(3495,0,13,626),(3496,0,35,626),(3497,0,48,626),(3498,0,56,626),(3499,0,13,627),(3500,0,35,627),(3501,0,48,627),(3502,0,56,627),(3503,0,13,628),(3504,0,35,628),(3505,0,48,628),(3506,0,56,628),(3507,0,13,629),(3508,0,35,629),(3509,0,48,629),(3510,0,56,629),(3511,0,13,630),(3512,0,35,630),(3513,0,48,630),(3514,0,56,630),(3515,0,13,631),(3516,0,35,631),(3517,0,48,631),(3518,0,56,631),(3519,0,13,632),(3520,0,35,632),(3521,0,48,632),(3522,0,56,632),(3523,0,13,633),(3524,0,35,633),(3525,0,48,633),(3526,0,56,633),(3527,0,13,634),(3528,0,35,634),(3529,0,48,634),(3530,0,56,634),(3531,0,13,635),(3532,0,35,635),(3533,0,48,635),(3534,0,56,635),(3535,0,13,636),(3536,0,35,636),(3537,0,48,636),(3538,0,56,636),(3539,0,13,637),(3540,0,35,637),(3541,0,48,637),(3542,0,56,637),(3543,0,13,638),(3544,0,35,638),(3545,0,48,638),(3546,0,56,638),(3547,0,13,639),(3548,0,35,639),(3549,0,48,639),(3550,0,56,639),(3551,0,13,640),(3552,0,35,640),(3553,0,48,640),(3554,0,56,640),(3555,0,13,641),(3556,0,35,641),(3557,0,48,641),(3558,0,56,641),(3559,0,13,642),(3560,0,35,642),(3561,0,48,642),(3562,0,56,642),(3563,0,13,643),(3564,0,35,643),(3565,0,48,643),(3566,0,56,643),(3567,0,13,644),(3568,0,35,644),(3569,0,48,644),(3570,0,56,644),(3571,0,13,645),(3572,0,35,645),(3573,0,48,645),(3574,0,56,645),(3575,0,13,646),(3576,0,35,646),(3577,0,48,646),(3578,0,56,646),(3579,0,13,647),(3580,0,35,647),(3581,0,48,647),(3582,0,56,647),(3583,0,13,648),(3584,0,35,648),(3585,0,48,648),(3586,0,56,648),(3587,0,13,649),(3588,0,35,649),(3589,0,48,649),(3590,0,56,649),(3591,0,13,650),(3592,0,35,650),(3593,0,48,650),(3594,0,56,650),(3595,0,13,651),(3596,0,35,651),(3597,0,48,651),(3598,0,56,651),(3599,0,13,652),(3600,0,35,652),(3601,0,48,652),(3602,0,56,652),(3603,0,13,653),(3604,0,35,653),(3605,0,48,653),(3606,0,56,653),(3607,0,13,654),(3608,0,35,654),(3609,0,48,654),(3610,0,56,654),(3611,0,13,655),(3612,0,35,655),(3613,0,48,655),(3614,0,56,655),(3615,0,13,656),(3616,0,35,656),(3617,0,48,656),(3618,0,56,656),(3619,0,13,657),(3620,0,35,657),(3621,0,48,657),(3622,0,56,657),(3623,0,13,658),(3624,0,35,658),(3625,0,48,658),(3626,0,56,658),(3627,0,13,659),(3628,0,35,659),(3629,0,48,659),(3630,0,56,659),(3631,0,13,661),(3632,0,35,661),(3633,0,48,661),(3634,0,56,661),(3635,0,13,662),(3636,0,35,662),(3637,0,48,662),(3638,0,56,662),(3639,0,13,663),(3640,0,35,663),(3641,0,48,663),(3642,0,56,663),(3643,0,13,664),(3644,0,35,664),(3645,0,48,664),(3646,0,56,664),(3647,0,13,665),(3648,0,35,665),(3649,0,48,665),(3650,0,56,665),(3651,0,13,666),(3652,0,35,666),(3653,0,48,666),(3654,0,56,666),(3655,0,13,667),(3656,0,35,667),(3657,0,48,667),(3658,0,56,667),(3659,0,13,668),(3660,0,35,668),(3661,0,48,668),(3662,0,56,668),(3663,0,13,669),(3664,0,35,669),(3665,0,48,669),(3666,0,56,669),(3667,0,13,670),(3668,0,35,670),(3669,0,48,670),(3670,0,56,670),(3671,0,13,671),(3672,0,35,671),(3673,0,48,671),(3674,0,56,671),(3675,0,13,672),(3676,0,35,672),(3677,0,48,672),(3678,0,56,672),(3679,0,13,673),(3680,0,35,673),(3681,0,48,673),(3682,0,56,673),(3683,0,13,674),(3684,0,35,674),(3685,0,48,674),(3686,0,56,674),(3687,0,13,675),(3688,0,35,675),(3689,0,48,675),(3690,0,56,675),(3691,0,31,676),(3692,0,35,676),(3693,0,39,676),(3694,0,40,676),(3695,0,41,676),(3696,0,42,676),(3697,0,43,676),(3698,0,44,676),(3699,0,13,677),(3700,0,35,677),(3701,0,48,677),(3702,0,56,677),(3703,0,13,678),(3704,0,35,678),(3705,0,48,678),(3706,0,56,678),(3707,0,13,679),(3708,0,35,679),(3709,0,48,679),(3710,0,56,679),(3711,0,13,680),(3712,0,35,680),(3713,0,48,680),(3714,0,56,680),(3715,0,13,681),(3716,0,35,681),(3717,0,48,681),(3718,0,56,681),(3719,0,13,682),(3720,0,35,682),(3721,0,48,682),(3722,0,56,682),(3723,0,13,683),(3724,0,35,683),(3725,0,48,683),(3726,0,56,683),(3727,0,13,684),(3728,0,35,684),(3729,0,48,684),(3730,0,56,684),(3731,0,13,685),(3732,0,35,685),(3733,0,48,685),(3734,0,56,685),(3735,0,13,686),(3736,0,35,686),(3737,0,48,686),(3738,0,56,686),(3739,0,13,687),(3740,0,35,687),(3741,0,48,687),(3742,0,56,687),(3743,0,13,688),(3744,0,35,688),(3745,0,48,688),(3746,0,56,688),(3747,0,15,689),(3748,0,16,689),(3749,0,36,689),(3750,0,49,689),(3751,0,50,689),(3752,0,51,689),(3753,0,56,689),(3754,0,15,690),(3755,0,16,690),(3756,0,36,690),(3757,0,49,690),(3758,0,50,690),(3759,0,51,690),(3760,0,56,690),(3761,0,15,691),(3762,0,16,691),(3763,0,36,691),(3764,0,49,691),(3765,0,50,691),(3766,0,51,691),(3767,0,56,691),(3768,0,15,692),(3769,0,16,692),(3770,0,36,692),(3771,0,49,692),(3772,0,50,692),(3773,0,51,692),(3774,0,56,692),(3775,0,15,694),(3776,0,16,694),(3777,0,36,694),(3778,0,49,694),(3779,0,50,694),(3780,0,51,694),(3781,0,56,694),(3782,0,15,695),(3783,0,16,695),(3784,0,36,695),(3785,0,49,695),(3786,0,50,695),(3787,0,51,695),(3788,0,56,695),(3789,0,15,696),(3790,0,16,696),(3791,0,36,696),(3792,0,49,696),(3793,0,50,696),(3794,0,51,696),(3795,0,56,696),(3796,0,15,697),(3797,0,16,697),(3798,0,36,697),(3799,0,49,697),(3800,0,50,697),(3801,0,51,697),(3802,0,56,697),(3803,0,15,698),(3804,0,16,698),(3805,0,36,698),(3806,0,49,698),(3807,0,50,698),(3808,0,51,698),(3809,0,56,698),(3810,0,15,699),(3811,0,16,699),(3812,0,36,699),(3813,0,49,699),(3814,0,50,699),(3815,0,51,699),(3816,0,56,699),(3817,0,15,700),(3818,0,16,700),(3819,0,36,700),(3820,0,49,700),(3821,0,50,700),(3822,0,51,700),(3823,0,56,700),(3824,0,15,701),(3825,0,16,701),(3826,0,36,701),(3827,0,49,701),(3828,0,50,701),(3829,0,51,701),(3830,0,56,701),(3831,0,15,702),(3832,0,16,702),(3833,0,36,702),(3834,0,49,702),(3835,0,50,702),(3836,0,51,702),(3837,0,56,702),(3838,0,15,703),(3839,0,16,703),(3840,0,36,703),(3841,0,49,703),(3842,0,50,703),(3843,0,51,703),(3844,0,56,703),(3845,0,15,704),(3846,0,16,704),(3847,0,36,704),(3848,0,49,704),(3849,0,50,704),(3850,0,51,704),(3851,0,56,704),(3852,0,2,705),(3853,0,3,705),(3854,0,15,705),(3855,0,16,705),(3856,0,35,705),(3857,0,52,705),(3858,0,53,705),(3859,0,54,705),(3860,0,55,705),(3861,0,2,706),(3862,0,3,706),(3863,0,15,706),(3864,0,16,706),(3865,0,35,706),(3866,0,52,706),(3867,0,53,706),(3868,0,54,706),(3869,0,55,706),(3870,0,2,707),(3871,0,3,707),(3872,0,15,707),(3873,0,16,707),(3874,0,35,707),(3875,0,52,707),(3876,0,53,707),(3877,0,54,707),(3878,0,55,707),(3879,0,2,708),(3880,0,3,708),(3881,0,15,708),(3882,0,16,708),(3883,0,35,708),(3884,0,52,708),(3885,0,53,708),(3886,0,54,708),(3887,0,55,708),(3888,0,2,709),(3889,0,3,709),(3890,0,15,709),(3891,0,16,709),(3892,0,35,709),(3893,0,52,709),(3894,0,53,709),(3895,0,54,709),(3896,0,55,709),(3897,0,2,710),(3898,0,3,710),(3899,0,15,710),(3900,0,16,710),(3901,0,35,710),(3902,0,52,710),(3903,0,53,710),(3904,0,54,710),(3905,0,55,710),(3906,0,2,711),(3907,0,3,711),(3908,0,15,711),(3909,0,16,711),(3910,0,35,711),(3911,0,52,711),(3912,0,53,711),(3913,0,54,711),(3914,0,55,711),(3915,0,2,712),(3916,0,3,712),(3917,0,15,712),(3918,0,16,712),(3919,0,35,712),(3920,0,52,712),(3921,0,53,712),(3922,0,54,712),(3923,0,55,712),(3924,0,2,713),(3925,0,3,713),(3926,0,15,713),(3927,0,16,713),(3928,0,35,713),(3929,0,52,713),(3930,0,53,713),(3931,0,54,713),(3932,0,55,713),(3933,0,2,714),(3934,0,3,714),(3935,0,15,714),(3936,0,16,714),(3937,0,35,714),(3938,0,52,714),(3939,0,53,714),(3940,0,54,714),(3941,0,55,714),(3942,0,15,715),(3943,0,16,715),(3944,0,35,715),(3945,0,52,715),(3946,0,53,715),(3947,0,54,715),(3948,0,55,715),(3949,0,2,716),(3950,0,3,716),(3951,0,15,716),(3952,0,16,716),(3953,0,35,716),(3954,0,52,716),(3955,0,53,716),(3956,0,54,716),(3957,0,55,716),(3958,0,4,717),(3959,0,15,717),(3960,0,16,717),(3961,0,35,717),(3962,0,56,717),(3963,0,4,718),(3964,0,15,718),(3965,0,16,718),(3966,0,35,718),(3967,0,56,718),(3968,0,4,719),(3969,0,15,719),(3970,0,16,719),(3971,0,35,719),(3972,0,56,719),(3973,0,31,720),(3974,0,35,720),(3975,0,39,720),(3976,0,40,720),(3977,0,41,720),(3978,0,42,720),(3979,0,43,720),(3980,0,44,720),(3981,0,4,721),(3982,0,15,721),(3983,0,16,721),(3984,0,35,721),(3985,0,56,721),(3986,0,4,722),(3987,0,15,722),(3988,0,16,722),(3989,0,35,722),(3990,0,56,722),(3991,0,4,723),(3992,0,15,723),(3993,0,16,723),(3994,0,35,723),(3995,0,56,723),(3996,0,4,724),(3997,0,15,724),(3998,0,16,724),(3999,0,35,724),(4000,0,56,724),(4001,0,4,725),(4002,0,15,725),(4003,0,16,725),(4004,0,35,725),(4005,0,56,725),(4006,0,4,726),(4007,0,15,726),(4008,0,16,726),(4009,0,35,726),(4010,0,56,726),(4011,0,4,727),(4012,0,15,727),(4013,0,16,727),(4014,0,35,727),(4015,0,56,727),(4016,0,4,728),(4017,0,15,728),(4018,0,16,728),(4019,0,35,728),(4020,0,56,728),(4021,0,33,729),(4022,0,34,729),(4023,0,35,729),(4024,0,52,729),(4025,0,53,729),(4026,0,54,729),(4027,0,55,729),(4028,0,33,730),(4029,0,34,730),(4030,0,35,730),(4031,0,52,730),(4032,0,53,730),(4033,0,54,730),(4034,0,55,730),(4035,0,33,731),(4036,0,34,731),(4037,0,35,731),(4038,0,52,731),(4039,0,53,731),(4040,0,54,731),(4041,0,55,731),(4042,0,33,732),(4043,0,34,732),(4044,0,35,732),(4045,0,52,732),(4046,0,53,732),(4047,0,54,732),(4048,0,55,732),(4049,0,33,733),(4050,0,34,733),(4051,0,35,733),(4052,0,52,733),(4053,0,53,733),(4054,0,54,733),(4055,0,55,733),(4056,0,33,734),(4057,0,34,734),(4058,0,35,734),(4059,0,52,734),(4060,0,53,734),(4061,0,54,734),(4062,0,55,734),(4063,0,33,735),(4064,0,34,735),(4065,0,35,735),(4066,0,52,735),(4067,0,53,735),(4068,0,54,735),(4069,0,55,735),(4070,0,33,736),(4071,0,34,736),(4072,0,35,736),(4073,0,52,736),(4074,0,53,736),(4075,0,54,736),(4076,0,55,736),(4077,0,33,737),(4078,0,34,737),(4079,0,35,737),(4080,0,52,737),(4081,0,53,737),(4082,0,54,737),(4083,0,55,737),(4084,0,5,738),(4085,0,13,738),(4086,0,31,738),(4087,0,36,738),(4088,0,5,739),(4089,0,13,739),(4090,0,31,739),(4091,0,36,739),(4092,0,5,740),(4093,0,13,740),(4094,0,31,740),(4095,0,36,740),(4096,0,5,741),(4097,0,13,741),(4098,0,31,741),(4099,0,36,741),(4100,0,5,742),(4101,0,13,742),(4102,0,31,742),(4103,0,36,742),(4104,0,5,743),(4105,0,13,743),(4106,0,31,743),(4107,0,36,743),(4108,0,5,744),(4109,0,13,744),(4110,0,31,744),(4111,0,36,744),(4112,0,5,745),(4113,0,13,745),(4114,0,31,745),(4115,0,36,745),(4116,0,5,746),(4117,0,13,746),(4118,0,31,746),(4119,0,36,746),(4120,0,5,747),(4121,0,13,747),(4122,0,31,747),(4123,0,36,747),(4124,0,5,748),(4125,0,13,748),(4126,0,31,748),(4127,0,36,748),(4128,0,5,749),(4129,0,13,749),(4130,0,31,749),(4131,0,36,749),(4132,0,5,750),(4133,0,13,750),(4134,0,31,750),(4135,0,36,750),(4136,0,5,751),(4137,0,13,751),(4138,0,31,751),(4139,0,36,751),(4140,0,5,752),(4141,0,13,752),(4142,0,31,752),(4143,0,36,752),(4144,0,5,753),(4145,0,13,753),(4146,0,31,753),(4147,0,36,753),(4148,0,5,754),(4149,0,13,754),(4150,0,31,754),(4151,0,36,754),(4152,0,5,755),(4153,0,13,755),(4154,0,31,755),(4155,0,36,755),(4156,0,5,756),(4157,0,13,756),(4158,0,31,756),(4159,0,36,756),(4160,0,11,757),(4161,0,31,757),(4162,0,36,757),(4163,0,11,758),(4164,0,31,758),(4165,0,36,758),(4166,0,11,759),(4167,0,31,759),(4168,0,36,759),(4169,0,11,760),(4170,0,31,760),(4171,0,36,760),(4172,0,11,761),(4173,0,31,761),(4174,0,36,761),(4175,0,11,762),(4176,0,31,762),(4177,0,36,762),(4178,0,11,763),(4179,0,31,763),(4180,0,36,763),(4181,0,11,764),(4182,0,31,764),(4183,0,36,764),(4184,0,11,765),(4185,0,31,765),(4186,0,36,765),(4187,0,11,766),(4188,0,31,766),(4189,0,36,766),(4190,0,11,767),(4191,0,31,767),(4192,0,36,767),(4193,0,11,768),(4194,0,31,768),(4195,0,36,768),(4196,0,11,769),(4197,0,31,769),(4198,0,36,769),(4199,0,11,770),(4200,0,31,770),(4201,0,36,770),(4202,0,11,771),(4203,0,31,771),(4204,0,36,771),(4205,0,11,772),(4206,0,31,772),(4207,0,36,772),(4208,0,8,773),(4209,0,18,773),(4210,0,32,773),(4211,0,35,773),(4212,0,8,774),(4213,0,18,774),(4214,0,32,774),(4215,0,35,774),(4216,0,8,775),(4217,0,18,775),(4218,0,32,775),(4219,0,35,775),(4220,0,8,776),(4221,0,18,776),(4222,0,32,776),(4223,0,35,776),(4224,0,8,777),(4225,0,18,777),(4226,0,32,777),(4227,0,35,777),(4228,0,8,778),(4229,0,18,778),(4230,0,32,778),(4231,0,35,778),(4232,0,8,779),(4233,0,18,779),(4234,0,32,779),(4235,0,35,779),(4236,0,8,780),(4237,0,18,780),(4238,0,32,780),(4239,0,35,780),(4240,0,8,781),(4241,0,18,781),(4242,0,32,781),(4243,0,35,781),(4244,0,8,782),(4245,0,18,782),(4246,0,32,782),(4247,0,35,782),(4248,0,8,783),(4249,0,18,783),(4250,0,32,783),(4251,0,35,783),(4252,0,8,784),(4253,0,18,784),(4254,0,32,784),(4255,0,35,784),(4256,0,8,785),(4257,0,18,785),(4258,0,32,785),(4259,0,35,785),(4260,0,8,786),(4261,0,18,786),(4262,0,32,786),(4263,0,35,786),(4264,0,8,787),(4265,0,18,787),(4266,0,32,787),(4267,0,35,787),(4268,0,8,788),(4269,0,18,788),(4270,0,32,788),(4271,0,35,788),(4272,0,8,789),(4273,0,18,789),(4274,0,32,789),(4275,0,35,789),(4276,0,8,790),(4277,0,18,790),(4278,0,32,790),(4279,0,35,790),(4280,0,8,791),(4281,0,18,791),(4282,0,32,791),(4283,0,35,791),(4284,0,8,792),(4285,0,18,792),(4286,0,32,792),(4287,0,35,792),(4288,0,14,793),(4289,0,35,793),(4290,0,46,793),(4291,0,14,794),(4292,0,35,794),(4293,0,46,794),(4294,0,14,795),(4295,0,35,795),(4296,0,46,795),(4297,0,14,796),(4298,0,35,796),(4299,0,46,796),(4300,0,14,797),(4301,0,35,797),(4302,0,46,797),(4303,0,14,798),(4304,0,35,798),(4305,0,46,798),(4306,0,14,799),(4307,0,35,799),(4308,0,46,799),(4309,0,14,800),(4310,0,35,800),(4311,0,46,800),(4312,0,14,801),(4313,0,35,801),(4314,0,46,801),(4315,0,14,802),(4316,0,35,802),(4317,0,46,802),(4318,0,14,803),(4319,0,35,803),(4320,0,46,803),(4321,0,14,804),(4322,0,35,804),(4323,0,46,804),(4324,0,31,805),(4325,0,36,805),(4326,0,37,805),(4327,0,38,805),(4328,0,45,805),(4329,0,57,805),(4330,0,31,806),(4331,0,36,806),(4332,0,37,806),(4333,0,38,806),(4334,0,45,806),(4335,0,57,806),(4336,0,31,807),(4337,0,36,807),(4338,0,37,807),(4339,0,38,807),(4340,0,45,807),(4341,0,57,807),(4342,0,31,808),(4343,0,36,808),(4344,0,37,808),(4345,0,38,808),(4346,0,45,808),(4347,0,57,808),(4348,0,31,809),(4349,0,36,809),(4350,0,37,809),(4351,0,38,809),(4352,0,45,809),(4353,0,58,809),(4354,0,31,810),(4355,0,36,810),(4356,0,37,810),(4357,0,38,810),(4358,0,45,810),(4359,0,58,810),(4360,0,31,811),(4361,0,36,811),(4362,0,37,811),(4363,0,38,811),(4364,0,45,811),(4365,0,58,811),(4366,0,31,812),(4367,0,36,812),(4368,0,37,812),(4369,0,38,812),(4370,0,45,812),(4371,0,58,812),(4372,0,31,813),(4373,0,36,813),(4374,0,37,813),(4375,0,38,813),(4376,0,45,813),(4377,0,57,813),(4378,0,31,814),(4379,0,36,814),(4380,0,37,814),(4381,0,38,814),(4382,0,45,814),(4383,0,58,814),(4384,0,31,815),(4385,0,36,815),(4386,0,37,815),(4387,0,38,815),(4388,0,45,815),(4389,0,58,815),(4390,0,31,816),(4391,0,36,816),(4392,0,37,816),(4393,0,38,816),(4394,0,45,816),(4395,0,58,816),(4396,0,31,817),(4397,0,36,817),(4398,0,37,817),(4399,0,38,817),(4400,0,45,817),(4401,0,58,817),(4402,0,31,818),(4403,0,36,818),(4404,0,37,818),(4405,0,38,818),(4406,0,45,818),(4407,0,57,818),(4408,0,31,819),(4409,0,36,819),(4410,0,37,819),(4411,0,38,819),(4412,0,45,819),(4413,0,57,819),(4414,0,31,820),(4415,0,36,820),(4416,0,37,820),(4417,0,38,820),(4418,0,45,820),(4419,0,58,820),(4420,0,31,821),(4421,0,36,821),(4422,0,37,821),(4423,0,38,821),(4424,0,45,821),(4425,0,58,821),(4426,0,31,822),(4427,0,36,822),(4428,0,37,822),(4429,0,38,822),(4430,0,45,822),(4431,0,58,822),(4432,0,13,823),(4433,0,35,823),(4434,0,48,823),(4435,0,56,823),(4436,0,13,824),(4437,0,35,824),(4438,0,48,824),(4439,0,56,824),(4440,0,13,825),(4441,0,35,825),(4442,0,48,825),(4443,0,56,825),(4444,0,13,826),(4445,0,35,826),(4446,0,48,826),(4447,0,56,826),(4448,0,13,827),(4449,0,35,827),(4450,0,48,827),(4451,0,56,827),(4452,0,13,828),(4453,0,35,828),(4454,0,48,828),(4455,0,56,828),(4456,0,13,829),(4457,0,35,829),(4458,0,48,829),(4459,0,56,829),(4460,0,13,830),(4461,0,35,830),(4462,0,48,830),(4463,0,56,830),(4464,0,13,831),(4465,0,35,831),(4466,0,48,831),(4467,0,56,831),(4468,0,13,832),(4469,0,35,832),(4470,0,48,832),(4471,0,56,832),(4472,0,13,833),(4473,0,35,833),(4474,0,48,833),(4475,0,56,833),(4476,0,13,834),(4477,0,35,834),(4478,0,48,834),(4479,0,56,834),(4480,0,13,835),(4481,0,35,835),(4482,0,48,835),(4483,0,56,835),(4484,0,13,836),(4485,0,35,836),(4486,0,48,836),(4487,0,56,836),(4488,0,13,837),(4489,0,35,837),(4490,0,48,837),(4491,0,56,837),(4492,0,13,838),(4493,0,35,838),(4494,0,48,838),(4495,0,56,838),(4496,0,13,839),(4497,0,35,839),(4498,0,48,839),(4499,0,56,839),(4500,0,13,840),(4501,0,35,840),(4502,0,48,840),(4503,0,56,840),(4504,0,13,841),(4505,0,35,841),(4506,0,48,841),(4507,0,56,841),(4508,0,31,843),(4509,0,35,843),(4510,0,39,843),(4511,0,40,843),(4512,0,41,843),(4513,0,42,843),(4514,0,43,843),(4515,0,44,843),(4516,0,31,844),(4517,0,35,844),(4518,0,39,844),(4519,0,40,844),(4520,0,41,844),(4521,0,42,844),(4522,0,43,844),(4523,0,44,844),(4524,0,31,845),(4525,0,35,845),(4526,0,39,845),(4527,0,40,845),(4528,0,41,845),(4529,0,42,845),(4530,0,43,845),(4531,0,44,845),(4532,0,31,846),(4533,0,35,846),(4534,0,39,846),(4535,0,40,846),(4536,0,41,846),(4537,0,42,846),(4538,0,43,846),(4539,0,44,846),(4540,0,31,847),(4541,0,35,847),(4542,0,39,847),(4543,0,40,847),(4544,0,41,847),(4545,0,42,847),(4546,0,43,847),(4547,0,44,847),(4548,0,31,848),(4549,0,35,848),(4550,0,39,848),(4551,0,40,848),(4552,0,41,848),(4553,0,42,848),(4554,0,43,848),(4555,0,44,848),(4556,0,31,849),(4557,0,35,849),(4558,0,39,849),(4559,0,40,849),(4560,0,41,849),(4561,0,42,849),(4562,0,43,849),(4563,0,44,849),(4564,0,31,850),(4565,0,35,850),(4566,0,39,850),(4567,0,40,850),(4568,0,41,850),(4569,0,42,850),(4570,0,43,850),(4571,0,44,850),(4572,0,21,851),(4573,0,22,851),(4574,0,23,851),(4575,0,24,851),(4576,0,25,851),(4577,0,26,851),(4578,0,27,851),(4579,0,28,851),(4580,0,29,851),(4581,0,30,851),(4582,0,35,851),(4583,0,52,851),(4584,0,53,851),(4585,0,54,851),(4586,0,55,851),(4587,0,21,852),(4588,0,22,852),(4589,0,23,852),(4590,0,24,852),(4591,0,25,852),(4592,0,26,852),(4593,0,27,852),(4594,0,28,852),(4595,0,29,852),(4596,0,30,852),(4597,0,35,852),(4598,0,52,852),(4599,0,53,852),(4600,0,54,852),(4601,0,55,852),(4602,0,21,853),(4603,0,22,853),(4604,0,23,853),(4605,0,24,853),(4606,0,25,853),(4607,0,26,853),(4608,0,27,853),(4609,0,28,853),(4610,0,29,853),(4611,0,30,853),(4612,0,35,853),(4613,0,52,853),(4614,0,53,853),(4615,0,54,853),(4616,0,55,853),(4617,0,21,854),(4618,0,22,854),(4619,0,23,854),(4620,0,24,854),(4621,0,25,854),(4622,0,26,854),(4623,0,27,854),(4624,0,28,854),(4625,0,29,854),(4626,0,30,854),(4627,0,35,854),(4628,0,52,854),(4629,0,53,854),(4630,0,54,854),(4631,0,55,854),(4632,0,21,855),(4633,0,22,855),(4634,0,23,855),(4635,0,24,855),(4636,0,25,855),(4637,0,26,855),(4638,0,27,855),(4639,0,28,855),(4640,0,29,855),(4641,0,30,855),(4642,0,35,855),(4643,0,52,855),(4644,0,53,855),(4645,0,54,855),(4646,0,55,855),(4647,0,21,856),(4648,0,22,856),(4649,0,23,856),(4650,0,24,856),(4651,0,25,856),(4652,0,26,856),(4653,0,27,856),(4654,0,28,856),(4655,0,29,856),(4656,0,30,856),(4657,0,35,856),(4658,0,52,856),(4659,0,53,856),(4660,0,54,856),(4661,0,55,856),(4662,0,21,857),(4663,0,22,857),(4664,0,23,857),(4665,0,24,857),(4666,0,25,857),(4667,0,26,857),(4668,0,27,857),(4669,0,28,857),(4670,0,29,857),(4671,0,30,857),(4672,0,35,857),(4673,0,52,857),(4674,0,53,857),(4675,0,54,857),(4676,0,55,857),(4677,0,21,858),(4678,0,22,858),(4679,0,23,858),(4680,0,24,858),(4681,0,25,858),(4682,0,26,858),(4683,0,27,858),(4684,0,28,858),(4685,0,29,858),(4686,0,30,858),(4687,0,35,858),(4688,0,52,858),(4689,0,53,858),(4690,0,54,858),(4691,0,55,858),(4692,0,21,859),(4693,0,22,859),(4694,0,23,859),(4695,0,24,859),(4696,0,25,859),(4697,0,26,859),(4698,0,27,859),(4699,0,28,859),(4700,0,29,859),(4701,0,30,859),(4702,0,35,859),(4703,0,52,859),(4704,0,53,859),(4705,0,54,859),(4706,0,55,859),(4707,0,21,860),(4708,0,22,860),(4709,0,23,860),(4710,0,24,860),(4711,0,25,860),(4712,0,26,860),(4713,0,27,860),(4714,0,28,860),(4715,0,29,860),(4716,0,30,860),(4717,0,35,860),(4718,0,52,860),(4719,0,53,860),(4720,0,54,860),(4721,0,55,860),(4722,0,21,861),(4723,0,22,861),(4724,0,23,861),(4725,0,24,861),(4726,0,25,861),(4727,0,26,861),(4728,0,27,861),(4729,0,28,861),(4730,0,29,861),(4731,0,30,861),(4732,0,35,861),(4733,0,52,861),(4734,0,53,861),(4735,0,54,861),(4736,0,55,861),(4737,0,21,862),(4738,0,22,862),(4739,0,23,862),(4740,0,24,862),(4741,0,25,862),(4742,0,26,862),(4743,0,27,862),(4744,0,28,862),(4745,0,29,862),(4746,0,30,862),(4747,0,35,862),(4748,0,52,862),(4749,0,53,862),(4750,0,54,862),(4751,0,55,862),(4752,0,21,863),(4753,0,22,863),(4754,0,23,863),(4755,0,24,863),(4756,0,25,863),(4757,0,26,863),(4758,0,27,863),(4759,0,28,863),(4760,0,29,863),(4761,0,30,863),(4762,0,35,863),(4763,0,52,863),(4764,0,53,863),(4765,0,54,863),(4766,0,55,863),(4767,0,21,864),(4768,0,22,864),(4769,0,23,864),(4770,0,24,864),(4771,0,25,864),(4772,0,26,864),(4773,0,27,864),(4774,0,28,864),(4775,0,29,864),(4776,0,30,864),(4777,0,35,864),(4778,0,52,864),(4779,0,53,864),(4780,0,54,864),(4781,0,55,864),(4782,0,7,865),(4783,0,10,865),(4784,0,14,865),(4785,0,35,865),(4786,0,7,866),(4787,0,10,866),(4788,0,14,866),(4789,0,35,866),(4790,0,7,867),(4791,0,10,867),(4792,0,14,867),(4793,0,35,867),(4794,0,7,868),(4795,0,10,868),(4796,0,14,868),(4797,0,35,868),(4798,0,7,869),(4799,0,10,869),(4800,0,14,869),(4801,0,35,869),(4802,0,7,870),(4803,0,10,870),(4804,0,14,870),(4805,0,35,870),(4806,0,7,871),(4807,0,10,871),(4808,0,14,871),(4809,0,35,871),(4810,0,7,872),(4811,0,10,872),(4812,0,14,872),(4813,0,35,872),(4814,0,7,873),(4815,0,10,873),(4816,0,14,873),(4817,0,35,873),(4818,0,7,874),(4819,0,10,874),(4820,0,14,874),(4821,0,35,874),(4822,0,7,875),(4823,0,10,875),(4824,0,14,875),(4825,0,35,875),(4826,0,7,876),(4827,0,10,876),(4828,0,14,876),(4829,0,35,876),(4830,0,7,877),(4831,0,10,877),(4832,0,14,877),(4833,0,35,877),(4834,0,7,878),(4835,0,10,878),(4836,0,14,878),(4837,0,35,878),(4838,0,19,879),(4839,0,35,879),(4840,0,19,880),(4841,0,35,880),(4842,0,19,881),(4843,0,35,881),(4844,0,19,882),(4845,0,35,882),(4846,0,19,883),(4847,0,35,883),(4848,0,19,884),(4849,0,35,884),(4850,0,19,885),(4851,0,35,885),(4852,0,19,886),(4853,0,35,886),(4854,0,19,887),(4855,0,35,887),(4856,0,19,888),(4857,0,35,888),(4858,0,19,889),(4859,0,35,889),(4860,0,19,890),(4861,0,35,890),(4862,0,19,891),(4863,0,35,891),(4864,0,19,893),(4865,0,35,893),(4866,0,19,894),(4867,0,35,894),(4868,0,19,895),(4869,0,35,895),(4870,0,19,896),(4871,0,35,896),(4872,0,19,897),(4873,0,35,897),(4874,0,19,898),(4875,0,35,898),(4876,0,15,899),(4877,0,16,899),(4878,0,36,899),(4879,0,49,899),(4880,0,50,899),(4881,0,51,899),(4882,0,56,899),(4883,0,15,900),(4884,0,16,900),(4885,0,36,900),(4886,0,49,900),(4887,0,50,900),(4888,0,51,900),(4889,0,56,900),(4890,0,15,901),(4891,0,16,901),(4892,0,36,901),(4893,0,49,901),(4894,0,50,901),(4895,0,51,901),(4896,0,56,901),(4897,0,15,902),(4898,0,16,902),(4899,0,36,902),(4900,0,49,902),(4901,0,50,902),(4902,0,51,902),(4903,0,56,902),(4904,0,59,547),(4905,0,59,548),(4906,0,59,549),(4907,0,59,550),(4908,0,59,551),(4909,0,59,552),(4910,0,59,553),(4911,0,59,554),(4912,0,59,555),(4913,0,59,556),(4914,0,59,557),(4915,0,59,558),(4916,0,59,559),(4917,0,59,560),(4918,0,59,561),(4919,0,59,562),(4920,0,59,563),(4921,0,59,564),(4922,0,59,565),(4923,0,59,566),(4924,0,59,567),(4925,0,59,568),(4926,0,59,569),(4927,0,59,570),(4928,0,59,571),(4929,0,59,572),(4930,0,59,573),(4931,0,59,574),(4932,0,59,575),(4933,0,59,576),(4934,0,59,577),(4935,0,59,578),(4936,0,59,579),(4937,0,59,580),(4938,0,59,581),(4939,0,59,582),(4940,0,59,583),(4941,0,59,584),(4942,0,59,585),(4943,0,59,586),(4944,0,59,587),(4945,0,59,588),(4946,0,59,589),(4947,0,59,590),(4948,0,59,591),(4949,0,59,592),(4950,0,59,593),(4951,0,59,594),(4952,0,59,595),(4953,0,59,596),(4954,0,59,597),(4955,0,59,598),(4956,0,59,599),(4957,0,59,600),(4958,0,59,601),(4959,0,59,602),(4960,0,59,603),(4961,0,59,604),(4962,0,59,605),(4963,0,59,606),(4964,0,59,607),(4965,0,59,608),(4966,0,59,609),(4967,0,59,610),(4968,0,59,611),(4969,0,59,612),(4970,0,59,613),(4971,0,59,614),(4972,0,59,615),(4973,0,59,616),(4974,0,59,617),(4975,0,59,618),(4976,0,59,619),(4977,0,59,620),(4978,0,59,621),(4979,0,59,622),(4980,0,59,623),(4981,0,59,676),(4982,0,59,720),(4983,0,59,843),(4984,0,59,844),(4985,0,59,845),(4986,0,59,846),(4987,0,59,847),(4988,0,59,848),(4989,0,59,849),(4990,0,59,850),(4991,0,60,547),(4992,0,60,548),(4993,0,60,549),(4994,0,60,550),(4995,0,60,551),(4996,0,60,552),(4997,0,60,553),(4998,0,60,554),(4999,0,60,555),(5000,0,60,556),(5001,0,60,557),(5002,0,60,558),(5003,0,60,559),(5004,0,60,560),(5005,0,60,561),(5006,0,60,562),(5007,0,60,563),(5008,0,60,564),(5009,0,60,565),(5010,0,60,566),(5011,0,60,567),(5012,0,60,568),(5013,0,60,569),(5014,0,60,570),(5015,0,60,571),(5016,0,60,572),(5017,0,60,573),(5018,0,60,574),(5019,0,60,575),(5020,0,60,576),(5021,0,60,577),(5022,0,60,578),(5023,0,60,579),(5024,0,60,580),(5025,0,60,581),(5026,0,60,582),(5027,0,60,583),(5028,0,60,584),(5029,0,60,585),(5030,0,60,586),(5031,0,60,587),(5032,0,60,588),(5033,0,60,589),(5034,0,60,590),(5035,0,60,591),(5036,0,60,592),(5037,0,60,593),(5038,0,60,594),(5039,0,60,595),(5040,0,60,596),(5041,0,60,597),(5042,0,60,598),(5043,0,60,599),(5044,0,60,600),(5045,0,60,601),(5046,0,60,602),(5047,0,60,603),(5048,0,60,604),(5049,0,60,605),(5050,0,60,606),(5051,0,60,607),(5052,0,60,608),(5053,0,60,609),(5054,0,60,610),(5055,0,60,611),(5056,0,60,612),(5057,0,60,613),(5058,0,60,614),(5059,0,60,615),(5060,0,60,616),(5061,0,60,617),(5062,0,60,618),(5063,0,60,619),(5064,0,60,620),(5065,0,60,621),(5066,0,60,622),(5067,0,60,623),(5068,0,60,676),(5069,0,60,720),(5070,0,60,843),(5071,0,60,844),(5072,0,60,845),(5073,0,60,846),(5074,0,60,847),(5075,0,60,848),(5076,0,60,849),(5077,0,60,850),(5078,0,61,150),(5079,0,61,151),(5080,0,61,152),(5081,0,61,153),(5082,0,61,154),(5083,0,61,155),(5084,0,61,156),(5085,0,61,157),(5086,0,61,158),(5087,0,61,159),(5088,0,61,160),(5089,0,61,161),(5090,0,61,162),(5091,0,61,163),(5092,0,61,164),(5093,0,61,165),(5094,0,61,166),(5095,0,61,167),(5096,0,61,168),(5097,0,61,169),(5098,0,61,170),(5099,0,61,171),(5100,0,61,172),(5101,0,61,173),(5102,0,61,174),(5103,0,61,175),(5104,0,61,176),(5105,0,61,177),(5106,0,61,178),(5107,0,61,179),(5108,0,61,180),(5109,0,61,181),(5110,0,61,182),(5111,0,61,183),(5112,0,61,184),(5113,0,61,185),(5114,0,61,186),(5115,0,61,187),(5116,0,61,188),(5117,0,61,189),(5118,0,61,190),(5119,0,61,191),(5120,0,61,192),(5121,0,61,193),(5122,0,61,194),(5123,0,61,195),(5124,0,61,196),(5125,0,61,197),(5126,0,61,198),(5127,0,61,199),(5128,0,61,200),(5129,0,61,201),(5130,0,61,202),(5131,0,61,203),(5132,0,61,204),(5133,0,61,205),(5134,0,61,206),(5135,0,61,207),(5136,0,61,208),(5137,0,61,209),(5138,0,61,210),(5139,0,61,211),(5140,0,61,212),(5141,0,61,213),(5142,0,61,214),(5143,0,61,215),(5144,0,61,216),(5145,0,61,217),(5146,0,61,218),(5147,0,61,219),(5148,0,61,220),(5149,0,61,221),(5150,0,61,222),(5151,0,61,223),(5152,0,61,224),(5153,0,61,225),(5154,0,61,226),(5155,0,61,227),(5156,0,61,228),(5157,0,61,229),(5158,0,61,230),(5159,0,61,231),(5160,0,61,232),(5161,0,61,233),(5162,0,61,234),(5163,0,61,235),(5164,0,61,236),(5165,0,61,237),(5166,0,61,238),(5167,0,61,239),(5168,0,61,240),(5169,0,61,241),(5170,0,61,242),(5171,0,61,243),(5172,0,61,244),(5173,0,61,245),(5174,0,61,246),(5175,0,61,247),(5176,0,61,248),(5177,0,61,249),(5178,0,61,250),(5179,0,61,251),(5180,0,61,252),(5181,0,61,253),(5182,0,61,254),(5183,0,61,255),(5184,0,61,256),(5185,0,61,257),(5186,0,61,258),(5187,0,61,259),(5188,0,61,260),(5189,0,61,261),(5190,0,61,262),(5191,0,61,263),(5192,0,61,264),(5193,0,61,265),(5194,0,61,266),(5195,0,61,267),(5196,0,61,268),(5197,0,61,269),(5198,0,61,270),(5199,0,61,271),(5200,0,61,272),(5201,0,61,273),(5202,0,61,274),(5203,0,61,275),(5204,0,61,276),(5205,0,61,277),(5206,0,61,278),(5207,0,61,279),(5208,0,61,280),(5209,0,61,281),(5210,0,61,282),(5211,0,61,283),(5212,0,61,284),(5213,0,61,285),(5214,0,61,286),(5215,0,61,624),(5216,0,61,625),(5217,0,61,626),(5218,0,61,627),(5219,0,61,628),(5220,0,61,629),(5221,0,61,630),(5222,0,61,631),(5223,0,61,632),(5224,0,61,633),(5225,0,61,634),(5226,0,61,635),(5227,0,61,636),(5228,0,61,637),(5229,0,61,638),(5230,0,61,639),(5231,0,61,640),(5232,0,61,641),(5233,0,61,642),(5234,0,61,643),(5235,0,61,644),(5236,0,61,645),(5237,0,61,646),(5238,0,61,647),(5239,0,61,648),(5240,0,61,649),(5241,0,61,650),(5242,0,61,651),(5243,0,61,652),(5244,0,61,653),(5245,0,61,654),(5246,0,61,655),(5247,0,61,656),(5248,0,61,657),(5249,0,61,658),(5250,0,61,659),(5251,0,61,661),(5252,0,61,662),(5253,0,61,663),(5254,0,61,664),(5255,0,61,665),(5256,0,61,666),(5257,0,61,667),(5258,0,61,668),(5259,0,61,669),(5260,0,61,670),(5261,0,61,671),(5262,0,61,672),(5263,0,61,673),(5264,0,61,674),(5265,0,61,675),(5266,0,61,677),(5267,0,61,678),(5268,0,61,679),(5269,0,61,680),(5270,0,61,681),(5271,0,61,682),(5272,0,61,683),(5273,0,61,684),(5274,0,61,685),(5275,0,61,686),(5276,0,61,687),(5277,0,61,688),(5278,0,61,689),(5279,0,61,690),(5280,0,61,691),(5281,0,61,692),(5282,0,61,694),(5283,0,61,695),(5284,0,61,696),(5285,0,61,697),(5286,0,61,698),(5287,0,61,699),(5288,0,61,700),(5289,0,61,701),(5290,0,61,702),(5291,0,61,703),(5292,0,61,704),(5293,0,61,717),(5294,0,61,718),(5295,0,61,719),(5296,0,61,721),(5297,0,61,722),(5298,0,61,723),(5299,0,61,724),(5300,0,61,725),(5301,0,61,726),(5302,0,61,727),(5303,0,61,728),(5304,0,61,738),(5305,0,61,739),(5306,0,61,740),(5307,0,61,741),(5308,0,61,742),(5309,0,61,743),(5310,0,61,744),(5311,0,61,745),(5312,0,61,746),(5313,0,61,747),(5314,0,61,748),(5315,0,61,749),(5316,0,61,750),(5317,0,61,751),(5318,0,61,752),(5319,0,61,753),(5320,0,61,754),(5321,0,61,755),(5322,0,61,756),(5323,0,61,757),(5324,0,61,758),(5325,0,61,759),(5326,0,61,760),(5327,0,61,761),(5328,0,61,762),(5329,0,61,763),(5330,0,61,764),(5331,0,61,765),(5332,0,61,766),(5333,0,61,767),(5334,0,61,768),(5335,0,61,769),(5336,0,61,770),(5337,0,61,771),(5338,0,61,772),(5339,0,61,823),(5340,0,61,824),(5341,0,61,825),(5342,0,61,826),(5343,0,61,827),(5344,0,61,828),(5345,0,61,829),(5346,0,61,830),(5347,0,61,831),(5348,0,61,832),(5349,0,61,833),(5350,0,61,834),(5351,0,61,835),(5352,0,61,836),(5353,0,61,837),(5354,0,61,838),(5355,0,61,839),(5356,0,61,840),(5357,0,61,841),(5358,0,61,899),(5359,0,61,900),(5360,0,61,901),(5361,0,61,902),(5362,0,62,228),(5363,0,62,229),(5364,0,62,230),(5365,0,62,231),(5366,0,62,232),(5367,0,62,233),(5368,0,62,234),(5369,0,62,235),(5370,0,62,236),(5371,0,62,237),(5372,0,62,238),(5373,0,62,239),(5374,0,62,240),(5375,0,62,241),(5376,0,62,242),(5377,0,62,243),(5378,0,62,244),(5379,0,62,245),(5380,0,62,246),(5381,0,62,247),(5382,0,62,248),(5383,0,62,249),(5384,0,62,250),(5385,0,62,251),(5386,0,62,252),(5387,0,62,253),(5388,0,62,254),(5389,0,62,255),(5390,0,62,256),(5391,0,62,257),(5392,0,62,258),(5393,0,62,259),(5394,0,62,260),(5395,0,62,261),(5396,0,62,262),(5397,0,62,263),(5398,0,62,264),(5399,0,62,265),(5400,0,62,266),(5401,0,62,267),(5402,0,62,268),(5403,0,62,269),(5404,0,62,270),(5405,0,62,271),(5406,0,62,272),(5407,0,62,273),(5408,0,62,274),(5409,0,62,275),(5410,0,62,276),(5411,0,62,277),(5412,0,62,278),(5413,0,62,279),(5414,0,62,280),(5415,0,62,281),(5416,0,62,282),(5417,0,62,283),(5418,0,62,284),(5419,0,62,285),(5420,0,62,286),(5421,0,62,757),(5422,0,62,758),(5423,0,62,759),(5424,0,62,760),(5425,0,62,761),(5426,0,62,762),(5427,0,62,763),(5428,0,62,764),(5429,0,62,765),(5430,0,62,766),(5431,0,62,767),(5432,0,62,768),(5433,0,62,769),(5434,0,62,770),(5435,0,62,771),(5436,0,62,772),(5437,0,63,879),(5438,0,63,880),(5439,0,63,881),(5440,0,63,882),(5441,0,63,883),(5442,0,63,884),(5443,0,63,885),(5444,0,63,886),(5445,0,63,887),(5446,0,63,888),(5447,0,63,889),(5448,0,63,890),(5449,0,63,891),(5450,0,63,893),(5451,0,63,894),(5452,0,63,895),(5453,0,63,896),(5454,0,63,897),(5455,0,63,898),(5456,0,64,44),(5457,0,64,53),(5458,0,64,54),(5459,0,64,55),(5460,0,64,61),(5461,0,64,66),(5462,0,64,67),(5463,0,64,68),(5464,0,64,69),(5465,0,64,70),(5466,0,64,74),(5467,0,64,79),(5468,0,64,82),(5469,0,64,83),(5470,0,64,96),(5471,0,64,97),(5472,0,64,99),(5473,0,64,101),(5474,0,64,103),(5475,0,64,111),(5476,0,64,115),(5477,0,64,119),(5478,0,64,121),(5479,0,64,123),(5480,0,64,125),(5481,0,64,128),(5482,0,64,129),(5483,0,64,133),(5484,0,64,134),(5485,0,64,142),(5486,0,64,146),(5487,0,64,148),(5488,0,64,292),(5489,0,64,301),(5490,0,64,305),(5491,0,64,313),(5492,0,64,316),(5493,0,64,321),(5494,0,64,329),(5495,0,64,334),(5496,0,64,336),(5497,0,64,339),(5498,0,64,345),(5499,0,64,364),(5500,0,64,369),(5501,0,64,371),(5502,0,64,374),(5503,0,64,385),(5504,0,64,397),(5505,0,64,404),(5506,0,64,421),(5507,0,64,427),(5508,0,64,428),(5509,0,64,429),(5510,0,64,431),(5511,0,64,432),(5512,0,64,441),(5513,0,64,445),(5514,0,64,450),(5515,0,64,451),(5516,0,64,459),(5517,0,64,461),(5518,0,64,467),(5519,0,64,469),(5520,0,64,473),(5521,0,64,479),(5522,0,64,480),(5523,0,64,482),(5524,0,64,483),(5525,0,64,488),(5526,0,64,491),(5527,0,64,498),(5528,0,64,504),(5529,0,64,515),(5530,0,64,518),(5531,0,64,519),(5532,0,64,523),(5533,0,64,525),(5534,0,64,527),(5535,0,64,534),(5536,0,64,535),(5537,0,64,541),(5538,0,64,546),(5539,0,64,785),(5540,0,64,792),(5541,0,64,813),(5542,0,65,37),(5543,0,65,41),(5544,0,65,45),(5545,0,65,48),(5546,0,65,52),(5547,0,65,56),(5548,0,65,58),(5549,0,65,72),(5550,0,65,73),(5551,0,65,77),(5552,0,65,86),(5553,0,65,87),(5554,0,65,92),(5555,0,65,93),(5556,0,65,102),(5557,0,65,105),(5558,0,65,107),(5559,0,65,118),(5560,0,65,120),(5561,0,65,122),(5562,0,65,124),(5563,0,65,126),(5564,0,65,127),(5565,0,65,130),(5566,0,65,132),(5567,0,65,143),(5568,0,65,145),(5569,0,65,149),(5570,0,65,287),(5571,0,65,289),(5572,0,65,291),(5573,0,65,294),(5574,0,65,296),(5575,0,65,297),(5576,0,65,302),(5577,0,65,303),(5578,0,65,307),(5579,0,65,308),(5580,0,65,309),(5581,0,65,310),(5582,0,65,311),(5583,0,65,314),(5584,0,65,317),(5585,0,65,318),(5586,0,65,320),(5587,0,65,322),(5588,0,65,324),(5589,0,65,326),(5590,0,65,330),(5591,0,65,332),(5592,0,65,333),(5593,0,65,335),(5594,0,65,337),(5595,0,65,341),(5596,0,65,342),(5597,0,65,347),(5598,0,65,349),(5599,0,65,355),(5600,0,65,356),(5601,0,65,358),(5602,0,65,359),(5603,0,65,360),(5604,0,65,361),(5605,0,65,363),(5606,0,65,365),(5607,0,65,366),(5608,0,65,367),(5609,0,65,370),(5610,0,65,383),(5611,0,65,384),(5612,0,65,386),(5613,0,65,388),(5614,0,65,389),(5615,0,65,392),(5616,0,65,393),(5617,0,65,395),(5618,0,65,396),(5619,0,65,401),(5620,0,65,415),(5621,0,65,420),(5622,0,65,423),(5623,0,65,425),(5624,0,65,430),(5625,0,65,438),(5626,0,65,440),(5627,0,65,454),(5628,0,65,463),(5629,0,65,466),(5630,0,65,468),(5631,0,65,471),(5632,0,65,481),(5633,0,65,484),(5634,0,65,487),(5635,0,65,492),(5636,0,65,493),(5637,0,65,496),(5638,0,65,497),(5639,0,65,500),(5640,0,65,502),(5641,0,65,505),(5642,0,65,507),(5643,0,65,508),(5644,0,65,510),(5645,0,65,513),(5646,0,65,514),(5647,0,65,517),(5648,0,65,520),(5649,0,65,522),(5650,0,65,526),(5651,0,65,529),(5652,0,65,530),(5653,0,65,531),(5654,0,65,533),(5655,0,65,536),(5656,0,65,537),(5657,0,65,773),(5658,0,65,774),(5659,0,65,777),(5660,0,65,778),(5661,0,65,779),(5662,0,65,781),(5663,0,65,783),(5664,0,65,784),(5665,0,65,787),(5666,0,65,788),(5667,0,65,789),(5668,0,65,790),(5669,0,65,791),(5670,0,65,800),(5671,0,65,807),(5672,0,65,811),(5673,0,65,814),(5674,0,65,815),(5675,0,65,816),(5676,0,65,821),(5677,0,66,39),(5678,0,66,43),(5679,0,66,47),(5680,0,66,50),(5681,0,66,62),(5682,0,66,71),(5683,0,66,76),(5684,0,66,84),(5685,0,66,85),(5686,0,66,88),(5687,0,66,90),(5688,0,66,91),(5689,0,66,95),(5690,0,66,108),(5691,0,66,109),(5692,0,66,112),(5693,0,66,131),(5694,0,66,136),(5695,0,66,137),(5696,0,66,139),(5697,0,66,144),(5698,0,66,147),(5699,0,66,288),(5700,0,66,290),(5701,0,66,293),(5702,0,66,295),(5703,0,66,298),(5704,0,66,306),(5705,0,66,312),(5706,0,66,323),(5707,0,66,331),(5708,0,66,338),(5709,0,66,340),(5710,0,66,343),(5711,0,66,344),(5712,0,66,346),(5713,0,66,348),(5714,0,66,351),(5715,0,66,353),(5716,0,66,354),(5717,0,66,372),(5718,0,66,373),(5719,0,66,377),(5720,0,66,378),(5721,0,66,381),(5722,0,66,382),(5723,0,66,387),(5724,0,66,390),(5725,0,66,391),(5726,0,66,394),(5727,0,66,399),(5728,0,66,402),(5729,0,66,403),(5730,0,66,406),(5731,0,66,408),(5732,0,66,409),(5733,0,66,410),(5734,0,66,411),(5735,0,66,412),(5736,0,66,413),(5737,0,66,414),(5738,0,66,416),(5739,0,66,419),(5740,0,66,422),(5741,0,66,424),(5742,0,66,436),(5743,0,66,442),(5744,0,66,443),(5745,0,66,444),(5746,0,66,447),(5747,0,66,448),(5748,0,66,456),(5749,0,66,458),(5750,0,66,462),(5751,0,66,465),(5752,0,66,472),(5753,0,66,474),(5754,0,66,475),(5755,0,66,478),(5756,0,66,485),(5757,0,66,486),(5758,0,66,495),(5759,0,66,503),(5760,0,66,512),(5761,0,66,538),(5762,0,66,542),(5763,0,66,543),(5764,0,66,708),(5765,0,66,709),(5766,0,66,711),(5767,0,66,713),(5768,0,66,715),(5769,0,66,775),(5770,0,66,776),(5771,0,66,782),(5772,0,66,793),(5773,0,66,794),(5774,0,66,795),(5775,0,66,796),(5776,0,66,797),(5777,0,66,798),(5778,0,66,799),(5779,0,66,801),(5780,0,66,802),(5781,0,66,803),(5782,0,66,804),(5783,0,66,808),(5784,0,66,819),(5785,0,66,822),(5786,0,67,1),(5787,0,67,2),(5788,0,67,3),(5789,0,67,4),(5790,0,67,5),(5791,0,67,6),(5792,0,67,7),(5793,0,67,8),(5794,0,67,9),(5795,0,67,10),(5796,0,67,11),(5797,0,67,12),(5798,0,67,13),(5799,0,67,14),(5800,0,67,15),(5801,0,67,16),(5802,0,67,17),(5803,0,67,18),(5804,0,67,19),(5805,0,67,20),(5806,0,67,21),(5807,0,67,22),(5808,0,67,23),(5809,0,67,24),(5810,0,67,25),(5811,0,67,26),(5812,0,67,27),(5813,0,67,28),(5814,0,67,29),(5815,0,67,30),(5816,0,67,31),(5817,0,67,32),(5818,0,67,33),(5819,0,67,34),(5820,0,67,369),(5821,0,67,370),(5822,0,67,371),(5823,0,67,372),(5824,0,67,373),(5825,0,67,374),(5826,0,67,375),(5827,0,67,376),(5828,0,67,377),(5829,0,67,378),(5830,0,67,379),(5831,0,67,380),(5832,0,67,381),(5833,0,67,382),(5834,0,67,383),(5835,0,67,384),(5836,0,67,385),(5837,0,67,386),(5838,0,67,387),(5839,0,67,388),(5840,0,67,389),(5841,0,67,390),(5842,0,67,391),(5843,0,67,392),(5844,0,67,393),(5845,0,67,394),(5846,0,67,395),(5847,0,67,396),(5848,0,67,397),(5849,0,67,398),(5850,0,67,399),(5851,0,67,400),(5852,0,67,401),(5853,0,67,402),(5854,0,67,403),(5855,0,67,404),(5856,0,67,405),(5857,0,67,406),(5858,0,67,407),(5859,0,67,408),(5860,0,67,409),(5861,0,67,410),(5862,0,67,411),(5863,0,67,412),(5864,0,67,413),(5865,0,67,414),(5866,0,67,415),(5867,0,67,416),(5868,0,67,417),(5869,0,67,418),(5870,0,67,419),(5871,0,67,420),(5872,0,67,421),(5873,0,67,422),(5874,0,67,423),(5875,0,67,424),(5876,0,67,425),(5877,0,67,426),(5878,0,67,427),(5879,0,67,428),(5880,0,67,429),(5881,0,67,430),(5882,0,67,431),(5883,0,67,432),(5884,0,67,433),(5885,0,67,434),(5886,0,67,435),(5887,0,67,436),(5888,0,67,437),(5889,0,67,438),(5890,0,67,439),(5891,0,67,440),(5892,0,67,441),(5893,0,67,442),(5894,0,67,443),(5895,0,67,444),(5896,0,67,445),(5897,0,67,446),(5898,0,67,447),(5899,0,67,448),(5900,0,67,729),(5901,0,67,730),(5902,0,67,731),(5903,0,67,732),(5904,0,67,733),(5905,0,67,734),(5906,0,67,735),(5907,0,67,736),(5908,0,67,737),(5909,0,67,793),(5910,0,67,794),(5911,0,67,795),(5912,0,67,796),(5913,0,67,797),(5914,0,67,798),(5915,0,67,799),(5916,0,67,800),(5917,0,67,801),(5918,0,67,802),(5919,0,67,803),(5920,0,67,804),(5921,0,67,851),(5922,0,67,852),(5923,0,67,853),(5924,0,67,854),(5925,0,67,855),(5926,0,67,856),(5927,0,67,857),(5928,0,67,858),(5929,0,67,859),(5930,0,67,860),(5931,0,67,861),(5932,0,67,862),(5933,0,67,863),(5934,0,67,864),(5935,0,67,865),(5936,0,67,866),(5937,0,67,867),(5938,0,67,868),(5939,0,67,869),(5940,0,67,870),(5941,0,67,871),(5942,0,67,872),(5943,0,67,873),(5944,0,67,874),(5945,0,67,875),(5946,0,67,876),(5947,0,67,877),(5948,0,67,878),(5949,0,67,879),(5950,0,67,880),(5951,0,67,881),(5952,0,67,882),(5953,0,67,883),(5954,0,67,884),(5955,0,67,885),(5956,0,67,886),(5957,0,67,887),(5958,0,67,888),(5959,0,67,889),(5960,0,67,890),(5961,0,67,891),(5962,0,67,893),(5963,0,67,894),(5964,0,67,895),(5965,0,67,896),(5966,0,67,897),(5967,0,67,898);
/*!40000 ALTER TABLE `feedback_done` ENABLE KEYS */;
UNLOCK TABLES;

--
-- Table structure for table `feedback_professor`
--

DROP TABLE IF EXISTS `feedback_professor`;
/*!40101 SET @saved_cs_client     = @@character_set_client */;
/*!40101 SET character_set_client = utf8 */;
CREATE TABLE `feedback_professor` (
  `id` int(11) NOT NULL AUTO_INCREMENT,
  `prof_name` varchar(100) NOT NULL,
  `prof_id` varchar(20) NOT NULL,
  `prof_date` datetime NOT NULL,
  `dept` varchar(4) NOT NULL,
  PRIMARY KEY (`id`)
) ENGINE=InnoDB AUTO_INCREMENT=267 DEFAULT CHARSET=latin1;
/*!40101 SET character_set_client = @saved_cs_client */;

--
-- Dumping data for table `feedback_professor`
--

LOCK TABLES `feedback_professor` WRITE;
/*!40000 ALTER TABLE `feedback_professor` DISABLE KEYS */;
INSERT INTO `feedback_professor` VALUES (1,'Dr. Ashim Kumar Mukherjee','13669','2015-05-03 07:37:53','CY\r'),(2,'Dr. Dhanesh Tiwary','17328','2015-05-03 07:37:53','CY\r'),(3,'Dr. Abhilasha Durgvanshi','18408','2015-05-03 07:37:53','CY\r'),(4,'Dr. Indrajit Sinha','17329','2015-05-03 07:37:53','CY\r'),(5,'Dr. Kamdeo Mandal','17327','2015-05-03 07:37:53','CY\r'),(6,'Dr. Manisha Malviya','18365','2015-05-03 07:37:53','CY\r'),(7,'Dr. M. A. Quraishi','17360','2015-05-03 07:37:53','CY\r'),(8,'Dr. M.M Singh','13734','2015-05-03 07:37:53','CY\r'),(9,'Dr. P.C Pandey','12106','2015-05-03 07:37:53','CY\r'),(10,'Dr. (Mrs.) R.B. Rastogi','13738','2015-05-03 07:37:53','CY\r'),(11,'Dr. (Mrs.) R. Ghose','13675','2015-05-03 07:37:53','CY\r'),(12,'Dr. S. H. Hasan','13674','2015-05-03 07:37:53','CY\r'),(13,'Dr. Sundaram Singh','18364','2015-05-03 07:37:53','CY\r'),(14,'Dr. (Mrs.)V Srivastava','17040','2015-05-03 07:37:53','CY\r'),(15,'Dr. Yogesh C Sharma','17326','2015-05-03 07:37:53','CY\r'),(16,'Dr. Jeyakumar Kandasamy','19849','2015-05-03 07:37:53','CY\r'),(17,'Dr Ashokji Gupta','17179','2015-05-03 07:37:53','MA\r'),(18,'Dr.Anuradha Banerjee','19773','2015-05-03 07:37:53','MA\r'),(19,'Dr L P Singh','17162','2015-05-03 07:37:53','MA\r'),(20,'Dr Santwana Mukhopadhyay','17180','2015-05-03 07:37:53','MA\r'),(21,'Prof O P Singh','13670','2015-05-03 07:37:53','MA\r'),(22,'Dr. Rajeev','17745','2015-05-03 07:37:53','MA\r'),(23,'Dr R Srivastava','13662','2015-05-03 07:37:53','MA\r'),(24,'Dr Subir Das','18373','2015-05-03 07:37:53','MA\r'),(25,'Dr S K Pandey','17315','2015-05-03 07:37:53','MA\r'),(26,'Dr. S. K. Upadhyay','18409','2015-05-03 07:37:53','MA\r'),(27,'Tanmoy Som','18386','2015-05-03 07:37:53','MA\r'),(28,'Vineet Kumar Singh','19772','2015-05-03 07:37:53','MA\r'),(29,'Dr V S Pandey','18992','2015-05-03 07:37:53','MA\r'),(30,'Dr. Rajesh Kumar Pandey','19846','2015-05-03 07:37:53','MA\r'),(31,'Brijesh Eshpuniyani Visiting Faculty','NO EID','2015-05-03 07:37:53','MA\r'),(32,'Prof. Prasanta Kumar Panda','16728','2015-05-03 07:37:53','TWS\r'),(33,'Dr. Sanjaya Kumar Lenka','NO EID','2015-05-03 07:37:53','TWS\r'),(34,'Anita Mohan','17041','2015-05-03 07:37:53','PY\r'),(35,'Dr. Abhishek Kumar Srivastava ','19771','2015-05-03 07:37:53','PY\r'),(36,'Professor BN Dwivedi','13672','2015-05-03 07:37:53','PY\r'),(37,'Dr. Debaprasad Giri','17048','2015-05-03 07:37:53','PY\r'),(38,'Dr O N Singh','13665','2015-05-03 07:37:53','PY\r'),(39,'Dr. P. C. Pandey','18359','2015-05-03 07:37:53','PY\r'),(40,'Dr. Prabhakar Singh','18366','2015-05-03 07:37:53','PY\r'),(41,'Rajendra Prasad','17276','2015-05-03 07:37:53','PY\r'),(42,'Dr. Sandip Chatterji','18478','2015-05-03 07:37:53','PY\r'),(43,'Shail Upadhyay','18536','2015-05-03 07:37:53','PY\r'),(44,'Umendra Narayan Singh','18988','2015-05-03 07:37:53','PY\r'),(45,'Sunil Kumar Singh','NO EID','2015-05-03 07:37:53','PY\r'),(46,'Sunil Kumar Mishra','NO EID','2015-05-03 07:37:53','PY\r'),(47,'Dr. Abha Mishra','19830','2015-05-03 07:37:53','BC\r'),(48,'Prof. Mira Debnath (Das)','13889','2015-05-03 07:37:53','BC\r'),(49,'Dr. P K Srivastava','16831','2015-05-03 07:37:53','BC\r'),(50,'Prof. R. M. Banik','13887','2015-05-03 07:37:53','BC\r'),(51,'Prof. S. K. Srivastava','13890','2015-05-03 07:37:53','BC\r'),(52,'Prof. S Kundu','13888','2015-05-03 07:37:53','BC\r'),(53,'Prof A K Ray','13884','2015-05-03 07:37:53','BM\r'),(54,'Dr N Mishra','13886','2015-05-03 07:37:53','BM\r'),(55,'Dr. Neeraj Sharma','16812','2015-05-03 07:37:53','BM\r'),(56,'Dr R Patnaik','13885','2015-05-03 07:37:53','BM\r'),(57,'Dr. Sanjay Kumar Rai','18117','2015-05-03 07:37:53','BM\r'),(58,'Dr. Shiru Sharma','16829','2015-05-03 07:37:53','BM\r'),(59,'Dr. Somdeb Bose Dasgupta','19850','2015-05-03 07:37:53','BM\r'),(60,'Dr. Sanjeev Kumar Mahto','19842','2015-05-03 07:37:53','BM\r'),(61,'Dr. Anil Kumar','16730','2015-05-03 07:37:53','CR\r'),(62,'Shri Amar Nath','13693','2015-05-03 07:37:53','CR\r'),(63,'Dr Devendra Kumar','13690','2015-05-03 07:37:53','CR\r'),(64,'Dr.(Mrs.) K Mohanta','18361','2015-05-03 07:37:53','CR\r'),(65,'Manas Ranjan Majhi','18295','2015-05-03 07:37:53','CR\r'),(66,'Dr. Om Prakash','13695','2015-05-03 07:37:53','CR\r'),(67,'Dr. Pradip Kumar Roy ','19780','2015-05-03 07:37:53','CR\r'),(68,'Dr. Ram Pyare','13694','2015-05-03 07:37:53','CR\r'),(69,'Dr. S. P. Singh','13689','2015-05-03 07:37:53','CR\r'),(70,'Dr. Vinay Kumar Singh','17365','2015-05-03 07:37:53','CR\r'),(71,'Dr. Raj Kumar Chaturvedi','18989','2015-05-03 07:37:53','CR\r'),(72,'Dr. Sudama Singh','18991','2015-05-03 07:37:53','CR\r'),(73,'A C Mohan','13742','2015-05-03 07:37:53','CH\r'),(74,'Prof A K Verma','13744','2015-05-03 07:37:53','CH\r'),(75,'Dr. A S K Sinha','13741','2015-05-03 07:37:53','CH\r'),(76,'Dr. B N Rai','13746','2015-05-03 07:37:53','CH\r'),(77,'Bhawna Verma','18152','2015-05-03 07:37:53','CH\r'),(78,'Durga Prasad','18151','2015-05-03 07:37:53','CH\r'),(79,'H Pramanik','17500','2015-05-03 07:37:53','CH\r'),(80,'Prof K K Srivastava','13736','2015-05-03 07:37:53','CH\r'),(81,'Dr M K Mondal','13749','2015-05-03 07:37:53','CH\r'),(82,'Dr. P Ahuja','13748','2015-05-03 07:37:53','CH\r'),(83,'Dr. P K Mishra','13747','2015-05-03 07:37:53','CH\r'),(84,'Pradeep Kumar','18479','2015-05-03 07:37:53','CH\r'),(85,'Dr. R Prasad','13737','2015-05-03 07:37:53','CH\r'),(86,'R S Singh','16729','2015-05-03 07:37:53','CH\r'),(87,'Dr. Sandeep Pandey','No EID','2015-05-03 07:37:53','CH\r'),(88,'Dr.Shweta Assistant Professor','19770','2015-05-03 07:37:53','CH\r'),(89,'Dr. Satya Vir Singh','18210','2015-05-03 07:37:53','CH\r'),(90,'Dr V L Yadav','13745','2015-05-03 07:37:53','CH\r'),(91,'Dr. Jyoti Prasad Chakraborty','19844','2015-05-03 07:37:53','CH\r'),(92,'Dr. S. N. Upadhyay','No EID','2015-05-03 07:37:53','CH\r'),(93,'Dr. Sirish Agrawal','No EID','2015-05-03 07:37:53','CH\r'),(94,'Anurag Ohri','17065','2015-05-03 07:37:53','CE\r'),(95,'Dr Arun Prasad','17053','2015-05-03 07:37:53','CE\r'),(96,'Dr Devendra Mohan','13766','2015-05-03 07:37:53','CE\r'),(97,'Prof G Banerjee','17178','2015-05-03 07:37:53','CE\r'),(98,'K. K. Pandey','18383','2015-05-03 07:37:53','CE\r'),(99,'Dr Kesheo Prasad','16727','2015-05-03 07:37:53','CE\r'),(100,'Brind Kumar','16816','2015-05-03 07:37:53','CE\r'),(101,'Dr Medha Jha','17185','2015-05-03 07:37:53','CE\r'),(102,'Dr. Paramkusam Bala Ramudu','18571','2015-05-03 07:37:53','CE\r'),(103,'Prabhat Kumar Singh Dikshit','18398','2015-05-03 07:37:53','CE\r'),(104,'P R Maiti','17052','2015-05-03 07:37:53','CE\r'),(105,'Dr Prabhat Kumar Singh','17063','2015-05-03 07:37:53','CE\r'),(106,'Dr Rajesh Kumar','17051','2015-05-03 07:37:53','CE\r'),(107,'S. B. Dwivedi','18387','2015-05-03 07:37:53','CE\r'),(108,'Dr S Chandrasekaran','16726','2015-05-03 07:37:53','CE\r'),(109,'S. K. Gupta','18329','2015-05-03 07:37:53','CE\r'),(110,'Dr S K Shukla','16725','2015-05-03 07:37:53','CE\r'),(111,'Suresh Kumar','18477','2015-05-03 07:37:53','CE\r'),(112,'Dr S Mandal','16811','2015-05-03 07:37:53','CE\r'),(113,'Prof V Kumar','13759','2015-05-03 07:37:53','CE\r'),(114,'Dr. Ankit Gupta','19851','2015-05-03 07:37:53','CE\r'),(115,'Dr A K Agrawal','13771','2015-05-03 07:37:53','CS\r'),(116,'Anil Kumar Tripathi','13770','2015-05-03 07:37:53','CS\r'),(117,'B Biswas','16832','2015-05-03 07:37:53','CS\r'),(118,'Dr K K Shukla','13772','2015-05-03 07:37:53','CS\r'),(119,'Dr. R. B. Mishra','13769','2015-05-03 07:37:53','CS\r'),(120,'Rajeev Srivastava','18363','2015-05-03 07:37:53','CS\r'),(121,'Dr.R.S. Singh','17184','2015-05-03 07:37:53','CS\r'),(122,'Prof. Rajeev Sangal','19740','2015-05-03 07:37:53','CS\r'),(123,'Dr. S. K. Singh','18362','2015-05-03 07:37:53','CS\r'),(124,'Dr. V Srivastava','13773','2015-05-03 07:37:53','CS\r'),(125,'Dr. A.K.Singh','No EID','2015-05-03 07:37:53','CS\r'),(126,'Dr. Ravindranath Chowdary Chandra','19845','2015-05-03 07:37:53','CS\r'),(127,'Dr. Anil Nelakanti','No EID','2015-05-03 07:37:53','CS\r'),(128,'Dr. Ashok Kumar Sharma','17019','2015-05-03 07:37:53','EC\r'),(129,'Amit Kumar Singh','18299','2015-05-03 07:37:53','EC\r'),(130,'Dr Anand Mohan','13803','2015-05-03 07:37:53','EC\r'),(131,'Amritanshu Pandey','18360','2015-05-03 07:37:53','EC\r'),(132,'Dr Manoj Kr Meshram','16628','2015-05-03 07:37:53','EC\r'),(133,'Manoj Kumar Singh','13806','2015-05-03 07:37:53','EC\r'),(134,'M Thottappan','18358','2015-05-03 07:37:53','EC\r'),(135,'N S Rajput','16800','2015-05-03 07:37:53','EC\r'),(136,'Dr P Chakrabarti','13795','2015-05-03 07:37:53','EC\r'),(137,'Dr P K Jain','13802','2015-05-03 07:37:53','EC\r'),(138,'Mr P K Mukherjee','14161','2015-05-03 07:37:53','EC\r'),(139,'Dr R Dwivedi','13796','2015-05-03 07:37:53','EC\r'),(140,'Dr R R Das','13801','2015-05-03 07:37:53','EC\r'),(141,'Dr Satyabrata Jit','13804','2015-05-03 07:37:53','EC\r'),(142,'Dr S K Balasubramanian','16563','2015-05-03 07:37:53','EC\r'),(143,'Dr S P Singh','16809','2015-05-03 07:37:53','EC\r'),(144,'Mr Tarun Kr Singh','16564','2015-05-03 07:37:53','EC\r'),(145,'Dr V N Mishra','10389','2015-05-03 07:37:53','EC\r'),(146,'Kishor Prabhakar Sarawadekar','19847','2015-05-03 07:37:53','EC\r'),(147,'A K Kapoor','16750','2015-05-03 07:37:53','EE\r'),(148,'Prof D N Vishwakarma','13789','2015-05-03 07:37:53','EE\r'),(149,'Dr Devender Singh','17094','2015-05-03 07:37:53','EE\r'),(150,'Dr Gopal Sharma','13779','2015-05-03 07:37:53','EE\r'),(151,'Dr J C Pandey','17538','2015-05-03 07:37:53','EE\r'),(152,'Dr Kalpana Chaudhary','16629','2015-05-03 07:37:53','EE\r'),(153,'Dr Manish Kumar','17101','2015-05-03 07:37:53','EE\r'),(154,'Dr M K Verma','17590','2015-05-03 07:37:53','EE\r'),(155,'Dr R K Misra','13791','2015-05-03 07:37:53','EE\r'),(156,'Dr R K Pandey','16623','2015-05-03 07:37:53','EE\r'),(157,'Dr R K Saket','17548','2015-05-03 07:37:53','EE\r'),(158,'Rajeev Kumar Singh','17464','2015-05-03 07:37:53','EE\r'),(159,'Dr R K Srivastava','13788','2015-05-03 07:37:53','EE\r'),(160,'Dr R Mahanty','13792','2015-05-03 07:37:53','EE\r'),(161,'Dr R S Gorayan','13782','2015-05-03 07:37:53','EE\r'),(162,'Prof S K Nagar','13780','2015-05-03 07:37:53','EE\r'),(163,'Dr S K Singh','17446','2015-05-03 07:37:53','EE\r'),(164,'Sobhita Meher','17589','2015-05-03 07:37:53','EE\r'),(165,'Prof S P Singh','13783','2015-05-03 07:37:53','EE\r'),(166,'Dr V N Lal','17549','2015-05-03 07:37:53','EE\r'),(167,'A Bhattacharya',' ','2015-05-03 07:37:53','ME\r'),(168,'A K Agrawal','13819','2015-05-03 07:37:53','ME\r'),(169,'A K Jha','13829','2015-05-03 07:37:53','ME\r'),(170,'A P Harsha','16722','2015-05-03 07:37:53','ME\r'),(171,'Arnab Sarkar','17252','2015-05-03 07:37:53','ME\r'),(172,'A Tyagi','17268','2015-05-03 07:37:53','ME\r'),(173,'Cherian Samuel','16798','2015-05-03 07:37:53','ME\r'),(174,'Dr. Debasis Khan','18139','2015-05-03 07:37:53','ME\r'),(175,'J P Dwivedi','13815','2015-05-03 07:37:53','ME\r'),(176,'J Sarkar','17388','2015-05-03 07:37:53','ME\r'),(177,'Dr. J V Tirkey','16724','2015-05-03 07:37:53','ME\r'),(178,'K S Tripathi','13821','2015-05-03 07:37:53','ME\r'),(179,'Dr Meghanshu Vashishta','16721','2015-05-03 07:37:53','ME\r'),(180,'Md. Zaheer Khan Yusufzai','16657','2015-05-03 07:37:53','ME\r'),(181,'N Mallik','17253','2015-05-03 07:37:53','ME\r'),(182,'P Bhardwaj','16720','2015-05-03 07:37:53','ME\r'),(183,'P. C. Mani','18214','2015-05-03 07:37:53','ME\r'),(184,'P Ghosh','16801','2015-05-03 07:37:53','ME\r'),(185,'P Shukla','16723','2015-05-03 07:37:53','ME\r'),(186,'R K Gautam','18239','2015-05-03 07:37:53','ME\r'),(187,'Rajesh Kumar','17318','2015-05-03 07:37:53','ME\r'),(188,'R R Sahoo','17335','2015-05-03 07:37:53','ME\r'),(189,'Rajneesh Tyagi','17341','2015-05-03 07:37:53','ME\r'),(190,'S Kumar','17343','2015-05-03 07:37:53','ME\r'),(191,'Santosh Kumar','13831','2015-05-03 07:37:53','ME\r'),(192,'S K Panda','17390','2015-05-03 07:37:53','ME\r'),(193,'S K Shah','13822','2015-05-03 07:37:53','ME\r'),(194,'Shailendra Kumar Shukla','18130','2015-05-03 07:37:53','ME\r'),(195,'S K Sinha','17364','2015-05-03 07:37:53','ME\r'),(196,'S P Tewari','13817','2015-05-03 07:37:53','ME\r'),(197,'S R Uppu','17269','2015-05-03 07:37:53','ME\r'),(198,'S S Mondal','17339','2015-05-03 07:37:53','ME\r'),(199,'V K Srivastava','13811','2015-05-03 07:37:53','ME\r'),(200,'V P Singh','13818','2015-05-03 07:37:53','ME\r'),(201,'Prof B N Sarma','13852','2015-05-03 07:37:53','MT\r'),(202,'C K Behera','16732','2015-05-03 07:37:53','MT\r'),(203,'Girija Shankar Mahobia','18287','2015-05-03 07:37:53','MT\r'),(204,'Prof G V S Sastry','13847','2015-05-03 07:37:53','MT\r'),(205,'Dr I Chakraborty','18242','2015-05-03 07:37:53','MT\r'),(206,'J K Singh','18194','2015-05-03 07:37:53','MT\r'),(207,'J P Gautam','13850','2015-05-03 07:37:53','MT\r'),(208,'Kausik Chattopadhyay','18241','2015-05-03 07:37:53','MT\r'),(209,'Dr K K Singh','18188','2015-05-03 07:37:53','MT\r'),(210,'Dr. N. K. Mukhopadhyay','13853','2015-05-03 07:37:53','MT\r'),(211,'Dr. Nand Kishore Prasad','18221','2015-05-03 07:37:53','MT\r'),(212,'Dr N C S Srinivas','13851','2015-05-03 07:37:53','MT\r'),(213,'Dr. O. P. Sinha','18218','2015-05-03 07:37:53','MT\r'),(214,'Prof R K Mandal','13849','2015-05-03 07:37:53','MT\r'),(215,'R Manna','16805','2015-05-03 07:37:53','MT\r'),(216,'Dr. Sunil Mohan','13857','2015-05-03 07:37:53','MT\r'),(217,'Prof S N Ojha','13848','2015-05-03 07:37:53','MT\r'),(218,'Vikas Jindal','18229','2015-05-03 07:37:53','MT\r'),(219,'Prof Vakil Singh','13842','2015-05-03 07:37:53','MT\r'),(220,'Prof. T R Mankhand','13855','2015-05-03 07:37:53','MT\r'),(221,'Ashok Jaiswal','18149','2015-05-03 07:37:53','MN\r'),(222,'A Jamal','13869','2015-05-03 07:37:53','MN\r'),(223,'Amrendra Kumar','18148','2015-05-03 07:37:53','MN\r'),(224,'Prof B K Shrivastava','13862','2015-05-03 07:37:53','MN'),(225,'G S P Singh','18197','2015-05-03 07:37:53','MN\r'),(226,'Prof N C Karmakar','17282','2015-05-03 07:37:53','MN\r'),(227,'P Rai','13868','2015-05-03 07:37:53','MN\r'),(228,'Rajesh Rai','18150','2015-05-03 07:37:53','MN\r'),(229,'R P Singh','13867','2015-05-03 07:37:53','MN\r'),(230,'S Gupta','13872','2015-05-03 07:37:53','MN\r'),(231,'Sanjay Kumar Palei','18237','2015-05-03 07:37:53','MN\r'),(232,'S K Sharma','13871','2015-05-03 07:37:53','MN\r'),(233,'S K Sharma','18230','2015-05-03 07:37:53','MN\r'),(234,'Tarun Verma','18147','2015-05-03 07:37:53','MN\r'),(235,'A.K. Singh','18987','2015-05-03 07:37:53','MN\r'),(236,'Akhilesh Kumar Singh','17397','2015-05-03 07:37:53','MS\r'),(237,'Dr.Bhola Nath Pal','19817','2015-05-03 07:37:53','MS\r'),(238,'Dr C Rath','17280','2015-05-03 07:37:53','MS\r'),(239,'Dr. Chandan Upadhyay','18433','2015-05-03 07:37:53','MS\r'),(240,'Prof. D. Pandey','13891','2015-05-03 07:37:53','MS\r'),(241,'Prof P Maiti','17337','2015-05-03 07:37:53','MS\r'),(242,'Dr R Prakash','17100','2015-05-03 07:37:53','MS\r'),(243,'Bhola Nath Pal','19817','2015-05-03 07:37:53','MS\r'),(244,'Dr. Ashok Kumar','18990','2015-05-03 07:37:53','PH\r'),(245,'Dr. A. K. Srivastava','13879','2015-05-03 07:37:53','PH\r'),(246,'Dr. A N Sahu','17514','2015-05-03 07:37:53','PH\r'),(247,'Dr. Senthil Raja A','16828','2015-05-03 07:37:53','PH\r'),(248,'Dr B. Mishra','13882','2015-05-03 07:37:53','PH\r'),(249,'Dr Sairam K','17684','2015-05-03 07:37:53','PH\r'),(250,'Ms. Ruchi Chawla','18548','2015-05-03 07:37:53','PH\r'),(251,'Dr R S Srivastava','13876','2015-05-03 07:37:53','PH\r'),(252,'Dr S Hemalatha','16827','2015-05-03 07:37:53','PH\r'),(253,'Dr. Sunil Mishra','18367','2015-05-03 07:37:53','PH\r'),(254,'Dr S K Shrivastava','16826','2015-05-03 07:37:53','PH\r'),(255,'Dr S K Singh','13880','2015-05-03 07:37:53','PH\r'),(256,'Dr Sanjay Singh','16840','2015-05-03 07:37:53','PH\r'),(257,'Dr Vikas Kumar','17690','2015-05-03 07:37:53','PH\r'),(258,'Dr. Satish Kanaujia','13571','2015-05-03 07:37:53','GYM\r'),(259,'V K Singh','MN101A','2015-05-06 10:55:41','-'),(260,'Prof Sandeep Kumar','ME104A','2015-05-06 10:55:41','-'),(261,'Prof J N Dubey','CMO102','2015-05-06 10:55:41','-'),(262,'Dr M R Sahu','CSM101A','2015-05-06 10:55:41','-'),(263,'Dr Ranajan Sheel','H103A','2015-05-06 10:55:41','-'),(264,'Dr Rakesh Raman','H104A','2015-05-06 10:55:41','-'),(265,'Dr Anand Mishra','H105A','2015-05-06 10:55:41','-'),(266,'Prof K N Rai','MA101A','2015-05-06 10:55:41','-');
/*!40000 ALTER TABLE `feedback_professor` ENABLE KEYS */;
UNLOCK TABLES;

--
-- Table structure for table `feedback_question`
--

DROP TABLE IF EXISTS `feedback_question`;
/*!40101 SET @saved_cs_client     = @@character_set_client */;
/*!40101 SET character_set_client = utf8 */;
CREATE TABLE `feedback_question` (
  `id` int(11) NOT NULL AUTO_INCREMENT,
  `question_text` varchar(200) NOT NULL,
  `question_date` datetime NOT NULL,
  PRIMARY KEY (`id`)
) ENGINE=InnoDB AUTO_INCREMENT=22 DEFAULT CHARSET=latin1;
/*!40101 SET character_set_client = @saved_cs_client */;

--
-- Dumping data for table `feedback_question`
--

LOCK TABLES `feedback_question` WRITE;
/*!40000 ALTER TABLE `feedback_question` DISABLE KEYS */;
INSERT INTO `feedback_question` VALUES (1,'The course was well planned and organised','2015-03-30 11:32:54'),(2,'The topics provided new knowledge.','2015-03-30 11:32:54'),(3,'Prescribed reading material was available.','2015-03-30 11:32:54'),(4,'Classes were held according to the time table.','2015-03-30 11:32:54'),(5,'Work requirements and grading system were clear from the beginning.','2015-03-30 11:32:54'),(6,'The fundamental concepts were prescribed clearly in the lectures.','2015-03-30 20:42:34'),(7,'The Teacher speaks clearly and is audible.','2015-03-30 20:42:34'),(8,'The Teacher\'s blackboard (or overhead) presentation was well organised and legible.','2015-03-30 20:42:34'),(9,'The Teacher uses class time well.','2015-03-30 20:42:34'),(10,'The Teacher stresses important points in the lectures or discussions.','2015-03-30 20:42:34'),(11,'The Teacher responded adequetly to questions asked in the class.','2015-03-30 20:42:34'),(12,'The Teacher acknowledges question in  so far as possible','2015-03-30 20:42:34'),(13,'The treats students with respect.','2015-03-30 20:42:34'),(14,'The Teacher is willing to meet and help students outside the class.','2015-03-30 20:42:34'),(15,'The exams cover the lecture material well.','2015-03-30 20:42:34'),(16,'Exams are creative and require original thought.','2015-03-30 20:42:34'),(17,'Exams are reasonable in length and difficulty.','2015-03-30 20:42:34'),(18,'The examinations are graded carefully and fairly.','2015-03-30 20:42:34'),(19,'Answer scripts are promptly checked and shown to students.','2015-03-30 20:42:34'),(20,'Overall rating of the course content, material etc.','2015-03-30 20:42:34'),(21,'Overall rating of the teacher.','2015-03-30 20:42:34');
/*!40000 ALTER TABLE `feedback_question` ENABLE KEYS */;
UNLOCK TABLES;

--
-- Table structure for table `feedback_result`
--

DROP TABLE IF EXISTS `feedback_result`;
/*!40101 SET @saved_cs_client     = @@character_set_client */;
/*!40101 SET character_set_client = utf8 */;
CREATE TABLE `feedback_result` (
  `id` int(11) NOT NULL AUTO_INCREMENT,
  `excellent_votes` int(11) NOT NULL,
  `verygood_votes` int(11) NOT NULL,
  `good_votes` int(11) NOT NULL,
  `fair_votes` int(11) NOT NULL,
  `poor_votes` int(11) NOT NULL,
  `total_votes` int(11) NOT NULL,
  `course_id` int(11) NOT NULL,
  `question_id` int(11) NOT NULL,
  PRIMARY KEY (`id`),
  KEY `feedback_result_ea134da7` (`course_id`),
  KEY `feedback_result_7aa0f6ee` (`question_id`),
  CONSTRAINT `feedback_result_course_id_5f2f0ab9_fk_feedback_course_id` FOREIGN KEY (`course_id`) REFERENCES `feedback_course` (`id`),
  CONSTRAINT `feedback_result_question_id_ced43ca_fk_feedback_question_id` FOREIGN KEY (`question_id`) REFERENCES `feedback_question` (`id`)
) ENGINE=InnoDB AUTO_INCREMENT=1198 DEFAULT CHARSET=latin1;
/*!40101 SET character_set_client = @saved_cs_client */;

--
-- Dumping data for table `feedback_result`
--

LOCK TABLES `feedback_result` WRITE;
/*!40000 ALTER TABLE `feedback_result` DISABLE KEYS */;
INSERT INTO `feedback_result` VALUES (1,0,0,0,0,0,0,2,1),(2,0,0,0,0,0,0,2,2),(3,0,0,0,0,0,0,2,3),(4,0,0,0,0,0,0,2,4),(5,0,0,0,0,0,0,2,5),(6,0,0,0,0,0,0,2,6),(7,0,0,0,0,0,0,2,7),(8,0,0,0,0,0,0,2,8),(9,0,0,0,0,0,0,2,9),(10,0,0,0,0,0,0,2,10),(11,0,0,0,0,0,0,2,11),(12,0,0,0,0,0,0,2,12),(13,0,0,0,0,0,0,2,13),(14,0,0,0,0,0,0,2,14),(15,0,0,0,0,0,0,2,15),(16,0,0,0,0,0,0,2,16),(17,0,0,0,0,0,0,2,17),(18,0,0,0,0,0,0,2,18),(19,0,0,0,0,0,0,2,19),(20,0,0,0,0,0,0,2,20),(21,0,0,0,0,0,0,2,21),(22,0,0,0,0,0,0,3,1),(23,0,0,0,0,0,0,3,2),(24,0,0,0,0,0,0,3,3),(25,0,0,0,0,0,0,3,4),(26,0,0,0,0,0,0,3,5),(27,0,0,0,0,0,0,3,6),(28,0,0,0,0,0,0,3,7),(29,0,0,0,0,0,0,3,8),(30,0,0,0,0,0,0,3,9),(31,0,0,0,0,0,0,3,10),(32,0,0,0,0,0,0,3,11),(33,0,0,0,0,0,0,3,12),(34,0,0,0,0,0,0,3,13),(35,0,0,0,0,0,0,3,14),(36,0,0,0,0,0,0,3,15),(37,0,0,0,0,0,0,3,16),(38,0,0,0,0,0,0,3,17),(39,0,0,0,0,0,0,3,18),(40,0,0,0,0,0,0,3,19),(41,0,0,0,0,0,0,3,20),(42,0,0,0,0,0,0,3,21),(43,0,0,0,0,0,0,4,1),(44,0,0,0,0,0,0,4,2),(45,0,0,0,0,0,0,4,3),(46,0,0,0,0,0,0,4,4),(47,0,0,0,0,0,0,4,5),(48,0,0,0,0,0,0,4,6),(49,0,0,0,0,0,0,4,7),(50,0,0,0,0,0,0,4,8),(51,0,0,0,0,0,0,4,9),(52,0,0,0,0,0,0,4,10),(53,0,0,0,0,0,0,4,11),(54,0,0,0,0,0,0,4,12),(55,0,0,0,0,0,0,4,13),(56,0,0,0,0,0,0,4,14),(57,0,0,0,0,0,0,4,15),(58,0,0,0,0,0,0,4,16),(59,0,0,0,0,0,0,4,17),(60,0,0,0,0,0,0,4,18),(61,0,0,0,0,0,0,4,19),(62,0,0,0,0,0,0,4,20),(63,0,0,0,0,0,0,4,21),(64,0,0,0,0,0,0,5,1),(65,0,0,0,0,0,0,5,2),(66,0,0,0,0,0,0,5,3),(67,0,0,0,0,0,0,5,4),(68,0,0,0,0,0,0,5,5),(69,0,0,0,0,0,0,5,6),(70,0,0,0,0,0,0,5,7),(71,0,0,0,0,0,0,5,8),(72,0,0,0,0,0,0,5,9),(73,0,0,0,0,0,0,5,10),(74,0,0,0,0,0,0,5,11),(75,0,0,0,0,0,0,5,12),(76,0,0,0,0,0,0,5,13),(77,0,0,0,0,0,0,5,14),(78,0,0,0,0,0,0,5,15),(79,0,0,0,0,0,0,5,16),(80,0,0,0,0,0,0,5,17),(81,0,0,0,0,0,0,5,18),(82,0,0,0,0,0,0,5,19),(83,0,0,0,0,0,0,5,20),(84,0,0,0,0,0,0,5,21),(85,0,0,0,0,0,0,6,1),(86,0,0,0,0,0,0,6,2),(87,0,0,0,0,0,0,6,3),(88,0,0,0,0,0,0,6,4),(89,0,0,0,0,0,0,6,5),(90,0,0,0,0,0,0,6,6),(91,0,0,0,0,0,0,6,7),(92,0,0,0,0,0,0,6,8),(93,0,0,0,0,0,0,6,9),(94,0,0,0,0,0,0,6,10),(95,0,0,0,0,0,0,6,11),(96,0,0,0,0,0,0,6,12),(97,0,0,0,0,0,0,6,13),(98,0,0,0,0,0,0,6,14),(99,0,0,0,0,0,0,6,15),(100,0,0,0,0,0,0,6,16),(101,0,0,0,0,0,0,6,17),(102,0,0,0,0,0,0,6,18),(103,0,0,0,0,0,0,6,19),(104,0,0,0,0,0,0,6,20),(105,0,0,0,0,0,0,6,21),(106,0,0,0,0,0,0,7,1),(107,0,0,0,0,0,0,7,2),(108,0,0,0,0,0,0,7,3),(109,0,0,0,0,0,0,7,4),(110,0,0,0,0,0,0,7,5),(111,0,0,0,0,0,0,7,6),(112,0,0,0,0,0,0,7,7),(113,0,0,0,0,0,0,7,8),(114,0,0,0,0,0,0,7,9),(115,0,0,0,0,0,0,7,10),(116,0,0,0,0,0,0,7,11),(117,0,0,0,0,0,0,7,12),(118,0,0,0,0,0,0,7,13),(119,0,0,0,0,0,0,7,14),(120,0,0,0,0,0,0,7,15),(121,0,0,0,0,0,0,7,16),(122,0,0,0,0,0,0,7,17),(123,0,0,0,0,0,0,7,18),(124,0,0,0,0,0,0,7,19),(125,0,0,0,0,0,0,7,20),(126,0,0,0,0,0,0,7,21),(127,0,0,0,0,0,0,8,1),(128,0,0,0,0,0,0,8,2),(129,0,0,0,0,0,0,8,3),(130,0,0,0,0,0,0,8,4),(131,0,0,0,0,0,0,8,5),(132,0,0,0,0,0,0,8,6),(133,0,0,0,0,0,0,8,7),(134,0,0,0,0,0,0,8,8),(135,0,0,0,0,0,0,8,9),(136,0,0,0,0,0,0,8,10),(137,0,0,0,0,0,0,8,11),(138,0,0,0,0,0,0,8,12),(139,0,0,0,0,0,0,8,13),(140,0,0,0,0,0,0,8,14),(141,0,0,0,0,0,0,8,15),(142,0,0,0,0,0,0,8,16),(143,0,0,0,0,0,0,8,17),(144,0,0,0,0,0,0,8,18),(145,0,0,0,0,0,0,8,19),(146,0,0,0,0,0,0,8,20),(147,0,0,0,0,0,0,8,21),(148,0,0,0,0,0,0,9,1),(149,0,0,0,0,0,0,9,2),(150,0,0,0,0,0,0,9,3),(151,0,0,0,0,0,0,9,4),(152,0,0,0,0,0,0,9,5),(153,0,0,0,0,0,0,9,6),(154,0,0,0,0,0,0,9,7),(155,0,0,0,0,0,0,9,8),(156,0,0,0,0,0,0,9,9),(157,0,0,0,0,0,0,9,10),(158,0,0,0,0,0,0,9,11),(159,0,0,0,0,0,0,9,12),(160,0,0,0,0,0,0,9,13),(161,0,0,0,0,0,0,9,14),(162,0,0,0,0,0,0,9,15),(163,0,0,0,0,0,0,9,16),(164,0,0,0,0,0,0,9,17),(165,0,0,0,0,0,0,9,18),(166,0,0,0,0,0,0,9,19),(167,0,0,0,0,0,0,9,20),(168,0,0,0,0,0,0,9,21),(169,0,0,0,0,0,0,10,1),(170,0,0,0,0,0,0,10,2),(171,0,0,0,0,0,0,10,3),(172,0,0,0,0,0,0,10,4),(173,0,0,0,0,0,0,10,5),(174,0,0,0,0,0,0,10,6),(175,0,0,0,0,0,0,10,7),(176,0,0,0,0,0,0,10,8),(177,0,0,0,0,0,0,10,9),(178,0,0,0,0,0,0,10,10),(179,0,0,0,0,0,0,10,11),(180,0,0,0,0,0,0,10,12),(181,0,0,0,0,0,0,10,13),(182,0,0,0,0,0,0,10,14),(183,0,0,0,0,0,0,10,15),(184,0,0,0,0,0,0,10,16),(185,0,0,0,0,0,0,10,17),(186,0,0,0,0,0,0,10,18),(187,0,0,0,0,0,0,10,19),(188,0,0,0,0,0,0,10,20),(189,0,0,0,0,0,0,10,21),(190,0,0,0,0,0,0,11,1),(191,0,0,0,0,0,0,11,2),(192,0,0,0,0,0,0,11,3),(193,0,0,0,0,0,0,11,4),(194,0,0,0,0,0,0,11,5),(195,0,0,0,0,0,0,11,6),(196,0,0,0,0,0,0,11,7),(197,0,0,0,0,0,0,11,8),(198,0,0,0,0,0,0,11,9),(199,0,0,0,0,0,0,11,10),(200,0,0,0,0,0,0,11,11),(201,0,0,0,0,0,0,11,12),(202,0,0,0,0,0,0,11,13),(203,0,0,0,0,0,0,11,14),(204,0,0,0,0,0,0,11,15),(205,0,0,0,0,0,0,11,16),(206,0,0,0,0,0,0,11,17),(207,0,0,0,0,0,0,11,18),(208,0,0,0,0,0,0,11,19),(209,0,0,0,0,0,0,11,20),(210,0,0,0,0,0,0,11,21),(211,0,0,0,0,0,0,12,1),(212,0,0,0,0,0,0,12,2),(213,0,0,0,0,0,0,12,3),(214,0,0,0,0,0,0,12,4),(215,0,0,0,0,0,0,12,5),(216,0,0,0,0,0,0,12,6),(217,0,0,0,0,0,0,12,7),(218,0,0,0,0,0,0,12,8),(219,0,0,0,0,0,0,12,9),(220,0,0,0,0,0,0,12,10),(221,0,0,0,0,0,0,12,11),(222,0,0,0,0,0,0,12,12),(223,0,0,0,0,0,0,12,13),(224,0,0,0,0,0,0,12,14),(225,0,0,0,0,0,0,12,15),(226,0,0,0,0,0,0,12,16),(227,0,0,0,0,0,0,12,17),(228,0,0,0,0,0,0,12,18),(229,0,0,0,0,0,0,12,19),(230,0,0,0,0,0,0,12,20),(231,0,0,0,0,0,0,12,21),(232,0,0,0,0,0,0,13,1),(233,0,0,0,0,0,0,13,2),(234,0,0,0,0,0,0,13,3),(235,0,0,0,0,0,0,13,4),(236,0,0,0,0,0,0,13,5),(237,0,0,0,0,0,0,13,6),(238,0,0,0,0,0,0,13,7),(239,0,0,0,0,0,0,13,8),(240,0,0,0,0,0,0,13,9),(241,0,0,0,0,0,0,13,10),(242,0,0,0,0,0,0,13,11),(243,0,0,0,0,0,0,13,12),(244,0,0,0,0,0,0,13,13),(245,0,0,0,0,0,0,13,14),(246,0,0,0,0,0,0,13,15),(247,0,0,0,0,0,0,13,16),(248,0,0,0,0,0,0,13,17),(249,0,0,0,0,0,0,13,18),(250,0,0,0,0,0,0,13,19),(251,0,0,0,0,0,0,13,20),(252,0,0,0,0,0,0,13,21),(253,0,0,0,0,0,0,14,1),(254,0,0,0,0,0,0,14,2),(255,0,0,0,0,0,0,14,3),(256,0,0,0,0,0,0,14,4),(257,0,0,0,0,0,0,14,5),(258,0,0,0,0,0,0,14,6),(259,0,0,0,0,0,0,14,7),(260,0,0,0,0,0,0,14,8),(261,0,0,0,0,0,0,14,9),(262,0,0,0,0,0,0,14,10),(263,0,0,0,0,0,0,14,11),(264,0,0,0,0,0,0,14,12),(265,0,0,0,0,0,0,14,13),(266,0,0,0,0,0,0,14,14),(267,0,0,0,0,0,0,14,15),(268,0,0,0,0,0,0,14,16),(269,0,0,0,0,0,0,14,17),(270,0,0,0,0,0,0,14,18),(271,0,0,0,0,0,0,14,19),(272,0,0,0,0,0,0,14,20),(273,0,0,0,0,0,0,14,21),(274,0,0,0,0,0,0,15,1),(275,0,0,0,0,0,0,15,2),(276,0,0,0,0,0,0,15,3),(277,0,0,0,0,0,0,15,4),(278,0,0,0,0,0,0,15,5),(279,0,0,0,0,0,0,15,6),(280,0,0,0,0,0,0,15,7),(281,0,0,0,0,0,0,15,8),(282,0,0,0,0,0,0,15,9),(283,0,0,0,0,0,0,15,10),(284,0,0,0,0,0,0,15,11),(285,0,0,0,0,0,0,15,12),(286,0,0,0,0,0,0,15,13),(287,0,0,0,0,0,0,15,14),(288,0,0,0,0,0,0,15,15),(289,0,0,0,0,0,0,15,16),(290,0,0,0,0,0,0,15,17),(291,0,0,0,0,0,0,15,18),(292,0,0,0,0,0,0,15,19),(293,0,0,0,0,0,0,15,20),(294,0,0,0,0,0,0,15,21),(295,0,0,0,0,0,0,16,1),(296,0,0,0,0,0,0,16,2),(297,0,0,0,0,0,0,16,3),(298,0,0,0,0,0,0,16,4),(299,0,0,0,0,0,0,16,5),(300,0,0,0,0,0,0,16,6),(301,0,0,0,0,0,0,16,7),(302,0,0,0,0,0,0,16,8),(303,0,0,0,0,0,0,16,9),(304,0,0,0,0,0,0,16,10),(305,0,0,0,0,0,0,16,11),(306,0,0,0,0,0,0,16,12),(307,0,0,0,0,0,0,16,13),(308,0,0,0,0,0,0,16,14),(309,0,0,0,0,0,0,16,15),(310,0,0,0,0,0,0,16,16),(311,0,0,0,0,0,0,16,17),(312,0,0,0,0,0,0,16,18),(313,0,0,0,0,0,0,16,19),(314,0,0,0,0,0,0,16,20),(315,0,0,0,0,0,0,16,21),(316,0,0,0,0,0,0,17,1),(317,0,0,0,0,0,0,17,2),(318,0,0,0,0,0,0,17,3),(319,0,0,0,0,0,0,17,4),(320,0,0,0,0,0,0,17,5),(321,0,0,0,0,0,0,17,6),(322,0,0,0,0,0,0,17,7),(323,0,0,0,0,0,0,17,8),(324,0,0,0,0,0,0,17,9),(325,0,0,0,0,0,0,17,10),(326,0,0,0,0,0,0,17,11),(327,0,0,0,0,0,0,17,12),(328,0,0,0,0,0,0,17,13),(329,0,0,0,0,0,0,17,14),(330,0,0,0,0,0,0,17,15),(331,0,0,0,0,0,0,17,16),(332,0,0,0,0,0,0,17,17),(333,0,0,0,0,0,0,17,18),(334,0,0,0,0,0,0,17,19),(335,0,0,0,0,0,0,17,20),(336,0,0,0,0,0,0,17,21),(337,0,0,0,0,0,0,18,1),(338,0,0,0,0,0,0,18,2),(339,0,0,0,0,0,0,18,3),(340,0,0,0,0,0,0,18,4),(341,0,0,0,0,0,0,18,5),(342,0,0,0,0,0,0,18,6),(343,0,0,0,0,0,0,18,7),(344,0,0,0,0,0,0,18,8),(345,0,0,0,0,0,0,18,9),(346,0,0,0,0,0,0,18,10),(347,0,0,0,0,0,0,18,11),(348,0,0,0,0,0,0,18,12),(349,0,0,0,0,0,0,18,13),(350,0,0,0,0,0,0,18,14),(351,0,0,0,0,0,0,18,15),(352,0,0,0,0,0,0,18,16),(353,0,0,0,0,0,0,18,17),(354,0,0,0,0,0,0,18,18),(355,0,0,0,0,0,0,18,19),(356,0,0,0,0,0,0,18,20),(357,0,0,0,0,0,0,18,21),(358,0,0,0,0,0,0,19,1),(359,0,0,0,0,0,0,19,2),(360,0,0,0,0,0,0,19,3),(361,0,0,0,0,0,0,19,4),(362,0,0,0,0,0,0,19,5),(363,0,0,0,0,0,0,19,6),(364,0,0,0,0,0,0,19,7),(365,0,0,0,0,0,0,19,8),(366,0,0,0,0,0,0,19,9),(367,0,0,0,0,0,0,19,10),(368,0,0,0,0,0,0,19,11),(369,0,0,0,0,0,0,19,12),(370,0,0,0,0,0,0,19,13),(371,0,0,0,0,0,0,19,14),(372,0,0,0,0,0,0,19,15),(373,0,0,0,0,0,0,19,16),(374,0,0,0,0,0,0,19,17),(375,0,0,0,0,0,0,19,18),(376,0,0,0,0,0,0,19,19),(377,0,0,0,0,0,0,19,20),(378,0,0,0,0,0,0,19,21),(379,0,0,0,0,0,0,20,1),(380,0,0,0,0,0,0,20,2),(381,0,0,0,0,0,0,20,3),(382,0,0,0,0,0,0,20,4),(383,0,0,0,0,0,0,20,5),(384,0,0,0,0,0,0,20,6),(385,0,0,0,0,0,0,20,7),(386,0,0,0,0,0,0,20,8),(387,0,0,0,0,0,0,20,9),(388,0,0,0,0,0,0,20,10),(389,0,0,0,0,0,0,20,11),(390,0,0,0,0,0,0,20,12),(391,0,0,0,0,0,0,20,13),(392,0,0,0,0,0,0,20,14),(393,0,0,0,0,0,0,20,15),(394,0,0,0,0,0,0,20,16),(395,0,0,0,0,0,0,20,17),(396,0,0,0,0,0,0,20,18),(397,0,0,0,0,0,0,20,19),(398,0,0,0,0,0,0,20,20),(399,0,0,0,0,0,0,20,21),(400,0,0,0,0,0,0,21,1),(401,0,0,0,0,0,0,21,2),(402,0,0,0,0,0,0,21,3),(403,0,0,0,0,0,0,21,4),(404,0,0,0,0,0,0,21,5),(405,0,0,0,0,0,0,21,6),(406,0,0,0,0,0,0,21,7),(407,0,0,0,0,0,0,21,8),(408,0,0,0,0,0,0,21,9),(409,0,0,0,0,0,0,21,10),(410,0,0,0,0,0,0,21,11),(411,0,0,0,0,0,0,21,12),(412,0,0,0,0,0,0,21,13),(413,0,0,0,0,0,0,21,14),(414,0,0,0,0,0,0,21,15),(415,0,0,0,0,0,0,21,16),(416,0,0,0,0,0,0,21,17),(417,0,0,0,0,0,0,21,18),(418,0,0,0,0,0,0,21,19),(419,0,0,0,0,0,0,21,20),(420,0,0,0,0,0,0,21,21),(421,0,0,0,0,0,0,22,1),(422,0,0,0,0,0,0,22,2),(423,0,0,0,0,0,0,22,3),(424,0,0,0,0,0,0,22,4),(425,0,0,0,0,0,0,22,5),(426,0,0,0,0,0,0,22,6),(427,0,0,0,0,0,0,22,7),(428,0,0,0,0,0,0,22,8),(429,0,0,0,0,0,0,22,9),(430,0,0,0,0,0,0,22,10),(431,0,0,0,0,0,0,22,11),(432,0,0,0,0,0,0,22,12),(433,0,0,0,0,0,0,22,13),(434,0,0,0,0,0,0,22,14),(435,0,0,0,0,0,0,22,15),(436,0,0,0,0,0,0,22,16),(437,0,0,0,0,0,0,22,17),(438,0,0,0,0,0,0,22,18),(439,0,0,0,0,0,0,22,19),(440,0,0,0,0,0,0,22,20),(441,0,0,0,0,0,0,22,21),(442,0,0,0,0,0,0,23,1),(443,0,0,0,0,0,0,23,2),(444,0,0,0,0,0,0,23,3),(445,0,0,0,0,0,0,23,4),(446,0,0,0,0,0,0,23,5),(447,0,0,0,0,0,0,23,6),(448,0,0,0,0,0,0,23,7),(449,0,0,0,0,0,0,23,8),(450,0,0,0,0,0,0,23,9),(451,0,0,0,0,0,0,23,10),(452,0,0,0,0,0,0,23,11),(453,0,0,0,0,0,0,23,12),(454,0,0,0,0,0,0,23,13),(455,0,0,0,0,0,0,23,14),(456,0,0,0,0,0,0,23,15),(457,0,0,0,0,0,0,23,16),(458,0,0,0,0,0,0,23,17),(459,0,0,0,0,0,0,23,18),(460,0,0,0,0,0,0,23,19),(461,0,0,0,0,0,0,23,20),(462,0,0,0,0,0,0,23,21),(463,0,0,0,0,0,0,24,1),(464,0,0,0,0,0,0,24,2),(465,0,0,0,0,0,0,24,3),(466,0,0,0,0,0,0,24,4),(467,0,0,0,0,0,0,24,5),(468,0,0,0,0,0,0,24,6),(469,0,0,0,0,0,0,24,7),(470,0,0,0,0,0,0,24,8),(471,0,0,0,0,0,0,24,9),(472,0,0,0,0,0,0,24,10),(473,0,0,0,0,0,0,24,11),(474,0,0,0,0,0,0,24,12),(475,0,0,0,0,0,0,24,13),(476,0,0,0,0,0,0,24,14),(477,0,0,0,0,0,0,24,15),(478,0,0,0,0,0,0,24,16),(479,0,0,0,0,0,0,24,17),(480,0,0,0,0,0,0,24,18),(481,0,0,0,0,0,0,24,19),(482,0,0,0,0,0,0,24,20),(483,0,0,0,0,0,0,24,21),(484,0,0,0,0,0,0,25,1),(485,0,0,0,0,0,0,25,2),(486,0,0,0,0,0,0,25,3),(487,0,0,0,0,0,0,25,4),(488,0,0,0,0,0,0,25,5),(489,0,0,0,0,0,0,25,6),(490,0,0,0,0,0,0,25,7),(491,0,0,0,0,0,0,25,8),(492,0,0,0,0,0,0,25,9),(493,0,0,0,0,0,0,25,10),(494,0,0,0,0,0,0,25,11),(495,0,0,0,0,0,0,25,12),(496,0,0,0,0,0,0,25,13),(497,0,0,0,0,0,0,25,14),(498,0,0,0,0,0,0,25,15),(499,0,0,0,0,0,0,25,16),(500,0,0,0,0,0,0,25,17),(501,0,0,0,0,0,0,25,18),(502,0,0,0,0,0,0,25,19),(503,0,0,0,0,0,0,25,20),(504,0,0,0,0,0,0,25,21),(505,0,0,0,0,0,0,26,1),(506,0,0,0,0,0,0,26,2),(507,0,0,0,0,0,0,26,3),(508,0,0,0,0,0,0,26,4),(509,0,0,0,0,0,0,26,5),(510,0,0,0,0,0,0,26,6),(511,0,0,0,0,0,0,26,7),(512,0,0,0,0,0,0,26,8),(513,0,0,0,0,0,0,26,9),(514,0,0,0,0,0,0,26,10),(515,0,0,0,0,0,0,26,11),(516,0,0,0,0,0,0,26,12),(517,0,0,0,0,0,0,26,13),(518,0,0,0,0,0,0,26,14),(519,0,0,0,0,0,0,26,15),(520,0,0,0,0,0,0,26,16),(521,0,0,0,0,0,0,26,17),(522,0,0,0,0,0,0,26,18),(523,0,0,0,0,0,0,26,19),(524,0,0,0,0,0,0,26,20),(525,0,0,0,0,0,0,26,21),(526,0,0,0,0,0,0,27,1),(527,0,0,0,0,0,0,27,2),(528,0,0,0,0,0,0,27,3),(529,0,0,0,0,0,0,27,4),(530,0,0,0,0,0,0,27,5),(531,0,0,0,0,0,0,27,6),(532,0,0,0,0,0,0,27,7),(533,0,0,0,0,0,0,27,8),(534,0,0,0,0,0,0,27,9),(535,0,0,0,0,0,0,27,10),(536,0,0,0,0,0,0,27,11),(537,0,0,0,0,0,0,27,12),(538,0,0,0,0,0,0,27,13),(539,0,0,0,0,0,0,27,14),(540,0,0,0,0,0,0,27,15),(541,0,0,0,0,0,0,27,16),(542,0,0,0,0,0,0,27,17),(543,0,0,0,0,0,0,27,18),(544,0,0,0,0,0,0,27,19),(545,0,0,0,0,0,0,27,20),(546,0,0,0,0,0,0,27,21),(547,0,0,0,0,0,0,28,1),(548,0,0,0,0,0,0,28,2),(549,0,0,0,0,0,0,28,3),(550,0,0,0,0,0,0,28,4),(551,0,0,0,0,0,0,28,5),(552,0,0,0,0,0,0,28,6),(553,0,0,0,0,0,0,28,7),(554,0,0,0,0,0,0,28,8),(555,0,0,0,0,0,0,28,9),(556,0,0,0,0,0,0,28,10),(557,0,0,0,0,0,0,28,11),(558,0,0,0,0,0,0,28,12),(559,0,0,0,0,0,0,28,13),(560,0,0,0,0,0,0,28,14),(561,0,0,0,0,0,0,28,15),(562,0,0,0,0,0,0,28,16),(563,0,0,0,0,0,0,28,17),(564,0,0,0,0,0,0,28,18),(565,0,0,0,0,0,0,28,19),(566,0,0,0,0,0,0,28,20),(567,0,0,0,0,0,0,28,21),(568,0,0,0,0,0,0,29,1),(569,0,0,0,0,0,0,29,2),(570,0,0,0,0,0,0,29,3),(571,0,0,0,0,0,0,29,4),(572,0,0,0,0,0,0,29,5),(573,0,0,0,0,0,0,29,6),(574,0,0,0,0,0,0,29,7),(575,0,0,0,0,0,0,29,8),(576,0,0,0,0,0,0,29,9),(577,0,0,0,0,0,0,29,10),(578,0,0,0,0,0,0,29,11),(579,0,0,0,0,0,0,29,12),(580,0,0,0,0,0,0,29,13),(581,0,0,0,0,0,0,29,14),(582,0,0,0,0,0,0,29,15),(583,0,0,0,0,0,0,29,16),(584,0,0,0,0,0,0,29,17),(585,0,0,0,0,0,0,29,18),(586,0,0,0,0,0,0,29,19),(587,0,0,0,0,0,0,29,20),(588,0,0,0,0,0,0,29,21),(589,0,0,0,0,0,0,30,1),(590,0,0,0,0,0,0,30,2),(591,0,0,0,0,0,0,30,3),(592,0,0,0,0,0,0,30,4),(593,0,0,0,0,0,0,30,5),(594,0,0,0,0,0,0,30,6),(595,0,0,0,0,0,0,30,7),(596,0,0,0,0,0,0,30,8),(597,0,0,0,0,0,0,30,9),(598,0,0,0,0,0,0,30,10),(599,0,0,0,0,0,0,30,11),(600,0,0,0,0,0,0,30,12),(601,0,0,0,0,0,0,30,13),(602,0,0,0,0,0,0,30,14),(603,0,0,0,0,0,0,30,15),(604,0,0,0,0,0,0,30,16),(605,0,0,0,0,0,0,30,17),(606,0,0,0,0,0,0,30,18),(607,0,0,0,0,0,0,30,19),(608,0,0,0,0,0,0,30,20),(609,0,0,0,0,0,0,30,21),(610,0,0,0,0,0,0,31,1),(611,0,0,0,0,0,0,31,2),(612,0,0,0,0,0,0,31,3),(613,0,0,0,0,0,0,31,4),(614,0,0,0,0,0,0,31,5),(615,0,0,0,0,0,0,31,6),(616,0,0,0,0,0,0,31,7),(617,0,0,0,0,0,0,31,8),(618,0,0,0,0,0,0,31,9),(619,0,0,0,0,0,0,31,10),(620,0,0,0,0,0,0,31,11),(621,0,0,0,0,0,0,31,12),(622,0,0,0,0,0,0,31,13),(623,0,0,0,0,0,0,31,14),(624,0,0,0,0,0,0,31,15),(625,0,0,0,0,0,0,31,16),(626,0,0,0,0,0,0,31,17),(627,0,0,0,0,0,0,31,18),(628,0,0,0,0,0,0,31,19),(629,0,0,0,0,0,0,31,20),(630,0,0,0,0,0,0,31,21),(631,0,0,0,0,0,0,32,1),(632,0,0,0,0,0,0,32,2),(633,0,0,0,0,0,0,32,3),(634,0,0,0,0,0,0,32,4),(635,0,0,0,0,0,0,32,5),(636,0,0,0,0,0,0,32,6),(637,0,0,0,0,0,0,32,7),(638,0,0,0,0,0,0,32,8),(639,0,0,0,0,0,0,32,9),(640,0,0,0,0,0,0,32,10),(641,0,0,0,0,0,0,32,11),(642,0,0,0,0,0,0,32,12),(643,0,0,0,0,0,0,32,13),(644,0,0,0,0,0,0,32,14),(645,0,0,0,0,0,0,32,15),(646,0,0,0,0,0,0,32,16),(647,0,0,0,0,0,0,32,17),(648,0,0,0,0,0,0,32,18),(649,0,0,0,0,0,0,32,19),(650,0,0,0,0,0,0,32,20),(651,0,0,0,0,0,0,32,21),(652,0,0,0,0,0,0,33,1),(653,0,0,0,0,0,0,33,2),(654,0,0,0,0,0,0,33,3),(655,0,0,0,0,0,0,33,4),(656,0,0,0,0,0,0,33,5),(657,0,0,0,0,0,0,33,6),(658,0,0,0,0,0,0,33,7),(659,0,0,0,0,0,0,33,8),(660,0,0,0,0,0,0,33,9),(661,0,0,0,0,0,0,33,10),(662,0,0,0,0,0,0,33,11),(663,0,0,0,0,0,0,33,12),(664,0,0,0,0,0,0,33,13),(665,0,0,0,0,0,0,33,14),(666,0,0,0,0,0,0,33,15),(667,0,0,0,0,0,0,33,16),(668,0,0,0,0,0,0,33,17),(669,0,0,0,0,0,0,33,18),(670,0,0,0,0,0,0,33,19),(671,0,0,0,0,0,0,33,20),(672,0,0,0,0,0,0,33,21),(673,0,0,0,0,0,0,34,1),(674,0,0,0,0,0,0,34,2),(675,0,0,0,0,0,0,34,3),(676,0,0,0,0,0,0,34,4),(677,0,0,0,0,0,0,34,5),(678,0,0,0,0,0,0,34,6),(679,0,0,0,0,0,0,34,7),(680,0,0,0,0,0,0,34,8),(681,0,0,0,0,0,0,34,9),(682,0,0,0,0,0,0,34,10),(683,0,0,0,0,0,0,34,11),(684,0,0,0,0,0,0,34,12),(685,0,0,0,0,0,0,34,13),(686,0,0,0,0,0,0,34,14),(687,0,0,0,0,0,0,34,15),(688,0,0,0,0,0,0,34,16),(689,0,0,0,0,0,0,34,17),(690,0,0,0,0,0,0,34,18),(691,0,0,0,0,0,0,34,19),(692,0,0,0,0,0,0,34,20),(693,0,0,0,0,0,0,34,21),(694,0,0,0,0,0,0,35,1),(695,0,0,0,0,0,0,35,2),(696,0,0,0,0,0,0,35,3),(697,0,0,0,0,0,0,35,4),(698,0,0,0,0,0,0,35,5),(699,0,0,0,0,0,0,35,6),(700,0,0,0,0,0,0,35,7),(701,0,0,0,0,0,0,35,8),(702,0,0,0,0,0,0,35,9),(703,0,0,0,0,0,0,35,10),(704,0,0,0,0,0,0,35,11),(705,0,0,0,0,0,0,35,12),(706,0,0,0,0,0,0,35,13),(707,0,0,0,0,0,0,35,14),(708,0,0,0,0,0,0,35,15),(709,0,0,0,0,0,0,35,16),(710,0,0,0,0,0,0,35,17),(711,0,0,0,0,0,0,35,18),(712,0,0,0,0,0,0,35,19),(713,0,0,0,0,0,0,35,20),(714,0,0,0,0,0,0,35,21),(715,0,0,0,0,0,0,36,1),(716,0,0,0,0,0,0,36,2),(717,0,0,0,0,0,0,36,3),(718,0,0,0,0,0,0,36,4),(719,0,0,0,0,0,0,36,5),(720,0,0,0,0,0,0,36,6),(721,0,0,0,0,0,0,36,7),(722,0,0,0,0,0,0,36,8),(723,0,0,0,0,0,0,36,9),(724,0,0,0,0,0,0,36,10),(725,0,0,0,0,0,0,36,11),(726,0,0,0,0,0,0,36,12),(727,0,0,0,0,0,0,36,13),(728,0,0,0,0,0,0,36,14),(729,0,0,0,0,0,0,36,15),(730,0,0,0,0,0,0,36,16),(731,0,0,0,0,0,0,36,17),(732,0,0,0,0,0,0,36,18),(733,0,0,0,0,0,0,36,19),(734,0,0,0,0,0,0,36,20),(735,0,0,0,0,0,0,36,21),(736,0,0,0,0,0,0,37,1),(737,0,0,0,0,0,0,37,2),(738,0,0,0,0,0,0,37,3),(739,0,0,0,0,0,0,37,4),(740,0,0,0,0,0,0,37,5),(741,0,0,0,0,0,0,37,6),(742,0,0,0,0,0,0,37,7),(743,0,0,0,0,0,0,37,8),(744,0,0,0,0,0,0,37,9),(745,0,0,0,0,0,0,37,10),(746,0,0,0,0,0,0,37,11),(747,0,0,0,0,0,0,37,12),(748,0,0,0,0,0,0,37,13),(749,0,0,0,0,0,0,37,14),(750,0,0,0,0,0,0,37,15),(751,0,0,0,0,0,0,37,16),(752,0,0,0,0,0,0,37,17),(753,0,0,0,0,0,0,37,18),(754,0,0,0,0,0,0,37,19),(755,0,0,0,0,0,0,37,20),(756,0,0,0,0,0,0,37,21),(757,0,0,0,0,0,0,38,1),(758,0,0,0,0,0,0,38,2),(759,0,0,0,0,0,0,38,3),(760,0,0,0,0,0,0,38,4),(761,0,0,0,0,0,0,38,5),(762,0,0,0,0,0,0,38,6),(763,0,0,0,0,0,0,38,7),(764,0,0,0,0,0,0,38,8),(765,0,0,0,0,0,0,38,9),(766,0,0,0,0,0,0,38,10),(767,0,0,0,0,0,0,38,11),(768,0,0,0,0,0,0,38,12),(769,0,0,0,0,0,0,38,13),(770,0,0,0,0,0,0,38,14),(771,0,0,0,0,0,0,38,15),(772,0,0,0,0,0,0,38,16),(773,0,0,0,0,0,0,38,17),(774,0,0,0,0,0,0,38,18),(775,0,0,0,0,0,0,38,19),(776,0,0,0,0,0,0,38,20),(777,0,0,0,0,0,0,38,21),(778,0,0,0,0,0,0,39,1),(779,0,0,0,0,0,0,39,2),(780,0,0,0,0,0,0,39,3),(781,0,0,0,0,0,0,39,4),(782,0,0,0,0,0,0,39,5),(783,0,0,0,0,0,0,39,6),(784,0,0,0,0,0,0,39,7),(785,0,0,0,0,0,0,39,8),(786,0,0,0,0,0,0,39,9),(787,0,0,0,0,0,0,39,10),(788,0,0,0,0,0,0,39,11),(789,0,0,0,0,0,0,39,12),(790,0,0,0,0,0,0,39,13),(791,0,0,0,0,0,0,39,14),(792,0,0,0,0,0,0,39,15),(793,0,0,0,0,0,0,39,16),(794,0,0,0,0,0,0,39,17),(795,0,0,0,0,0,0,39,18),(796,0,0,0,0,0,0,39,19),(797,0,0,0,0,0,0,39,20),(798,0,0,0,0,0,0,39,21),(799,0,0,0,0,0,0,40,1),(800,0,0,0,0,0,0,40,2),(801,0,0,0,0,0,0,40,3),(802,0,0,0,0,0,0,40,4),(803,0,0,0,0,0,0,40,5),(804,0,0,0,0,0,0,40,6),(805,0,0,0,0,0,0,40,7),(806,0,0,0,0,0,0,40,8),(807,0,0,0,0,0,0,40,9),(808,0,0,0,0,0,0,40,10),(809,0,0,0,0,0,0,40,11),(810,0,0,0,0,0,0,40,12),(811,0,0,0,0,0,0,40,13),(812,0,0,0,0,0,0,40,14),(813,0,0,0,0,0,0,40,15),(814,0,0,0,0,0,0,40,16),(815,0,0,0,0,0,0,40,17),(816,0,0,0,0,0,0,40,18),(817,0,0,0,0,0,0,40,19),(818,0,0,0,0,0,0,40,20),(819,0,0,0,0,0,0,40,21),(820,0,0,0,0,0,0,41,1),(821,0,0,0,0,0,0,41,2),(822,0,0,0,0,0,0,41,3),(823,0,0,0,0,0,0,41,4),(824,0,0,0,0,0,0,41,5),(825,0,0,0,0,0,0,41,6),(826,0,0,0,0,0,0,41,7),(827,0,0,0,0,0,0,41,8),(828,0,0,0,0,0,0,41,9),(829,0,0,0,0,0,0,41,10),(830,0,0,0,0,0,0,41,11),(831,0,0,0,0,0,0,41,12),(832,0,0,0,0,0,0,41,13),(833,0,0,0,0,0,0,41,14),(834,0,0,0,0,0,0,41,15),(835,0,0,0,0,0,0,41,16),(836,0,0,0,0,0,0,41,17),(837,0,0,0,0,0,0,41,18),(838,0,0,0,0,0,0,41,19),(839,0,0,0,0,0,0,41,20),(840,0,0,0,0,0,0,41,21),(841,0,0,0,0,0,0,42,1),(842,0,0,0,0,0,0,42,2),(843,0,0,0,0,0,0,42,3),(844,0,0,0,0,0,0,42,4),(845,0,0,0,0,0,0,42,5),(846,0,0,0,0,0,0,42,6),(847,0,0,0,0,0,0,42,7),(848,0,0,0,0,0,0,42,8),(849,0,0,0,0,0,0,42,9),(850,0,0,0,0,0,0,42,10),(851,0,0,0,0,0,0,42,11),(852,0,0,0,0,0,0,42,12),(853,0,0,0,0,0,0,42,13),(854,0,0,0,0,0,0,42,14),(855,0,0,0,0,0,0,42,15),(856,0,0,0,0,0,0,42,16),(857,0,0,0,0,0,0,42,17),(858,0,0,0,0,0,0,42,18),(859,0,0,0,0,0,0,42,19),(860,0,0,0,0,0,0,42,20),(861,0,0,0,0,0,0,42,21),(862,0,0,0,0,0,0,43,1),(863,0,0,0,0,0,0,43,2),(864,0,0,0,0,0,0,43,3),(865,0,0,0,0,0,0,43,4),(866,0,0,0,0,0,0,43,5),(867,0,0,0,0,0,0,43,6),(868,0,0,0,0,0,0,43,7),(869,0,0,0,0,0,0,43,8),(870,0,0,0,0,0,0,43,9),(871,0,0,0,0,0,0,43,10),(872,0,0,0,0,0,0,43,11),(873,0,0,0,0,0,0,43,12),(874,0,0,0,0,0,0,43,13),(875,0,0,0,0,0,0,43,14),(876,0,0,0,0,0,0,43,15),(877,0,0,0,0,0,0,43,16),(878,0,0,0,0,0,0,43,17),(879,0,0,0,0,0,0,43,18),(880,0,0,0,0,0,0,43,19),(881,0,0,0,0,0,0,43,20),(882,0,0,0,0,0,0,43,21),(883,0,0,0,0,0,0,44,1),(884,0,0,0,0,0,0,44,2),(885,0,0,0,0,0,0,44,3),(886,0,0,0,0,0,0,44,4),(887,0,0,0,0,0,0,44,5),(888,0,0,0,0,0,0,44,6),(889,0,0,0,0,0,0,44,7),(890,0,0,0,0,0,0,44,8),(891,0,0,0,0,0,0,44,9),(892,0,0,0,0,0,0,44,10),(893,0,0,0,0,0,0,44,11),(894,0,0,0,0,0,0,44,12),(895,0,0,0,0,0,0,44,13),(896,0,0,0,0,0,0,44,14),(897,0,0,0,0,0,0,44,15),(898,0,0,0,0,0,0,44,16),(899,0,0,0,0,0,0,44,17),(900,0,0,0,0,0,0,44,18),(901,0,0,0,0,0,0,44,19),(902,0,0,0,0,0,0,44,20),(903,0,0,0,0,0,0,44,21),(904,0,0,0,0,0,0,45,1),(905,0,0,0,0,0,0,45,2),(906,0,0,0,0,0,0,45,3),(907,0,0,0,0,0,0,45,4),(908,0,0,0,0,0,0,45,5),(909,0,0,0,0,0,0,45,6),(910,0,0,0,0,0,0,45,7),(911,0,0,0,0,0,0,45,8),(912,0,0,0,0,0,0,45,9),(913,0,0,0,0,0,0,45,10),(914,0,0,0,0,0,0,45,11),(915,0,0,0,0,0,0,45,12),(916,0,0,0,0,0,0,45,13),(917,0,0,0,0,0,0,45,14),(918,0,0,0,0,0,0,45,15),(919,0,0,0,0,0,0,45,16),(920,0,0,0,0,0,0,45,17),(921,0,0,0,0,0,0,45,18),(922,0,0,0,0,0,0,45,19),(923,0,0,0,0,0,0,45,20),(924,0,0,0,0,0,0,45,21),(925,0,0,0,0,0,0,46,1),(926,0,0,0,0,0,0,46,2),(927,0,0,0,0,0,0,46,3),(928,0,0,0,0,0,0,46,4),(929,0,0,0,0,0,0,46,5),(930,0,0,0,0,0,0,46,6),(931,0,0,0,0,0,0,46,7),(932,0,0,0,0,0,0,46,8),(933,0,0,0,0,0,0,46,9),(934,0,0,0,0,0,0,46,10),(935,0,0,0,0,0,0,46,11),(936,0,0,0,0,0,0,46,12),(937,0,0,0,0,0,0,46,13),(938,0,0,0,0,0,0,46,14),(939,0,0,0,0,0,0,46,15),(940,0,0,0,0,0,0,46,16),(941,0,0,0,0,0,0,46,17),(942,0,0,0,0,0,0,46,18),(943,0,0,0,0,0,0,46,19),(944,0,0,0,0,0,0,46,20),(945,0,0,0,0,0,0,46,21),(946,0,0,0,0,0,0,47,1),(947,0,0,0,0,0,0,47,2),(948,0,0,0,0,0,0,47,3),(949,0,0,0,0,0,0,47,4),(950,0,0,0,0,0,0,47,5),(951,0,0,0,0,0,0,47,6),(952,0,0,0,0,0,0,47,7),(953,0,0,0,0,0,0,47,8),(954,0,0,0,0,0,0,47,9),(955,0,0,0,0,0,0,47,10),(956,0,0,0,0,0,0,47,11),(957,0,0,0,0,0,0,47,12),(958,0,0,0,0,0,0,47,13),(959,0,0,0,0,0,0,47,14),(960,0,0,0,0,0,0,47,15),(961,0,0,0,0,0,0,47,16),(962,0,0,0,0,0,0,47,17),(963,0,0,0,0,0,0,47,18),(964,0,0,0,0,0,0,47,19),(965,0,0,0,0,0,0,47,20),(966,0,0,0,0,0,0,47,21),(967,0,0,0,0,0,0,48,1),(968,0,0,0,0,0,0,48,2),(969,0,0,0,0,0,0,48,3),(970,0,0,0,0,0,0,48,4),(971,0,0,0,0,0,0,48,5),(972,0,0,0,0,0,0,48,6),(973,0,0,0,0,0,0,48,7),(974,0,0,0,0,0,0,48,8),(975,0,0,0,0,0,0,48,9),(976,0,0,0,0,0,0,48,10),(977,0,0,0,0,0,0,48,11),(978,0,0,0,0,0,0,48,12),(979,0,0,0,0,0,0,48,13),(980,0,0,0,0,0,0,48,14),(981,0,0,0,0,0,0,48,15),(982,0,0,0,0,0,0,48,16),(983,0,0,0,0,0,0,48,17),(984,0,0,0,0,0,0,48,18),(985,0,0,0,0,0,0,48,19),(986,0,0,0,0,0,0,48,20),(987,0,0,0,0,0,0,48,21),(988,0,0,0,0,0,0,49,1),(989,0,0,0,0,0,0,49,2),(990,0,0,0,0,0,0,49,3),(991,0,0,0,0,0,0,49,4),(992,0,0,0,0,0,0,49,5),(993,0,0,0,0,0,0,49,6),(994,0,0,0,0,0,0,49,7),(995,0,0,0,0,0,0,49,8),(996,0,0,0,0,0,0,49,9),(997,0,0,0,0,0,0,49,10),(998,0,0,0,0,0,0,49,11),(999,0,0,0,0,0,0,49,12),(1000,0,0,0,0,0,0,49,13),(1001,0,0,0,0,0,0,49,14),(1002,0,0,0,0,0,0,49,15),(1003,0,0,0,0,0,0,49,16),(1004,0,0,0,0,0,0,49,17),(1005,0,0,0,0,0,0,49,18),(1006,0,0,0,0,0,0,49,19),(1007,0,0,0,0,0,0,49,20),(1008,0,0,0,0,0,0,49,21),(1009,1,0,0,0,0,1,50,1),(1010,1,0,0,0,0,1,50,2),(1011,1,0,0,0,0,1,50,3),(1012,1,0,0,0,0,1,50,4),(1013,1,0,0,0,0,1,50,5),(1014,1,0,0,0,0,1,50,6),(1015,1,0,0,0,0,1,50,7),(1016,1,0,0,0,0,1,50,8),(1017,1,0,0,0,0,1,50,9),(1018,1,0,0,0,0,1,50,10),(1019,1,0,0,0,0,1,50,11),(1020,1,0,0,0,0,1,50,12),(1021,1,0,0,0,0,1,50,13),(1022,1,0,0,0,0,1,50,14),(1023,1,0,0,0,0,1,50,15),(1024,1,0,0,0,0,1,50,16),(1025,1,0,0,0,0,1,50,17),(1026,1,0,0,0,0,1,50,18),(1027,1,0,0,0,0,1,50,19),(1028,1,0,0,0,0,1,50,20),(1029,1,0,0,0,0,1,50,21),(1030,0,0,0,0,0,0,51,1),(1031,0,0,0,0,0,0,51,2),(1032,0,0,0,0,0,0,51,3),(1033,0,0,0,0,0,0,51,4),(1034,0,0,0,0,0,0,51,5),(1035,0,0,0,0,0,0,51,6),(1036,0,0,0,0,0,0,51,7),(1037,0,0,0,0,0,0,51,8),(1038,0,0,0,0,0,0,51,9),(1039,0,0,0,0,0,0,51,10),(1040,0,0,0,0,0,0,51,11),(1041,0,0,0,0,0,0,51,12),(1042,0,0,0,0,0,0,51,13),(1043,0,0,0,0,0,0,51,14),(1044,0,0,0,0,0,0,51,15),(1045,0,0,0,0,0,0,51,16),(1046,0,0,0,0,0,0,51,17),(1047,0,0,0,0,0,0,51,18),(1048,0,0,0,0,0,0,51,19),(1049,0,0,0,0,0,0,51,20),(1050,0,0,0,0,0,0,51,21),(1051,0,0,0,0,0,0,52,1),(1052,0,0,0,0,0,0,52,2),(1053,0,0,0,0,0,0,52,3),(1054,0,0,0,0,0,0,52,4),(1055,0,0,0,0,0,0,52,5),(1056,0,0,0,0,0,0,52,6),(1057,0,0,0,0,0,0,52,7),(1058,0,0,0,0,0,0,52,8),(1059,0,0,0,0,0,0,52,9),(1060,0,0,0,0,0,0,52,10),(1061,0,0,0,0,0,0,52,11),(1062,0,0,0,0,0,0,52,12),(1063,0,0,0,0,0,0,52,13),(1064,0,0,0,0,0,0,52,14),(1065,0,0,0,0,0,0,52,15),(1066,0,0,0,0,0,0,52,16),(1067,0,0,0,0,0,0,52,17),(1068,0,0,0,0,0,0,52,18),(1069,0,0,0,0,0,0,52,19),(1070,0,0,0,0,0,0,52,20),(1071,0,0,0,0,0,0,52,21),(1072,0,0,0,0,0,0,53,1),(1073,0,0,0,0,0,0,53,2),(1074,0,0,0,0,0,0,53,3),(1075,0,0,0,0,0,0,53,4),(1076,0,0,0,0,0,0,53,5),(1077,0,0,0,0,0,0,53,6),(1078,0,0,0,0,0,0,53,7),(1079,0,0,0,0,0,0,53,8),(1080,0,0,0,0,0,0,53,9),(1081,0,0,0,0,0,0,53,10),(1082,0,0,0,0,0,0,53,11),(1083,0,0,0,0,0,0,53,12),(1084,0,0,0,0,0,0,53,13),(1085,0,0,0,0,0,0,53,14),(1086,0,0,0,0,0,0,53,15),(1087,0,0,0,0,0,0,53,16),(1088,0,0,0,0,0,0,53,17),(1089,0,0,0,0,0,0,53,18),(1090,0,0,0,0,0,0,53,19),(1091,0,0,0,0,0,0,53,20),(1092,0,0,0,0,0,0,53,21),(1093,0,0,0,0,0,0,54,1),(1094,0,0,0,0,0,0,54,2),(1095,0,0,0,0,0,0,54,3),(1096,0,0,0,0,0,0,54,4),(1097,0,0,0,0,0,0,54,5),(1098,0,0,0,0,0,0,54,6),(1099,0,0,0,0,0,0,54,7),(1100,0,0,0,0,0,0,54,8),(1101,0,0,0,0,0,0,54,9),(1102,0,0,0,0,0,0,54,10),(1103,0,0,0,0,0,0,54,11),(1104,0,0,0,0,0,0,54,12),(1105,0,0,0,0,0,0,54,13),(1106,0,0,0,0,0,0,54,14),(1107,0,0,0,0,0,0,54,15),(1108,0,0,0,0,0,0,54,16),(1109,0,0,0,0,0,0,54,17),(1110,0,0,0,0,0,0,54,18),(1111,0,0,0,0,0,0,54,19),(1112,0,0,0,0,0,0,54,20),(1113,0,0,0,0,0,0,54,21),(1114,0,0,0,0,0,0,55,1),(1115,0,0,0,0,0,0,55,2),(1116,0,0,0,0,0,0,55,3),(1117,0,0,0,0,0,0,55,4),(1118,0,0,0,0,0,0,55,5),(1119,0,0,0,0,0,0,55,6),(1120,0,0,0,0,0,0,55,7),(1121,0,0,0,0,0,0,55,8),(1122,0,0,0,0,0,0,55,9),(1123,0,0,0,0,0,0,55,10),(1124,0,0,0,0,0,0,55,11),(1125,0,0,0,0,0,0,55,12),(1126,0,0,0,0,0,0,55,13),(1127,0,0,0,0,0,0,55,14),(1128,0,0,0,0,0,0,55,15),(1129,0,0,0,0,0,0,55,16),(1130,0,0,0,0,0,0,55,17),(1131,0,0,0,0,0,0,55,18),(1132,0,0,0,0,0,0,55,19),(1133,0,0,0,0,0,0,55,20),(1134,0,0,0,0,0,0,55,21),(1135,0,0,0,0,0,0,56,1),(1136,0,0,0,0,0,0,56,2),(1137,0,0,0,0,0,0,56,3),(1138,0,0,0,0,0,0,56,4),(1139,0,0,0,0,0,0,56,5),(1140,0,0,0,0,0,0,56,6),(1141,0,0,0,0,0,0,56,7),(1142,0,0,0,0,0,0,56,8),(1143,0,0,0,0,0,0,56,9),(1144,0,0,0,0,0,0,56,10),(1145,0,0,0,0,0,0,56,11),(1146,0,0,0,0,0,0,56,12),(1147,0,0,0,0,0,0,56,13),(1148,0,0,0,0,0,0,56,14),(1149,0,0,0,0,0,0,56,15),(1150,0,0,0,0,0,0,56,16),(1151,0,0,0,0,0,0,56,17),(1152,0,0,0,0,0,0,56,18),(1153,0,0,0,0,0,0,56,19),(1154,0,0,0,0,0,0,56,20),(1155,0,0,0,0,0,0,56,21),(1156,0,0,0,0,0,0,57,1),(1157,0,0,0,0,0,0,57,2),(1158,0,0,0,0,0,0,57,3),(1159,0,0,0,0,0,0,57,4),(1160,0,0,0,0,0,0,57,5),(1161,0,0,0,0,0,0,57,6),(1162,0,0,0,0,0,0,57,7),(1163,0,0,0,0,0,0,57,8),(1164,0,0,0,0,0,0,57,9),(1165,0,0,0,0,0,0,57,10),(1166,0,0,0,0,0,0,57,11),(1167,0,0,0,0,0,0,57,12),(1168,0,0,0,0,0,0,57,13),(1169,0,0,0,0,0,0,57,14),(1170,0,0,0,0,0,0,57,15),(1171,0,0,0,0,0,0,57,16),(1172,0,0,0,0,0,0,57,17),(1173,0,0,0,0,0,0,57,18),(1174,0,0,0,0,0,0,57,19),(1175,0,0,0,0,0,0,57,20),(1176,0,0,0,0,0,0,57,21),(1177,0,0,0,0,0,0,58,1),(1178,0,0,0,0,0,0,58,2),(1179,0,0,0,0,0,0,58,3),(1180,0,0,0,0,0,0,58,4),(1181,0,0,0,0,0,0,58,5),(1182,0,0,0,0,0,0,58,6),(1183,0,0,0,0,0,0,58,7),(1184,0,0,0,0,0,0,58,8),(1185,0,0,0,0,0,0,58,9),(1186,0,0,0,0,0,0,58,10),(1187,0,0,0,0,0,0,58,11),(1188,0,0,0,0,0,0,58,12),(1189,0,0,0,0,0,0,58,13),(1190,0,0,0,0,0,0,58,14),(1191,0,0,0,0,0,0,58,15),(1192,0,0,0,0,0,0,58,16),(1193,0,0,0,0,0,0,58,17),(1194,0,0,0,0,0,0,58,18),(1195,0,0,0,0,0,0,58,19),(1196,0,0,0,0,0,0,58,20),(1197,0,0,0,0,0,0,58,21);
/*!40000 ALTER TABLE `feedback_result` ENABLE KEYS */;
UNLOCK TABLES;

--
-- Table structure for table `feedback_student`
--

DROP TABLE IF EXISTS `feedback_student`;
/*!40101 SET @saved_cs_client     = @@character_set_client */;
/*!40101 SET character_set_client = utf8 */;
CREATE TABLE `feedback_student` (
  `id` int(11) NOT NULL AUTO_INCREMENT,
  `name` varchar(100) DEFAULT NULL,
  `roll_no` varchar(100) NOT NULL,
  `email` varchar(75) NOT NULL,
  `branch` varchar(100) NOT NULL,
  `semester` int(11) NOT NULL,
  `student_date` datetime NOT NULL,
  `course_type` varchar(20) NOT NULL,
  PRIMARY KEY (`id`)
) ENGINE=InnoDB AUTO_INCREMENT=903 DEFAULT CHARSET=latin1;
/*!40101 SET character_set_client = @saved_cs_client */;

--
-- Dumping data for table `feedback_student`
--

LOCK TABLES `feedback_student` WRITE;
/*!40000 ALTER TABLE `feedback_student` DISABLE KEYS */;
INSERT INTO `feedback_student` VALUES (1,'Shubhanshu Prasi','14035030','shubhanshu.prasi.cer14@itbhu.ac.in','CR',2,'2015-05-03 06:58:41','B Tech\r'),(2,'K Shubham','14035011','k.shubham.cer14@itbhu.ac.in','CR',2,'2015-05-03 06:58:41','B Tech\r'),(3,'Niranjan Khatik','14035015','niranjan.khatik.cer14@itbhu.ac.in','CR',2,'2015-05-03 06:58:41','B Tech\r'),(4,'Tejavath Mahesh Naik','14035031','tmahesh.naik.cer14@itbhu.ac.in','CR',2,'2015-05-03 06:58:41','B Tech\r'),(5,'Avirup Kundu','14035005','avirup.kundu.cer14@itbhu.ac.in','CR',2,'2015-05-03 06:58:41','B Tech\r'),(6,'Ravi Kumar','14035022','ravi.kumar.cer14@itbhu.ac.in','CR',2,'2015-05-03 06:58:41','B Tech\r'),(7,'Veerendra Tyagi','14035032','veerendra.tyagi.cer14@itbhu.ac.in','CR',2,'2015-05-03 06:58:41','B Tech\r'),(8,'Mr. Hrishikesh Krishna','14035009','hrishikesh.krishna.cer14@itbhu.ac.in','CR',2,'2015-05-03 06:58:41','B Tech\r'),(9,'Pranav Arora','14035018','pranav.arora.cer14@itbhu.ac.in','CR',2,'2015-05-03 06:58:41','B Tech\r'),(10,'Shubham','14035026','shubham.student.cer14@itbhu.ac.in','CR',2,'2015-05-03 06:58:41','B Tech\r'),(11,'Abhishek Vyas','14035001','abhishek.vyas.cer14@itbhu.ac.in','CR',2,'2015-05-03 06:58:41','B Tech\r'),(12,'Daniel Aggarwal','14035006','daniel.aggarwal.cer14@itbhu.ac.in','CR',2,'2015-05-03 06:58:41','B Tech\r'),(13,'Pranjal Srivastava','14035019','pranjal.srivastava.cer14@itbhu.ac.in','CR',2,'2015-05-03 06:58:41','B Tech\r'),(14,'Shubham Jain','14035028','shubham.jain.cer14@itbhu.ac.in','CR',2,'2015-05-03 06:58:41','B Tech\r'),(15,'Shreyans Jain','14035025','shreyans.jain.cer14@itbhu.ac.in','CR',2,'2015-05-03 06:58:41','B Tech\r'),(16,'K Arun Kumar','14035010','karun.kumar.cer14@itbhu.ac.in','CR',2,'2015-05-03 06:58:41','B Tech\r'),(17,'Sahil Patil','14035024','sahil.patil.cer14@itbhu.ac.in','CR',2,'2015-05-03 06:58:41','B Tech\r'),(18,'Shubham Kumar Singh','14035029','shubham.ksingh.cer14@itbhu.ac.in','CR',2,'2015-05-03 06:58:41','B Tech\r'),(19,'Amit Garg','14035004','amit.garg.cer14@itbhu.ac.in','CR',2,'2015-05-03 06:58:41','B Tech\r'),(20,'Mohit Babu Sharma','14035013','mohit.bsharma.cer14@itbhu.ac.in','CR',2,'2015-05-03 06:58:41','B Tech\r'),(21,'Aditi Garg','14035002','aditi.garg.cer14@itbhu.ac.in','CR',2,'2015-05-03 06:58:41','B Tech\r'),(22,'Shubham Gupta','14035027','shubham.gupta.cer14@itbhu.ac.in','CR',2,'2015-05-03 06:58:41','B Tech\r'),(23,'Vinay Kumar Yadav','14035033','vinay.kyadav.cer14@itbhu.ac.in','CR',2,'2015-05-03 06:58:41','B Tech\r'),(24,'Nisha Chaudhary','14035016','nisha.chaudhary.cer14@itbhu.ac.in','CR',2,'2015-05-03 06:58:41','B Tech\r'),(25,'Yuvraj Choudhary','14035035','yuvraj.choudhary.cer14@itbhu.ac.in','CR',2,'2015-05-03 06:58:41','B Tech\r'),(26,'Pramod Kumar','14035017','pramod.kumar.cer14@itbhu.ac.in','CR',2,'2015-05-03 06:58:41','B Tech\r'),(27,'Mohammad Shoaib','14035012','mohammad.shoaib.cer14@itbhu.ac.in','CR',2,'2015-05-03 06:58:41','B Tech\r'),(28,'Rihen Bajaj','14035023','rihen.bajaj.cer14@itbhu.ac.in','CR',2,'2015-05-03 06:58:41','B Tech\r'),(29,'Vipin Jaiswal','14035034','vipin.jaiswal.cer14@itbhu.ac.in','CR',2,'2015-05-03 06:58:41','B Tech\r'),(30,'Alok Gupta','14035003','alok.gupta.cer14@itbhu.ac.in','CR',2,'2015-05-03 06:58:41','B Tech\r'),(31,'Nilesh Singh','14035014','nilesh.singh.cer14@itbhu.ac.in','CR',2,'2015-05-03 06:58:41','B Tech\r'),(32,'Prithvi Raj','14035021','prithvi.raj.cer14@itbhu.ac.in','CR',2,'2015-05-03 06:58:41','B Tech\r'),(33,'Deepak Dhull','14035007','deepak.dhull.cer14@itbhu.ac.in','CR',2,'2015-05-03 06:58:41','B Tech\r'),(34,'Dheeraj Kumar','14035008','dheeraj.kumar.cer14@itbhu.ac.in','CR',2,'2015-05-03 06:58:41','B Tech\r'),(35,'Sagar Jain','14045080','sagar.jain.che14@itbhu.ac.in','CH',2,'2015-05-03 06:58:41','B Tech\r'),(36,'Surendra Panwar','14045104','surendra.panwar.che14@itbhu.ac.in','CH',2,'2015-05-03 06:58:41','B Tech\r'),(37,'Imran Khan','14045040','imran.khan.che14@itbhu.ac.in','CH',2,'2015-05-03 06:58:41','B Tech\r'),(38,'Shaurya Vats','14045087','shaurya.vats.che14@itbhu.ac.in','CH',2,'2015-05-03 06:58:41','B Tech\r'),(39,'Rahul Kumar','14045072','rahul.kumar.che14@itbhu.ac.in','CH',2,'2015-05-03 06:58:41','B Tech\r'),(40,'Ravi Godara','14045075','ravi.godara.che14@itbhu.ac.in','CH',2,'2015-05-03 06:58:41','B Tech\r'),(41,'Kartik Anand Pant','14045045','kartik.anand.che14@itbhu.ac.in','CH',2,'2015-05-03 06:58:41','B Tech\r'),(42,'Shivani Magarkar','14045092','shivani.magarkar.che14@itbhu.ac.in','CH',2,'2015-05-03 06:58:41','B Tech\r'),(43,'S Sreyas Chaithanya','14045079','ssreyas.chaithanya.che14@itbhu.ac.in','CH',2,'2015-05-03 06:58:41','B Tech\r'),(44,'Harshil Nagar','14045035','harshil.nagar.che14@itbhu.ac.in','CH',2,'2015-05-03 06:58:41','B Tech\r'),(45,'Nitin Khatri','14045063','nitin.khatri.che14@itbhu.ac.in','CH',2,'2015-05-03 06:58:41','B Tech\r'),(46,'Sourabh Kumawat','14045098','sourabh.kumawat.che14@itbhu.ac.in','CH',2,'2015-05-03 06:58:41','B Tech\r'),(47,'Suraj Kumar','14045103','suraj.kumar.che14@itbhu.ac.in','CH',2,'2015-05-03 06:58:41','B Tech\r'),(48,'Abhay Shakyawar','14045003','abhay.shakyawar.che14@itbhu.ac.in','CH',2,'2015-05-03 06:58:41','B Tech\r'),(49,'Piyush Patware','14045065','piyush.patware.che14@itbhu.ac.in','CH',2,'2015-05-03 06:58:41','B Tech\r'),(50,'Prasun Kumar','14045069','prasun.kumar.che14@itbhu.ac.in','CH',2,'2015-05-03 06:58:41','B Tech\r'),(51,'Sahil Singh','14045081','sahil.singh.che14@itbhu.ac.in','CH',2,'2015-05-03 06:58:41','B Tech\r'),(52,'Rahul Choudhary','14045071','rahul.choudhary.che14@itbhu.ac.in','CH',2,'2015-05-03 06:58:41','B Tech\r'),(53,'Harshit','14045036','harshit.harshit.che14@itbhu.ac.in','CH',2,'2015-05-03 06:58:41','B Tech\r'),(54,'Gorisha Agarwal','14045033','gorisha.agarwal.che14@itbhu.ac.in','CH',2,'2015-05-03 06:58:41','B Tech\r'),(55,'Mhaiske Parimal Jaipal','14045056','mhaiske.pjaipal.che14@itbhu.ac.in','CH',2,'2015-05-03 06:58:41','B Tech\r'),(56,'Ankush Bansal','14045016','ankush.bansal.che14@itbhu.ac.in','CH',2,'2015-05-03 06:58:41','B Tech\r'),(57,'Shivam Tiwari','14045091','shivam.tiwari.che14@itbhu.ac.in','CH',2,'2015-05-03 06:58:41','B Tech\r'),(58,'Ajay Singh','14045009','ajay.singh.che14@itbhu.ac.in','CH',2,'2015-05-03 06:58:41','B Tech\r'),(59,'Prakhar Doorwar','14045066','prakhar.doorwar.che14@itbhu.ac.in','CH',2,'2015-05-03 06:58:41','B Tech\r'),(60,'Shivam Sahil','14045090','shivam.sahil.che14@itbhu.ac.in','CH',2,'2015-05-03 06:58:41','B Tech\r'),(61,'Jain Siddhant Shailesh','14045041','jain.siddhant.che14@itbhu.ac.in','CH',2,'2015-05-03 06:58:41','B Tech\r'),(62,'Vijay Pratap Singh','14045110','vijay.psingh.che14@itbhu.ac.in','CH',2,'2015-05-03 06:58:41','B Tech\r'),(63,'Srishti Shukla','14045099','srishti.shukla.che14@itbhu.ac.in','CH',2,'2015-05-03 06:58:41','B Tech\r'),(64,'Varade Shreyas','14045107','varade.shreyas.che14@itbhu.ac.in','CH',2,'2015-05-03 06:58:41','B Tech\r'),(65,'Shivdeep Singh','14045093','shivdeep.singh.che14@itbhu.ac.in','CH',2,'2015-05-03 06:58:41','B Tech\r'),(66,'Harshit Mogha','14045037','harshit.mogha.che14@itbhu.ac.in','CH',2,'2015-05-03 06:58:41','B Tech\r'),(67,'Himanshu Gupta','14045038','himanshu.gupta.che14@itbhu.ac.in','CH',2,'2015-05-03 06:58:41','B Tech\r'),(68,'Gagandeep Singh','14045031','gagandeep.singh.che14@itbhu.ac.in','CH',2,'2015-05-03 06:58:41','B Tech\r'),(69,'Anand Patil','14045014','anand.patil.che14@itbhu.ac.in','CH',2,'2015-05-03 06:58:41','B Tech\r'),(70,'Debjyoti Biswas','14045028','debjyoti.biswas.che14@itbhu.ac.in','CH',2,'2015-05-03 06:58:41','B Tech\r'),(71,'Mritunjay Kumar','14045058','mritunjay.kumar.che14@itbhu.ac.in','CH',2,'2015-05-03 06:58:41','B Tech\r'),(72,'Avinash Raj','14045022','avinash.raj.che14@itbhu.ac.in','CH',2,'2015-05-03 06:58:41','B Tech\r'),(73,'Ankit Gupta','14045015','ankit.gupta.che14@itbhu.ac.in','CH',2,'2015-05-03 06:58:41','B Tech\r'),(74,'Manjay Kumar','14045051','manjay.kumar.che14@itbhu.ac.in','CH',2,'2015-05-03 06:58:41','B Tech\r'),(75,'Varshal Jain','14045108','varshal.jain.che14@itbhu.ac.in','CH',2,'2015-05-03 06:58:41','B Tech\r'),(76,'Neteti Varun','14045060','neteti.varun.che14@itbhu.ac.in','CH',2,'2015-05-03 06:58:41','B Tech\r'),(77,'Abhishek Rishab Soni','14045005','abhishek.rishab.che14@itbhu.ac.in','CH',2,'2015-05-03 06:58:41','B Tech\r'),(78,'Rakshit Chauhan','14045074','rakshit.chauhan.che14@itbhu.ac.in','CH',2,'2015-05-03 06:58:41','B Tech\r'),(79,'Ayushi Bansal','14045024','ayushi.bansal.che14@itbhu.ac.in','CH',2,'2015-05-03 06:58:41','B Tech\r'),(80,'Tannya Maurya','14045105','tannya.maurya.che14@itbhu.ac.in','CH',2,'2015-05-03 06:58:41','B Tech\r'),(81,'Siddharth Bhargava','14045095','siddharth.bhargava.che14@itbhu.ac.in','CH',2,'2015-05-03 06:58:41','B Tech\r'),(82,'Jitesh Singh Vindhyaraj','14045043','jitesh.vindhyaraj.che14@itbhu.ac.in','CH',2,'2015-05-03 06:58:41','B Tech\r'),(83,'Meenal Baheti','14045055','meenal.baheti.che14@itbhu.ac.in','CH',2,'2015-05-03 06:58:41','B Tech\r'),(84,'Nishant Kumar','14045062','nishant.kumar.che14@itbhu.ac.in','CH',2,'2015-05-03 06:58:41','B Tech\r'),(85,'Siddharth Agrawal','14045094','siddharth.agrawal.che14@itbhu.ac.in','CH',2,'2015-05-03 06:58:41','B Tech\r'),(86,'Manish Meena','14045050','manish.meena.che14@itbhu.ac.in','CH',2,'2015-05-03 06:58:41','B Tech\r'),(87,'Abhimanyu Soni','14045004','abhimanyu.soni.che14@itbhu.ac.in','CH',2,'2015-05-03 06:58:41','B Tech\r'),(88,'Yerraganti Sivaiah Naidu','14045114','yerraganti.snaidu.che14@itbhu.ac.in','CH',2,'2015-05-03 06:58:41','B Tech\r'),(89,'Tarunay Shrivastava','14045106','tarunay.shrivastava.che14@itbhu.ac.in','CH',2,'2015-05-03 06:58:41','B Tech\r'),(90,'Shailendra Meena','14045084','shailendra.meena.che14@itbhu.ac.in','CH',2,'2015-05-03 06:58:41','B Tech\r'),(91,'Solanke Pawankumar Karbhari','14045097','solanke.pkumar.che14@itbhu.ac.in','CH',2,'2015-05-03 06:58:41','B Tech\r'),(92,'Bipin Kumar Singh','14045025','bipin.ksingh.che14@itbhu.ac.in','CH',2,'2015-05-03 06:58:41','B Tech\r'),(93,'Manas Sinha','14045049','manas.sinha.che14@itbhu.ac.in','CH',2,'2015-05-03 06:58:41','B Tech\r'),(94,'Rohit Kumar Meena','14045077','rohitk.meena.che14@itbhu.ac.in','CH',2,'2015-05-03 06:58:41','B Tech\r'),(95,'Rajeev Kumar Gupta','14045073','rajeev.kgupta.che14@itbhu.ac.in','CH',2,'2015-05-03 06:58:41','B Tech\r'),(96,'Kumar Vikrant','14045047','kumar.vikrant.che14@itbhu.ac.in','CH',2,'2015-05-03 06:58:41','B Tech\r'),(97,'Madhur Pandey','14045048','madhur.pandey.che14@itbhu.ac.in','CH',2,'2015-05-03 06:58:41','B Tech\r'),(98,'Rohit Negi','14045078','rohit.negi.che14@itbhu.ac.in','CH',2,'2015-05-03 06:58:41','B Tech\r'),(99,'Anshul Srivastava','14045017','anshul.srivastava.che14@itbhu.ac.in','CH',2,'2015-05-03 06:58:41','B Tech\r'),(100,'Shashank Pardhikar','14045085','shashank.pardhikar.che14@itbhu.ac.in','CH',2,'2015-05-03 06:58:41','B Tech\r'),(101,'Archit Srivastava','14045018','archit.srivastava.che14@itbhu.ac.in','CH',2,'2015-05-03 06:58:41','B Tech\r'),(102,'Bisweswar Morang','14045026','bisweswar.morang.che14@itbhu.ac.in','CH',2,'2015-05-03 06:58:41','B Tech\r'),(103,'Aditya Raghuwanshi','14045008','aditya.raghuwanshi.che14@itbhu.ac.in','CH',2,'2015-05-03 06:58:41','B Tech\r'),(104,'Pranjal Gupta','14045067','pranjal.gupta.che14@itbhu.ac.in','CH',2,'2015-05-03 06:58:41','B Tech\r'),(105,'Adarsh Patankar','14045006','adarsh.patankar.che14@itbhu.ac.in','CH',2,'2015-05-03 06:58:41','B Tech\r'),(106,'Sankalp Gupta','14045083','sankalp.gupta.che14@itbhu.ac.in','CH',2,'2015-05-03 06:58:41','B Tech\r'),(107,'Aayush Chandgothia','14045001','aayush.chandgothia.che14@itbhu.ac.in','CH',2,'2015-05-03 06:58:41','B Tech\r'),(108,'Yash Bhadauria','14045112','yash.bhadauria.che14@itbhu.ac.in','CH',2,'2015-05-03 06:58:41','B Tech\r'),(109,'Vikash Kumar','14045111','vikash.kumar.che14@itbhu.ac.in','CH',2,'2015-05-03 06:58:41','B Tech\r'),(110,'Pratik Kumar','14045070','pratik.kumar.che14@itbhu.ac.in','CH',2,'2015-05-03 06:58:41','B Tech\r'),(111,'Jain Tanay Manoj','14045042','jtanay.manoj.che14@itbhu.ac.in','CH',2,'2015-05-03 06:58:41','B Tech\r'),(112,'Varun Kansal','14045109','varun.kansal.che14@itbhu.ac.in','CH',2,'2015-05-03 06:58:41','B Tech\r'),(113,'Shikhar Kant Sharma','14045088','shikhar.ksharma.che14@itbhu.ac.in','CH',2,'2015-05-03 06:58:41','B Tech\r'),(114,'Yuvraj Singh Baath','14045115','yuvraj.sbaath.che14@itbhu.ac.in','CH',2,'2015-05-03 06:58:41','B Tech\r'),(115,'Atya Aayush','14045021','atya.aayush.che14@itbhu.ac.in','CH',2,'2015-05-03 06:58:41','B Tech\r'),(116,'Rohan Agarwal','14045076','rohan.agarwal.che14@itbhu.ac.in','CH',2,'2015-05-03 06:58:41','B Tech\r'),(117,'Siddhi Choudhary','14045096','siddhi.choudhary.che14@itbhu.ac.in','CH',2,'2015-05-03 06:58:41','B Tech\r'),(118,'Ashish Verma','14045020','ashish.verma.che14@itbhu.ac.in','CH',2,'2015-05-03 06:58:41','B Tech\r'),(119,'Ms. Aayushi Jain','14045002','aayushi.jain.che14@itbhu.ac.in','CH',2,'2015-05-03 06:58:41','B Tech\r'),(120,'Arjun Malik','14045019','arjun.malik.che14@itbhu.ac.in','CH',2,'2015-05-03 06:58:41','B Tech\r'),(121,'Amit Yadav','14045012','amit.yadav.che14@itbhu.ac.in','CH',2,'2015-05-03 06:58:41','B Tech\r'),(122,'Mayank Prasoon','14045053','mayank.prasoon.che14@itbhu.ac.in','CH',2,'2015-05-03 06:58:41','B Tech\r'),(123,'Mr. Ayush Dixit','14045023','ayush.dixit.che14@itbhu.ac.in','CH',2,'2015-05-03 06:58:41','B Tech\r'),(124,'Divyanshu Gupta','14045030','divyanshu.gupta.che14@itbhu.ac.in','CH',2,'2015-05-03 06:58:41','B Tech\r'),(125,'Mohammed Fadil','14045057','mohammed.fadil.che14@itbhu.ac.in','CH',2,'2015-05-03 06:58:41','B Tech\r'),(126,'Anand Patel','14045013','anand.patel.che14@itbhu.ac.in','CH',2,'2015-05-03 06:58:41','B Tech\r'),(127,'Mr. Md Masroor Alam','14045054','masroor.alam.che14@itbhu.ac.in','CH',2,'2015-05-03 06:58:41','B Tech\r'),(128,'Kasa Pranay Yadav','14045046','kasapranay.yadav.che14@itbhu.ac.in','CH',2,'2015-05-03 06:58:41','B Tech\r'),(129,'Dhruv Chawla','14045029','dhruv.chawla.che14@itbhu.ac.in','CH',2,'2015-05-03 06:58:41','B Tech\r'),(130,'Manoj Dhaker','14045052','manoj.dhaker.che14@itbhu.ac.in','CH',2,'2015-05-03 06:58:41','B Tech\r'),(131,'Yash Mehrotra','14045113','yash.mehrotra.che14@itbhu.ac.in','CH',2,'2015-05-03 06:58:41','B Tech\r'),(132,'Nikhil Verma','14045061','nikhil.verma.che14@itbhu.ac.in','CH',2,'2015-05-03 06:58:41','B Tech\r'),(133,'Gaurav Barak','14045032','gaurav.barak.che14@itbhu.ac.in','CH',2,'2015-05-03 06:58:41','B Tech\r'),(134,'Huzefa Lohawala','14045039','huzefa.lohawala.che14@itbhu.ac.in','CH',2,'2015-05-03 06:58:41','B Tech\r'),(135,'Sakshi Patil','14045082','sakshi.patil.che14@itbhu.ac.in','CH',2,'2015-05-03 06:58:41','B Tech\r'),(136,'Prashant Kumar Singh','14045068','prashant.ksingh.che14@itbhu.ac.in','CH',2,'2015-05-03 06:58:41','B Tech\r'),(137,'Jyoti Yadav','14045044','jyoti.yadav.che14@itbhu.ac.in','CH',2,'2015-05-03 06:58:41','B Tech\r'),(138,'Shashank Shekhar','14045086','shashank.shekhar.che14@itbhu.ac.in','CH',2,'2015-05-03 06:58:41','B Tech\r'),(139,'Shivam Anand','14045089','shivam.anand.che14@itbhu.ac.in','CH',2,'2015-05-03 06:58:41','B Tech\r'),(140,'Suddapalli Venkata Sandeep','14045100','venkata.sandeep.che14@itbhu.ac.in','CH',2,'2015-05-03 06:58:41','B Tech\r'),(141,'Pandey Abhishek Ramakant','14045064','abhishek.ramakant.che14@itbhu.ac.in','CH',2,'2015-05-03 06:58:41','B Tech\r'),(142,'Harsh Kumar Singh','14045034','harsh.ksingh.che14@itbhu.ac.in','CH',2,'2015-05-03 06:58:41','B Tech\r'),(143,'Amarjeet Prasad','14045011','amarjeet.prasad.che14@itbhu.ac.in','CH',2,'2015-05-03 06:58:41','B Tech\r'),(144,'Sumit Kumar','14045102','sumit.kumar.che14@itbhu.ac.in','CH',2,'2015-05-03 06:58:41','B Tech\r'),(145,'Mukul Verma','14045059','mukul.verma.che14@itbhu.ac.in','CH',2,'2015-05-03 06:58:41','B Tech\r'),(146,'Aditya Maan','14045007','aditya.maan.che14@itbhu.ac.in','CH',2,'2015-05-03 06:58:41','B Tech\r'),(147,'Sumbul Fatima','14045101','sumbul.fatima.che14@itbhu.ac.in','CH',2,'2015-05-03 06:58:41','B Tech\r'),(148,'Dakshita Soni','14045027','dakshita.soni.che14@itbhu.ac.in','CH',2,'2015-05-03 06:58:41','B Tech\r'),(149,'Alok Kumar Sarraf','14045010','alok.kumar.che14@itbhu.ac.in','CH',2,'2015-05-03 06:58:41','B Tech\r'),(150,'Kuljeet Keshav','14065039','kuljeet.keshav.civ14@itbhu.ac.in','CE',2,'2015-05-03 06:58:41','B Tech\r'),(151,'Yatendra Kumar Gothwal','14065076','yatendra.kgothwal.civ14@itbhu.ac.in','CE',2,'2015-05-03 06:58:41','B Tech\r'),(152,'Amit Prakash','14065011','amit.prakash.civ14@itbhu.ac.in','CE',2,'2015-05-03 06:58:41','B Tech\r'),(153,'Divyansh Shukla','14065027','divyansh.shukla.civ14@itbhu.ac.in','CE',2,'2015-05-03 06:58:41','B Tech\r'),(154,'Nikhil Meena','14065051','nikhil.meena.civ14@itbhu.ac.in','CE',2,'2015-05-03 06:58:41','B Tech\r'),(155,'Imran Khan','14065032','imran.khan.civ14@itbhu.ac.in','CE',2,'2015-05-03 06:58:41','B Tech\r'),(156,'Akarsh Mishra','14065008','akarsh.mishra.civ14@itbhu.ac.in','CE',2,'2015-05-03 06:58:41','B Tech\r'),(157,'K Shiva Kumar Chowhan','14065036','kshiva.kchowhan.civ14@itbhu.ac.in','CE',2,'2015-05-03 06:58:41','B Tech\r'),(158,'Sachin Shriwastri','14065061','sachin.shriwastri.civ14@itbhu.ac.in','CE',2,'2015-05-03 06:58:41','B Tech\r'),(159,'Sandeep Ray','14065062','sandeep.ray.civ14@itbhu.ac.in','CE',2,'2015-05-03 06:58:41','B Tech\r'),(160,'Mahendra Kumar Meena','14065043','mahendra.kumarm.civ14@itbhu.ac.in','CE',2,'2015-05-03 06:58:41','B Tech\r'),(161,'Manish Laxmishanker Yadav','14065045','manish.syadav.civ14@itbhu.ac.in','CE',2,'2015-05-03 06:58:41','B Tech\r'),(162,'Anjeshnu Trivedi','14065015','anjeshnu.trivedi.civ14@itbhu.ac.in','CE',2,'2015-05-03 06:58:41','B Tech\r'),(163,'Rohit Waskale','14065060','rohit.waskale.civ14@itbhu.ac.in','CE',2,'2015-05-03 06:58:41','B Tech\r'),(164,'Nishant Raj Vibhu','14065052','nishant.rajvibhu.civ14@itbhu.ac.in','CE',2,'2015-05-03 06:58:41','B Tech\r'),(165,'Deepak Bharti','14065025','deepak.bharti.civ14@itbhu.ac.in','CE',2,'2015-05-03 06:58:41','B Tech\r'),(166,'Rinkesh Meena','14065058','rinkesh.meena.civ14@itbhu.ac.in','CE',2,'2015-05-03 06:58:41','B Tech\r'),(167,'Abhinav Kushwaha','14065003','abhinav.kushwaha.civ14@itbhu.ac.in','CE',2,'2015-05-03 06:58:41','B Tech\r'),(168,'Anukool Singh','14065017','anukool.singh.civ14@itbhu.ac.in','CE',2,'2015-05-03 06:58:41','B Tech\r'),(169,'Bhupesh Kumar Meena','14065021','bhupesh.krmeena.civ14@itbhu.ac.in','CE',2,'2015-05-03 06:58:41','B Tech\r'),(170,'Heera Lal Yadav','14065031','heera.lalyadav.civ14@itbhu.ac.in','CE',2,'2015-05-03 06:58:41','B Tech\r'),(171,'Anshu Abhinav','14065016','anshu.abhinav.civ14@itbhu.ac.in','CE',2,'2015-05-03 06:58:41','B Tech\r'),(172,'Vikas Pandey','14065071','vikas.pandey.civ14@itbhu.ac.in','CE',2,'2015-05-03 06:58:41','B Tech\r'),(173,'Yogesh Naik','14065077','yogesh.naik.civ14@itbhu.ac.in','CE',2,'2015-05-03 06:58:41','B Tech\r'),(174,'Yugal Agrawal','14065078','yugal.agrawal.civ14@itbhu.ac.in','CE',2,'2015-05-03 06:58:41','B Tech\r'),(175,'Abhishek Choudhary','14065005','abhishek.choudhary.civ14@itbhu.ac.in','CE',2,'2015-05-03 06:58:41','B Tech\r'),(176,'Chirag Kalal','14065024','chirag.kalal.civ14@itbhu.ac.in','CE',2,'2015-05-03 06:58:41','B Tech\r'),(177,'Vikram Kumar','14065072','vikram.kumar.civ14@itbhu.ac.in','CE',2,'2015-05-03 06:58:41','B Tech\r'),(178,'Avinash Mandiwal','14065019','avinash.mandiwal.civ14@itbhu.ac.in','CE',2,'2015-05-03 06:58:41','B Tech\r'),(179,'Aman Gupta','14065010','aman.gupta.civ14@itbhu.ac.in','CE',2,'2015-05-03 06:58:41','B Tech\r'),(180,'Rohit Suwalka','14065059','rohit.suwalka.civ14@itbhu.ac.in','CE',2,'2015-05-03 06:58:41','B Tech\r'),(181,'Shashwatam Bhadani','14065066','shashwatam.bhadani.civ14@itbhu.ac.in','CE',2,'2015-05-03 06:58:41','B Tech\r'),(182,'Chaitanya Animesh','14065022','chaitanya.animesh.civ14@itbhu.ac.in','CE',2,'2015-05-03 06:58:41','B Tech\r'),(183,'Janvijay Singh','14065033','janvijay.singh.civ14@itbhu.ac.in','CE',2,'2015-05-03 06:58:41','B Tech\r'),(184,'Devasheesh Yadav','14065026','devasheesh.yadav.civ14@itbhu.ac.in','CE',2,'2015-05-03 06:58:41','B Tech\r'),(185,'Shubham Agrawal','14065068','shubham.agrawal.civ14@itbhu.ac.in','CE',2,'2015-05-03 06:58:41','B Tech\r'),(186,'Kishan Singh','14065037','kishan.singh.civ14@itbhu.ac.in','CE',2,'2015-05-03 06:58:41','B Tech\r'),(187,'Harkanwalpreet Singh','14065029','harkanwalpreet.singh.civ14@itbhu.ac.in','CE',2,'2015-05-03 06:58:41','B Tech\r'),(188,'Sanskar Modi','14065063','sanskar.modi.civ14@itbhu.ac.in','CE',2,'2015-05-03 06:58:41','B Tech\r'),(189,'Shreya Pandey','14065067','shreya.pandey.civ14@itbhu.ac.in','CE',2,'2015-05-03 06:58:41','B Tech\r'),(190,'Mohit Kumar','14065047','mohit.kumar.civ14@itbhu.ac.in','CE',2,'2015-05-03 06:58:41','B Tech\r'),(191,'Yash Sharma','14065075','yash.sharma.civ14@itbhu.ac.in','CE',2,'2015-05-03 06:58:41','B Tech\r'),(192,'Ashutosh Kumar','14065018','ashutosh.kumar.civ14@itbhu.ac.in','CE',2,'2015-05-03 06:58:41','B Tech\r'),(193,'Abhinav Jayanti Dangi','14065002','abhinav.jdangi.civ14@itbhu.ac.in','CE',2,'2015-05-03 06:58:41','B Tech\r'),(194,'Aman Gulia','14065009','aman.gulia.civ14@itbhu.ac.in','CE',2,'2015-05-03 06:58:41','B Tech\r'),(195,'Prakhar Pandey','14065056','prakhar.pandey.civ14@itbhu.ac.in','CE',2,'2015-05-03 06:58:41','B Tech\r'),(196,'Prem Prakash','14065057','prem.prakash.civ14@itbhu.ac.in','CE',2,'2015-05-03 06:58:41','B Tech\r'),(197,'Piyush Kumar','14065055','piyush.kumar.civ14@itbhu.ac.in','CE',2,'2015-05-03 06:58:41','B Tech\r'),(198,'Pawan Kumar Ajmera','14065054','pawan.krajmera.civ14@itbhu.ac.in','CE',2,'2015-05-03 06:58:41','B Tech\r'),(199,'Harkiran Singh Mahun','14065030','harkiran.smahun.civ14@itbhu.ac.in','CE',2,'2015-05-03 06:58:41','B Tech\r'),(200,'Vivek Ranjan','14065074','vivek.ranjan.civ14@itbhu.ac.in','CE',2,'2015-05-03 06:58:41','B Tech\r'),(201,'Kushagra Agrawal','14065042','kushagra.agrawal.civ14@itbhu.ac.in','CE',2,'2015-05-03 06:58:41','B Tech\r'),(202,'Kunwar Divyanshu Singh','14065040','kdivyanshu.singh.civ14@itbhu.ac.in','CE',2,'2015-05-03 06:58:41','B Tech\r'),(203,'Maneeshwer Reddy C','14065044','maneeshwer.reddy.civ14@itbhu.ac.in','CE',2,'2015-05-03 06:58:41','B Tech\r'),(204,'Anand Kaushalyayan','14065012','anand.kaushalyayan.civ14@itbhu.ac.in','CE',2,'2015-05-03 06:58:41','B Tech\r'),(205,'Sparsh Agarwal','14065069','sparsh.agarwal.civ14@itbhu.ac.in','CE',2,'2015-05-03 06:58:41','B Tech\r'),(206,'Jovial Prabhat','14065035','jovial.prabhat.civ14@itbhu.ac.in','CE',2,'2015-05-03 06:58:41','B Tech\r'),(207,'Krashna Pratap Singh Rana','14065038','kps.rana.civ14@itbhu.ac.in','CE',2,'2015-05-03 06:58:41','B Tech\r'),(208,'Suryakanta Tarai','14065070','suryakanta.tarai.civ14@itbhu.ac.in','CE',2,'2015-05-03 06:58:41','B Tech\r'),(209,'Garvit Sharma','14065028','garvit.sharma.civ14@itbhu.ac.in','CE',2,'2015-05-03 06:58:41','B Tech\r'),(210,'Ayush Chandra Dwivedi','14065020','ayush.cdwivedi.civ14@itbhu.ac.in','CE',2,'2015-05-03 06:58:41','B Tech\r'),(211,'Abhishek Gautam','14065006','abhishek.gautam.civ14@itbhu.ac.in','CE',2,'2015-05-03 06:58:41','B Tech\r'),(212,'Shashwat Rai','14065065','shashwat.rai.civ14@itbhu.ac.in','CE',2,'2015-05-03 06:58:41','B Tech\r'),(213,'Vivek Goyanka','14065073','vivek.goyanka.civ14@itbhu.ac.in','CE',2,'2015-05-03 06:58:41','B Tech\r'),(214,'Anand Prakash','14065013','anand.prakash.civ14@itbhu.ac.in','CE',2,'2015-05-03 06:58:41','B Tech\r'),(215,'Nicholas Nevin Jojo','14065050','nnevin.jojo.civ14@itbhu.ac.in','CE',2,'2015-05-03 06:58:41','B Tech\r'),(216,'Jayant Srivastava','14065034','jayant.srivastava.civ14@itbhu.ac.in','CE',2,'2015-05-03 06:58:41','B Tech\r'),(217,'Anil Kumar','14065014','anil.kumar.civ14@itbhu.ac.in','CE',2,'2015-05-03 06:58:41','B Tech\r'),(218,'Kushagra Agarwal','14065041','kushagra.agarwal.civ14@itbhu.ac.in','CE',2,'2015-05-03 06:58:41','B Tech\r'),(219,'Mayank Prateek','14065046','mayank.prateek.civ14@itbhu.ac.in','CE',2,'2015-05-03 06:58:41','B Tech\r'),(220,'Saurabh Gautam','14065064','saurabh.gautam.civ14@itbhu.ac.in','CE',2,'2015-05-03 06:58:41','B Tech\r'),(221,'Abhinav Singh','14065004','abhinav.singh.civ14@itbhu.ac.in','CE',2,'2015-05-03 06:58:41','B Tech\r'),(222,'Parth Bhargava','14065053','parth.bhargava.civ14@itbhu.ac.in','CE',2,'2015-05-03 06:58:41','B Tech\r'),(223,'Aditya Verma','14065007','aditya.verma.civ14@itbhu.ac.in','CE',2,'2015-05-03 06:58:41','B Tech\r'),(224,'Nahmed Nissar','14065048','nahmed.nissar.civ14@itbhu.ac.in','CE',2,'2015-05-03 06:58:41','B Tech\r'),(225,'Abhi Mittal','14065001','abhi.mittal.civ14@itbhu.ac.in','CE',2,'2015-05-03 06:58:41','B Tech\r'),(226,'Naresh Kumar','14065049','naresh.kumar.civ14@itbhu.ac.in','CE',2,'2015-05-03 06:58:41','B Tech\r'),(227,'Chetan','14065023','chetan.chetan.civ14@itbhu.ac.in','CE',2,'2015-05-03 06:58:41','B Tech\r'),(228,'Hemanshu Sondhi','14075030','hemanshu.sondhi.cse14@itbhu.ac.in','CS',2,'2015-05-03 06:58:41','B Tech\r'),(229,'Digvijay Singh Rawat','14075023','digvijay.srawat.cse14@itbhu.ac.in','CS',2,'2015-05-03 06:58:41','B Tech\r'),(230,'Ayush Kedia','14075013','ayush.kedia.cse14@itbhu.ac.in','CS',2,'2015-05-03 06:58:41','B Tech\r'),(231,'Dewanshu Pratihar','14075022','dewanshu.pratihar.cse14@itbhu.ac.in','CS',2,'2015-05-03 06:58:41','B Tech\r'),(232,'Prakhar Gupta','14075038','prakhar.gupta.cse14@itbhu.ac.in','CS',2,'2015-05-03 06:58:41','B Tech\r'),(233,'Kumbarwar Akshay Anand','14075032','kakshay.anand.cse14@itbhu.ac.in','CS',2,'2015-05-03 06:58:41','B Tech\r'),(234,'Mayank Panchal','14075034','mayank.panchal.cse14@itbhu.ac.in','CS',2,'2015-05-03 06:58:41','B Tech\r'),(235,'Avinash Kumar','14075011','avinash.kumar.cse14@itbhu.ac.in','CS',2,'2015-05-03 06:58:41','B Tech\r'),(236,'Utkarsh Pathak','14075056','utkarsh.pathak.cse14@itbhu.ac.in','CS',2,'2015-05-03 06:58:41','B Tech\r'),(237,'Prayas Jain','14075041','prayas.jain.cse14@itbhu.ac.in','CS',2,'2015-05-03 06:58:41','B Tech\r'),(238,'Murari Toshniwal','14075036','murari.toshniwal.cse14@itbhu.ac.in','CS',2,'2015-05-03 06:58:41','B Tech\r'),(239,'Pradeep Yadav','14075037','pradeep.yadav.cse14@itbhu.ac.in','CS',2,'2015-05-03 06:58:41','B Tech\r'),(240,'Shubham Saini','14075048','shubham.saini.cse14@itbhu.ac.in','CS',2,'2015-05-03 06:58:41','B Tech\r'),(241,'Abhiram R','14075001','abhiram.r.cse14@itbhu.ac.in','CS',2,'2015-05-03 06:58:41','B Tech\r'),(242,'Aman Gupta','14075003','aman.gupta.cse14@itbhu.ac.in','CS',2,'2015-05-03 06:58:41','B Tech\r'),(243,'Deepak Yadav','14075020','deepak.yadav.cse14@itbhu.ac.in','CS',2,'2015-05-03 06:58:41','B Tech\r'),(244,'Atishay Jain','14075010','atishay.jain.cse14@itbhu.ac.in','CS',2,'2015-05-03 06:58:41','B Tech\r'),(245,'Brijesh Kumar Gupta','14075016','brijesh.krgupta.cse14@itbhu.ac.in','CS',2,'2015-05-03 06:58:41','B Tech\r'),(246,'Rishabh Jain','14075043','rishabh.jain.cse14@itbhu.ac.in','CS',2,'2015-05-03 06:58:41','B Tech\r'),(247,'Divyansh Kumar Chandrakar','14075025','divyansh.kchandrakar.cse14@itbhu.ac.in','CS',2,'2015-05-03 06:58:41','B Tech\r'),(248,'Himanshu Agarwal','14075031','himanshu.agarwal.cse14@itbhu.ac.in','CS',2,'2015-05-03 06:58:41','B Tech\r'),(249,'Arpit Chaudhary','14075009','arpit.chaudhary.cse14@itbhu.ac.in','CS',2,'2015-05-03 06:58:41','B Tech\r'),(250,'Bharat Khanna','14075015','bharat.khanna.cse14@itbhu.ac.in','CS',2,'2015-05-03 06:58:41','B Tech\r'),(251,'Mayank','14075033','mayank.cse14@itbhu.ac.in','CS',2,'2015-05-03 06:58:41','B Tech\r'),(252,'Amrinder Singh Dhaliwal','14075005','amrinder.singh.cse14@itbhu.ac.in','CS',2,'2015-05-03 06:58:41','B Tech\r'),(253,'Mudduluru Surya Pradeep Kumar Varma','14075035','msurya.pradeep.cse14@itbhu.ac.in','CS',2,'2015-05-03 06:58:41','B Tech\r'),(254,'Ayush Shrivastava','14075014','ayush.shrivastava.cse14@itbhu.ac.in','CS',2,'2015-05-03 06:58:41','B Tech\r'),(255,'Suraj Gupta','14075053','suraj.gupta.cse14@itbhu.ac.in','CS',2,'2015-05-03 06:58:41','B Tech\r'),(256,'Robin Chawla','14075046','robin.chawla.cse14@itbhu.ac.in','CS',2,'2015-05-03 06:58:41','B Tech\r'),(257,'Gaurav Kumar Jaiswal','14075027','gaurav.kjaiswal.cse14@itbhu.ac.in','CS',2,'2015-05-03 06:58:41','B Tech\r'),(258,'Devang Kulshreshtha','14075021','devang.kulshreshtha.cse14@itbhu.ac.in','CS',2,'2015-05-03 06:58:41','B Tech\r'),(259,'Sushish Kumar','14075054','sushish.kumar.cse14@itbhu.ac.in','CS',2,'2015-05-03 06:58:41','B Tech\r'),(260,'Virat Bansal','14075058','virat.bansal.cse14@itbhu.ac.in','CS',2,'2015-05-03 06:58:41','B Tech\r'),(261,'Ayush Gupta','14075012','ayush.gupta.cse14@itbhu.ac.in','CS',2,'2015-05-03 06:58:41','B Tech\r'),(262,'Rishabh Sinha','14075044','rishabh.sinha.cse14@itbhu.ac.in','CS',2,'2015-05-03 06:58:41','B Tech\r'),(263,'Vivek Sourabh','14075059','vivek.sourabh.cse14@itbhu.ac.in','CS',2,'2015-05-03 06:58:41','B Tech\r'),(264,'Sourabh Rajendu','14075050','sourabh.rajendu.cse14@itbhu.ac.in','CS',2,'2015-05-03 06:58:41','B Tech\r'),(265,'Ankit Saini','14075008','ankit.saini.cse14@itbhu.ac.in','CS',2,'2015-05-03 06:58:41','B Tech\r'),(266,'Anant Dadu','14075006','anant.dadu.cse14@itbhu.ac.in','CS',2,'2015-05-03 06:58:41','B Tech\r'),(267,'Rithvik Mekala','14075045','rithvik.mekala.cse14@itbhu.ac.in','CS',2,'2015-05-03 06:58:41','B Tech\r'),(268,'Prateek P. Thakur','14075040','prateek.pthakur.cse14@itbhu.ac.in','CS',2,'2015-05-03 06:58:41','B Tech\r'),(269,'Suman Kumar','14075052','suman.kumar.cse14@itbhu.ac.in','CS',2,'2015-05-03 06:58:41','B Tech\r'),(270,'Gaurav Gupta','14075026','gaurav.gupta.cse14@itbhu.ac.in','CS',2,'2015-05-03 06:58:41','B Tech\r'),(271,'Amit Kumar','14075004','amit.kumar.cse14@itbhu.ac.in','CS',2,'2015-05-03 06:58:41','B Tech\r'),(272,'Akash Gupta','14075002','akash.gupta.cse14@itbhu.ac.in','CS',2,'2015-05-03 06:58:41','B Tech\r'),(273,'Raja Singh','14075042','raja.singh.cse14@itbhu.ac.in','CS',2,'2015-05-03 06:58:41','B Tech\r'),(274,'Vedant Agrawal','14075057','vedant.agrawal.cse14@itbhu.ac.in','CS',2,'2015-05-03 06:58:41','B Tech\r'),(275,'Chandrakant','14075017','chandrakant.cse14@itbhu.ac.in','CS',2,'2015-05-03 06:58:41','B Tech\r'),(276,'Pranav Goel','14075039','pranav.goel.cse14@itbhu.ac.in','CS',2,'2015-05-03 06:58:41','B Tech\r'),(277,'Gaurav Lohia','14075028','gaurav.lohia.cse14@itbhu.ac.in','CS',2,'2015-05-03 06:58:41','B Tech\r'),(278,'Ujjwal Singh','14075055','ujjwal.singh.cse14@itbhu.ac.in','CS',2,'2015-05-03 06:58:41','B Tech\r'),(279,'Dasarapu Aravind','14075019','dasarapu.aravind.cse14@itbhu.ac.in','CS',2,'2015-05-03 06:58:41','B Tech\r'),(280,'Siddhant Jalan','14075049','siddhant.jalan.cse14@itbhu.ac.in','CS',2,'2015-05-03 06:58:41','B Tech\r'),(281,'Aniket Bansal','14075007','aniket.bansal.cse14@itbhu.ac.in','CS',2,'2015-05-03 06:58:41','B Tech\r'),(282,'Suman Behera','14075051','suman.behera.cse14@itbhu.ac.in','CS',2,'2015-05-03 06:58:41','B Tech\r'),(283,'Chetan Chaudhary','14075018','chetan.chaudhary.cse14@itbhu.ac.in','CS',2,'2015-05-03 06:58:41','B Tech\r'),(284,'Divyam Goyal','14075024','divyam.goyal.cse14@itbhu.ac.in','CS',2,'2015-05-03 06:58:41','B Tech\r'),(285,'Saurav Kumar','14075047','saurav.kumar.cse14@itbhu.ac.in','CS',2,'2015-05-03 06:58:41','B Tech\r'),(286,'Harpreet Singh','14075029','harpreet.singh.cse14@itbhu.ac.in','CS',2,'2015-05-03 06:58:41','B Tech\r'),(287,'Chappidi Jaya Venkata Sai Sujith','14085024','cjvenkatasai.sujith.eee14@itbhu.ac.in','EE',2,'2015-05-03 06:58:41','B Tech\r'),(288,'Tinku Kumar','14085076','tinku.kumar.eee14@itbhu.ac.in','EE',2,'2015-05-03 06:58:41','B Tech\r'),(289,'Kartavya Jain','14085036','kartavya.jain.eee14@itbhu.ac.in','EE',2,'2015-05-03 06:58:41','B Tech\r'),(290,'Sourabh Kumar','14085066','sourabh.kumar.eee14@itbhu.ac.in','EE',2,'2015-05-03 06:58:41','B Tech\r'),(291,'Jalluri Nagavenkatasaibhagavan Raghavendra','14085034','jn.raghavendra.eee14@itbhu.ac.in','EE',2,'2015-05-03 06:58:41','B Tech\r'),(292,'Abhishek Kumar Bhaskar','14085004','abhishek.kbhaskar.eee14@itbhu.ac.in','EE',2,'2015-05-03 06:58:41','B Tech\r'),(293,'Aarush Sharma','14085001','aarush.sharma.eee14@itbhu.ac.in','EE',2,'2015-05-03 06:58:41','B Tech\r'),(294,'Pushpendra Singh','14085053','pushpendra.singh.eee14@itbhu.ac.in','EE',2,'2015-05-03 06:58:41','B Tech\r'),(295,'V Akhil Prasad Sarma','14085079','vakhil.psarma.eee14@itbhu.ac.in','EE',2,'2015-05-03 06:58:41','B Tech\r'),(296,'Divya Garg','14085028','divya.garg.eee14@itbhu.ac.in','EE',2,'2015-05-03 06:58:41','B Tech\r'),(297,'Ashwani Kumar Gautam','14085017','ashwani.kgautam.eee14@itbhu.ac.in','EE',2,'2015-05-03 06:58:41','B Tech\r'),(298,'Satpute Shubham Dagadu','14085063','sshubham.dagadu.eee14@itbhu.ac.in','EE',2,'2015-05-03 06:58:41','B Tech\r'),(299,'Ronak Garg','14085060','ronak.g.eee14@itbhu.ac.in','EE',2,'2015-05-03 06:58:41','B Tech\r'),(300,'Subhanshu Aggarwal','14085067','subhanshu.aggarwal.eee14@itbhu.ac.in','EE',2,'2015-05-03 06:58:41','B Tech\r'),(301,'Arpit Gautam','14085015','arpit.gautam.eee14@itbhu.ac.in','EE',2,'2015-05-03 06:58:41','B Tech\r'),(302,'Anshul Chauhan','14085013','anshul.chauhan.eee14@itbhu.ac.in','EE',2,'2015-05-03 06:58:41','B Tech\r'),(303,'Harsh Agarwal','14085032','harsh.agarwal.eee14@itbhu.ac.in','EE',2,'2015-05-03 06:58:41','B Tech\r'),(304,'Swapnil Ranjan','14085072','swapnil.ranjan.eee14@itbhu.ac.in','EE',2,'2015-05-03 06:58:41','B Tech\r'),(305,'Ketan Rao Chaturvedi','14085037','ketan.rchaturvedi.eee14@itbhu.ac.in','EE',2,'2015-05-03 06:58:41','B Tech\r'),(306,'Surendra Sharma','14085070','surendra.sharma.eee14@itbhu.ac.in','EE',2,'2015-05-03 06:58:41','B Tech\r'),(307,'Bhuvnesh Panwar','14085021','bhuvnesh.panwar.eee14@itbhu.ac.in','EE',2,'2015-05-03 06:58:41','B Tech\r'),(308,'Kunal Jain','14085040','kunal.jain.eee14@itbhu.ac.in','EE',2,'2015-05-03 06:58:41','B Tech\r'),(309,'Aryan Rikhari','14085016','aryan.rikhari.eee14@itbhu.ac.in','EE',2,'2015-05-03 06:58:41','B Tech\r'),(310,'Jitendra Kumar Jatoliya','14085035','jitendra.krjatoliya.eee14@itbhu.ac.in','EE',2,'2015-05-03 06:58:41','B Tech\r'),(311,'Ayushi Bansal','14085019','ayushi.bansal.eee14@itbhu.ac.in','EE',2,'2015-05-03 06:58:41','B Tech\r'),(312,'Uddeshya Agrawal','14085077','uddeshya.agrawal.eee14@itbhu.ac.in','EE',2,'2015-05-03 06:58:41','B Tech\r'),(313,'Abhinav Gogadey','14085003','abhinav.gogadey.eee14@itbhu.ac.in','EE',2,'2015-05-03 06:58:41','B Tech\r'),(314,'Arpit Agarwal','14085014','arpit.agarwal.eee14@itbhu.ac.in','EE',2,'2015-05-03 06:58:41','B Tech\r'),(315,'Tarun Garg','14085074','tarun.garg.eee14@itbhu.ac.in','EE',2,'2015-05-03 06:58:41','B Tech\r'),(316,'Gaurav Singh','14085031','gaurav.singh.eee14@itbhu.ac.in','EE',2,'2015-05-03 06:58:41','B Tech\r'),(317,'Mehak Goyal','14085041','mehak.goyal.eee14@itbhu.ac.in','EE',2,'2015-05-03 06:58:41','B Tech\r'),(318,'Muneeb Ahmed','14085042','muneeb.ahmed.eee14@itbhu.ac.in','EE',2,'2015-05-03 06:58:41','B Tech\r'),(319,'Shubham S Garag','14085065','shubham.sgarag.eee14@itbhu.ac.in','EE',2,'2015-05-03 06:58:41','B Tech\r'),(320,'Akhilesh Pareek','14085006','akhilesh.pareek.eee14@itbhu.ac.in','EE',2,'2015-05-03 06:58:41','B Tech\r'),(321,'Gaurav Sachdeva','14085030','gaurav.sachdeva.eee14@itbhu.ac.in','EE',2,'2015-05-03 06:58:41','B Tech\r'),(322,'Gagan Kumar Shukla','14085029','gagan.krshukla.eee14@itbhu.ac.in','EE',2,'2015-05-03 06:58:41','B Tech\r'),(323,'Swami Arpit Shivshankar','14085071','sarpit.sshankar.eee14@itbhu.ac.in','EE',2,'2015-05-03 06:58:41','B Tech\r'),(324,'Abhinandan Ojha','14085002','abhinandan.ojha.eee14@itbhu.ac.in','EE',2,'2015-05-03 06:58:41','B Tech\r'),(325,'Prateek Negi','14085050','prateek.negi.eee14@itbhu.ac.in','EE',2,'2015-05-03 06:58:41','B Tech\r'),(326,'Ankit','14085009','ankit.ankit.eee14@itbhu.ac.in','EE',2,'2015-05-03 06:58:41','B Tech\r'),(327,'Yash Saraf','14085081','yash.saraf.eee14@itbhu.ac.in','EE',2,'2015-05-03 06:58:41','B Tech\r'),(328,'Raveena Meena','14085056','raveena.meena.eee14@itbhu.ac.in','EE',2,'2015-05-03 06:58:41','B Tech\r'),(329,'Bikash Prasad','14085022','bikash.prasad.eee14@itbhu.ac.in','EE',2,'2015-05-03 06:58:41','B Tech\r'),(330,'Rahul Pawar','14085054','rahul.pawar.eee14@itbhu.ac.in','EE',2,'2015-05-03 06:58:41','B Tech\r'),(331,'Tandasa Hari Sankar','14085073','thari.sankar.eee14@itbhu.ac.in','EE',2,'2015-05-03 06:58:41','B Tech\r'),(332,'Aniket Gupta','14085008','aniket.gupta.eee14@itbhu.ac.in','EE',2,'2015-05-03 06:58:41','B Tech\r'),(333,'Devendra Kumar Meena','14085027','dkr.meena.eee14@itbhu.ac.in','EE',2,'2015-05-03 06:58:41','B Tech\r'),(334,'Kumar Yash','14085039','kumar.yash.eee14@itbhu.ac.in','EE',2,'2015-05-03 06:58:41','B Tech\r'),(335,'Prachi Singhal','14085047','prachi.singhal.eee14@itbhu.ac.in','EE',2,'2015-05-03 06:58:41','B Tech\r'),(336,'Deepak Meena','14085026','deepak.meena.eee14@itbhu.ac.in','EE',2,'2015-05-03 06:58:41','B Tech\r'),(337,'Prince Verma','14085052','prince.verma.eee14@itbhu.ac.in','EE',2,'2015-05-03 06:58:41','B Tech\r'),(338,'Prashant Sharma','14085049','prashant.sharma.eee14@itbhu.ac.in','EE',2,'2015-05-03 06:58:41','B Tech\r'),(339,'Atrey Dad','14085018','atrey.dad.eee14@itbhu.ac.in','EE',2,'2015-05-03 06:58:41','B Tech\r'),(340,'Sanket Singh','14085062','sanket.singh.eee14@itbhu.ac.in','EE',2,'2015-05-03 06:58:41','B Tech\r'),(341,'Ankit Muwal','14085010','ankit.muwal.eee14@itbhu.ac.in','EE',2,'2015-05-03 06:58:41','B Tech\r'),(342,'Kondamudi Sai Ram Satwik','14085038','ksairam.satwik.eee14@itbhu.ac.in','EE',2,'2015-05-03 06:58:41','B Tech\r'),(343,'Chandan Kumar','14085023','chandan.kumar.eee14@itbhu.ac.in','EE',2,'2015-05-03 06:58:41','B Tech\r'),(344,'Ujjawal Narayan','14085078','ujjawal.narayan.eee14@itbhu.ac.in','EE',2,'2015-05-03 06:58:41','B Tech\r'),(345,'Bharat Didwania','14085020','bharat.didwania.eee14@itbhu.ac.in','EE',2,'2015-05-03 06:58:41','B Tech\r'),(346,'Sandeep Meena','14085061','sandeep.meena.eee14@itbhu.ac.in','EE',2,'2015-05-03 06:58:41','B Tech\r'),(347,'Jagjot Singh','14085033','jagjot.singh.eee14@itbhu.ac.in','EE',2,'2015-05-03 06:58:41','B Tech\r'),(348,'Rohan Jain','14085058','rohan.jain.eee14@itbhu.ac.in','EE',2,'2015-05-03 06:58:41','B Tech\r'),(349,'AMOL PRAKASH MEJARI','14085082','mejariamol@gmail.com','EE',2,'2015-05-03 06:58:41','B Tech\r'),(350,'Tarunandra Singh','14085075','tarunandra.singh.eee14@itbhu.ac.in','EE',2,'2015-05-03 06:58:41','B Tech\r'),(351,'Vaibhav Mishra','14085080','vaibhav.mishra.eee14@itbhu.ac.in','EE',2,'2015-05-03 06:58:41','B Tech\r'),(352,'Sudhanshu Bhushan','14085068','sudhanshu.bhushan.eee14@itbhu.ac.in','EE',2,'2015-05-03 06:58:41','B Tech\r'),(353,'Rishabh Jain','14085057','rishabh.jain.eee14@itbhu.ac.in','EE',2,'2015-05-03 06:58:41','B Tech\r'),(354,'Sudhanshu Sharma','14085069','sudhanshu.sharma.eee14@itbhu.ac.in','EE',2,'2015-05-03 06:58:41','B Tech\r'),(355,'Pinkesh Narsinghani','14085045','pinkesh.narsinghani.eee14@itbhu.ac.in','EE',2,'2015-05-03 06:58:41','B Tech\r'),(356,'Amit Kumar Bind','14085007','amit.kbind.eee14@itbhu.ac.in','EE',2,'2015-05-03 06:58:41','B Tech\r'),(357,'Ronak Garg','14085059','ronak.garg.eee14@itbhu.ac.in','EE',2,'2015-05-03 06:58:41','B Tech\r'),(358,'Naman Singh Soni','14085043','naman.ssoni.eee14@itbhu.ac.in','EE',2,'2015-05-03 06:58:41','B Tech\r'),(359,'Prabodh Sharma','14085046','prabodh.sharma.eee14@itbhu.ac.in','EE',2,'2015-05-03 06:58:41','B Tech\r'),(360,'Chinnala Nishith','14085025','chinnala.nishith.eee14@itbhu.ac.in','EE',2,'2015-05-03 06:58:41','B Tech\r'),(361,'Ankita Dixit','14085012','ankita.dixit.eee14@itbhu.ac.in','EE',2,'2015-05-03 06:58:41','B Tech\r'),(362,'Shitanshu','14085064','shitanshu.student.eee14@itbhu.ac.in','EE',2,'2015-05-03 06:58:41','B Tech\r'),(363,'Preetosh Chandraj','14085051','preetosh.chandraj.eee14@itbhu.ac.in','EE',2,'2015-05-03 06:58:41','B Tech\r'),(364,'Aditya Ghuge','14085005','aditya.ghuge.eee14@itbhu.ac.in','EE',2,'2015-05-03 06:58:41','B Tech\r'),(365,'Neeraj Paliwal','14085044','neeraj.paliwal.eee14@itbhu.ac.in','EE',2,'2015-05-03 06:58:41','B Tech\r'),(366,'Ankita','14085011','ankita.ankita.eee14@itbhu.ac.in','EE',2,'2015-05-03 06:58:41','B Tech\r'),(367,'Prasanjan Mitra','14085048','prasanjan.mitra.eee14@itbhu.ac.in','EE',2,'2015-05-03 06:58:41','B Tech\r'),(368,'Raman Sheokand','14085055','raman.sheokand.eee14@itbhu.ac.in','EE',2,'2015-05-03 06:58:41','B Tech\r'),(369,'Kinshuk Yadav','14095024','kinshuk.yadav.ece14@itbhu.ac.in','EC',2,'2015-05-03 06:58:41','B Tech\r'),(370,'Kinshuk Gupta','14095023','kinshuk.gupta.ece14@itbhu.ac.in','EC',2,'2015-05-03 06:58:41','B Tech\r'),(371,'Kalluri Avinash','14095021','kalluri.avinash.ece14@itbhu.ac.in','EC',2,'2015-05-03 06:58:41','B Tech\r'),(372,'Ranjit Kumar','14095049','ranjit.kumar.ece14@itbhu.ac.in','EC',2,'2015-05-03 06:58:41','B Tech\r'),(373,'Rohit Sharma','14095054','rohit.sharma.ece14@itbhu.ac.in','EC',2,'2015-05-03 06:58:41','B Tech\r'),(374,'Bhyravabhatla Maneedhar','14095012','b.maneedhar.ece14@itbhu.ac.in','EC',2,'2015-05-03 06:58:41','B Tech\r'),(375,'Shreeishita','14095065','shreeishita.student.ece14@itbhu.ac.in','EC',2,'2015-05-03 06:58:41','B Tech\r'),(376,'Sumit Bhat','14095072','sumit.bhat.ece14@itbhu.ac.in','EC',2,'2015-05-03 06:58:41','B Tech\r'),(377,'Pratyush Menawat','14095043','pratyush.menawat.ece14@itbhu.ac.in','EC',2,'2015-05-03 06:58:41','B Tech\r'),(378,'Yash Gupta','14095080','yash.gupta.ece14@itbhu.ac.in','EC',2,'2015-05-03 06:58:41','B Tech\r'),(379,'Shivam Shekhar','14095064','shivam.shekhar.ece14@itbhu.ac.in','EC',2,'2015-05-03 06:58:41','B Tech\r'),(380,'Ved Prakash Meena','14095077','vedprakash.meena.ece14@itbhu.ac.in','EC',2,'2015-05-03 06:58:41','B Tech\r'),(381,'Prateek','14095041','prateek.student.ece14@itbhu.ac.in','EC',2,'2015-05-03 06:58:41','B Tech\r'),(382,'Rishabh Khandelwal','14095052','rishabh.khandelwal.ece14@itbhu.ac.in','EC',2,'2015-05-03 06:58:41','B Tech\r'),(383,'Lalit Kumar Meena','14095026','lalitkr.meena.ece14@itbhu.ac.in','EC',2,'2015-05-03 06:58:41','B Tech\r'),(384,'Amit Kumar','14095005','amit.kumar.ece14@itbhu.ac.in','EC',2,'2015-05-03 06:58:41','B Tech\r'),(385,'Anuj Kumar Agrawal','14095008','anujkr.agrawal.ece14@itbhu.ac.in','EC',2,'2015-05-03 06:58:41','B Tech\r'),(386,'Prashant Kumar','14095040','prashant.kumar.ece14@itbhu.ac.in','EC',2,'2015-05-03 06:58:41','B Tech\r'),(387,'Shubham Chaudhary','14095067','shubham.chaudhary.ece14@itbhu.ac.in','EC',2,'2015-05-03 06:58:41','B Tech\r'),(388,'Arjit Tiwari','14095009','arjit.tiwari.ece14@itbhu.ac.in','EC',2,'2015-05-03 06:58:41','B Tech\r'),(389,'Rajkumar Meena','14095048','rajkumar.meena.ece14@itbhu.ac.in','EC',2,'2015-05-03 06:58:41','B Tech\r'),(390,'Pratik Biswas','14095042','pratik.biswas.ece14@itbhu.ac.in','EC',2,'2015-05-03 06:58:41','B Tech\r'),(391,'Chetan Goyal','14095013','chetan.goyal.ece14@itbhu.ac.in','EC',2,'2015-05-03 06:58:41','B Tech\r'),(392,'Arunish Kumar','14095010','arunish.kumar.ece14@itbhu.ac.in','EC',2,'2015-05-03 06:58:41','B Tech\r'),(393,'Chitranjan Singh','14095014','chitranjan.singh.ece14@itbhu.ac.in','EC',2,'2015-05-03 06:58:41','B Tech\r'),(394,'Saurabh Suman','14095061','saurabh.suman.ece14@itbhu.ac.in','EC',2,'2015-05-03 06:58:41','B Tech\r'),(395,'Nelluru Vishnu Teja','14095034','nvishnu.teja.ece14@itbhu.ac.in','EC',2,'2015-05-03 06:58:41','B Tech\r'),(396,'Harsh Ashok Gugale','14095018','hashok.gugale.ece14@itbhu.ac.in','EC',2,'2015-05-03 06:58:41','B Tech\r'),(397,'Eerla Siva Anil Dileep','14095016','esanil.dileep.ece14@itbhu.ac.in','EC',2,'2015-05-03 06:58:41','B Tech\r'),(398,'Swapnil Neema','14095073','swapnil.neema.ece14@itbhu.ac.in','EC',2,'2015-05-03 06:58:41','B Tech\r'),(399,'Vilvanesh K','14095079','vilvanesh.k.ece14@itbhu.ac.in','EC',2,'2015-05-03 06:58:41','B Tech\r'),(400,'Sanket Mahajan','14095059','sanket.mahajan.ece14@itbhu.ac.in','EC',2,'2015-05-03 06:58:41','B Tech\r'),(401,'Abhilash','14095001','abhilash.a.ece14@itbhu.ac.in','EC',2,'2015-05-03 06:58:41','B Tech\r'),(402,'Sahil Bansal','14095056','sahil.bansal.ece14@itbhu.ac.in','EC',2,'2015-05-03 06:58:41','B Tech\r'),(403,'Priyesh Rathore','14095044','priyesh.rathore.ece14@itbhu.ac.in','EC',2,'2015-05-03 06:58:41','B Tech\r'),(404,'Alankrit Dixit','14095003','alankrit.dixit.ece14@itbhu.ac.in','EC',2,'2015-05-03 06:58:41','B Tech\r'),(405,'Pooja Singh','14095038','pooja.singh.ece14@itbhu.ac.in','EC',2,'2015-05-03 06:58:41','B Tech\r'),(406,'Rajasvi Vinayak Sharma','14095047','rajasvi.vinayak.ece14@itbhu.ac.in','EC',2,'2015-05-03 06:58:41','B Tech\r'),(407,'Naman Sharma','14095032','naman.sharma.ece14@itbhu.ac.in','EC',2,'2015-05-03 06:58:41','B Tech\r'),(408,'Shivam Agarwal','14095063','shivam.agarwal.ece14@itbhu.ac.in','EC',2,'2015-05-03 06:58:41','B Tech\r'),(409,'Nishant Kumar','14095035','nishant.kumar.ece14@itbhu.ac.in','EC',2,'2015-05-03 06:58:41','B Tech\r'),(410,'Shubham Bansal','14095066','shubham.bansal.ece14@itbhu.ac.in','EC',2,'2015-05-03 06:58:41','B Tech\r'),(411,'Rahul Yadav','14095046','rahul.yadav.ece14@itbhu.ac.in','EC',2,'2015-05-03 06:58:41','B Tech\r'),(412,'Shah Mit Paragbhai','14095062','smit.paragbhai.ece14@itbhu.ac.in','EC',2,'2015-05-03 06:58:41','B Tech\r'),(413,'Shubham Patel','14095069','shubham.patel.ece14@itbhu.ac.in','EC',2,'2015-05-03 06:58:41','B Tech\r'),(414,'Praharsh Ivaturi','14095039','praharsh.ivaturi.ece14@itbhu.ac.in','EC',2,'2015-05-03 06:58:41','B Tech\r'),(415,'Karanam Mani Sankar','14095022','kmani.sankar.ece14@itbhu.ac.in','EC',2,'2015-05-03 06:58:41','B Tech\r'),(416,'Ravi','14095050','ravi.ravi.ece14@itbhu.ac.in','EC',2,'2015-05-03 06:58:41','B Tech\r'),(417,'Vikas Shukla','14095078','vikas.shukla.ece14@itbhu.ac.in','EC',2,'2015-05-03 06:58:41','B Tech\r'),(418,'Triptesh Mallick','14095075','triptesh.mallick.ece14@itbhu.ac.in','EC',2,'2015-05-03 06:58:41','B Tech\r'),(419,'Vandit Chauhan','14095076','vandit.chauhan.ece14@itbhu.ac.in','EC',2,'2015-05-03 06:58:41','B Tech\r'),(420,'Navdeep','14095033','navdeep.n.ece14@itbhu.ac.in','EC',2,'2015-05-03 06:58:41','B Tech\r'),(421,'Kshitij Jolly','14095025','kshitij.jolly.ece14@itbhu.ac.in','EC',2,'2015-05-03 06:58:41','B Tech\r'),(422,'Nitin Gera','14095036','nitin.gera.ece14@itbhu.ac.in','EC',2,'2015-05-03 06:58:41','B Tech\r'),(423,'Maitreya Dange','14095027','maitreya.dange.ece14@itbhu.ac.in','EC',2,'2015-05-03 06:58:41','B Tech\r'),(424,'Sandeep Agarwal','14095058','sandeep.agarwal.ece14@itbhu.ac.in','EC',2,'2015-05-03 06:58:41','B Tech\r'),(425,'Abhimanyu Gupta','14095002','abhimanyu.gupta.ece14@itbhu.ac.in','EC',2,'2015-05-03 06:58:41','B Tech\r'),(426,'Shubham Gawle','14095068','shubham.gawle.ece14@itbhu.ac.in','EC',2,'2015-05-03 06:58:41','B Tech\r'),(427,'Mayank Garg','14095028','mayank.garg.ece14@itbhu.ac.in','EC',2,'2015-05-03 06:58:41','B Tech\r'),(428,'Mehul Jain','14095029','mehul.jain.ece14@itbhu.ac.in','EC',2,'2015-05-03 06:58:41','B Tech\r'),(429,'Isha Agarwal','14095020','isha.agarwal.ece14@itbhu.ac.in','EC',2,'2015-05-03 06:58:41','B Tech\r'),(430,'N Anurag Vardhan','14095030','nanurag.vardhan.ece14@itbhu.ac.in','EC',2,'2015-05-03 06:58:41','B Tech\r'),(431,'Ankit Kumar Mishra','14095007','ankitkr.mishra.ece14@itbhu.ac.in','EC',2,'2015-05-03 06:58:41','B Tech\r'),(432,'Amod Hegde','14095006','amod.hegde.ece14@itbhu.ac.in','EC',2,'2015-05-03 06:58:41','B Tech\r'),(433,'Shubhankar Das','14095070','shubhankar.das.ece14@itbhu.ac.in','EC',2,'2015-05-03 06:58:41','B Tech\r'),(434,'Smriti Bhardwaj','14095071','smriti.bhardwaj.ece14@itbhu.ac.in','EC',2,'2015-05-03 06:58:41','B Tech\r'),(435,'Swaraj Kumar Mohanty','14095074','swaraj.krmohanty.ece14@itbhu.ac.in','EC',2,'2015-05-03 06:58:41','B Tech\r'),(436,'Sakkara Pranay Teja','14095057','spranay.teja.ece14@itbhu.ac.in','EC',2,'2015-05-03 06:58:41','B Tech\r'),(437,'Sanskriti Somani','14095060','sanskriti.somani.ece14@itbhu.ac.in','EC',2,'2015-05-03 06:58:41','B Tech\r'),(438,'Om Kumar Sahoo','14095037','omkumar.sahoo.ece14@itbhu.ac.in','EC',2,'2015-05-03 06:58:41','B Tech\r'),(439,'Sachin Kumar Shaw','14095055','sachinkr.shaw.ece14@itbhu.ac.in','EC',2,'2015-05-03 06:58:41','B Tech\r'),(440,'Aman Soni','14095004','aman.soni.ece14@itbhu.ac.in','EC',2,'2015-05-03 06:58:41','B Tech\r'),(441,'Devans Gupta','14095015','devans.gupta.ece14@itbhu.ac.in','EC',2,'2015-05-03 06:58:41','B Tech\r'),(442,'Nalla Deepu Vardhan','14095031','ndeepu.vardhan.ece14@itbhu.ac.in','EC',2,'2015-05-03 06:58:41','B Tech\r'),(443,'Harshit Agrawal','14095019','harshit.agrawal.ece14@itbhu.ac.in','EC',2,'2015-05-03 06:58:41','B Tech\r'),(444,'Rohit','14095053','rohit.rohit.ece14@itbhu.ac.in','EC',2,'2015-05-03 06:58:41','B Tech\r'),(445,'Gorle Lenin Kumar','14095017','glenin.kumar.ece14@itbhu.ac.in','EC',2,'2015-05-03 06:58:41','B Tech\r'),(446,'Ashish Prakash Singh','14095011','ashish.psingh.ece14@itbhu.ac.in','EC',2,'2015-05-03 06:58:41','B Tech\r'),(447,'Rishabh Jain','14095051','rishabh.jain.ece14@itbhu.ac.in','EC',2,'2015-05-03 06:58:41','B Tech\r'),(448,'Rahul Das','14095045','rahul.das.ece14@itbhu.ac.in','EC',2,'2015-05-03 06:58:41','B Tech\r'),(449,'Shubham Madhesia','14135079','shubham.madhesia.mec14@itbhu.ac.in','ME',2,'2015-05-03 06:58:41','B Tech\r'),(450,'Aman Kumar Giri','14135006','aman.krgiri.mec14@itbhu.ac.in','ME',2,'2015-05-03 06:58:41','B Tech\r'),(451,'Bhoorsingh Meena','14135020','bhoorsingh.meena.mec14@itbhu.ac.in','ME',2,'2015-05-03 06:58:41','B Tech\r'),(452,'Nadiminti Naveen','14135049','nadiminti.naveen.mec14@itbhu.ac.in','ME',2,'2015-05-03 06:58:41','B Tech\r'),(453,'Subrato Chakravorty','14135084','subrato.chakravorty.mec14@itbhu.ac.in','ME',2,'2015-05-03 06:58:41','B Tech\r'),(454,'Lalit Kumar Meena','14135041','lalitk.meena.mec14@itbhu.ac.in','ME',2,'2015-05-03 06:58:41','B Tech\r'),(455,'Mohit','14135047','mohit.mohit.mec14@itbhu.ac.in','ME',2,'2015-05-03 06:58:41','B Tech\r'),(456,'Rohit Goyal','14135071','rohit.goyal.mec14@itbhu.ac.in','ME',2,'2015-05-03 06:58:41','B Tech\r'),(457,'Shubham Negi','14135080','shubham.negi.mec14@itbhu.ac.in','ME',2,'2015-05-03 06:58:41','B Tech\r'),(458,'Vivek Kumar Saini','14135097','vivekkr.saini.mec14@itbhu.ac.in','ME',2,'2015-05-03 06:58:41','B Tech\r'),(459,'Ashutosh Prakarsh Pandey','14135018','ashutosh.ppandey.mec14@itbhu.ac.in','ME',2,'2015-05-03 06:58:41','B Tech\r'),(460,'Sataha Singh Meena','14135074','sataha.smeena.mec14@itbhu.ac.in','ME',2,'2015-05-03 06:58:41','B Tech\r'),(461,'Mistry Tejas Vijaybhai','14135046','mtejas.vijaybhai.mec14@itbhu.ac.in','ME',2,'2015-05-03 06:58:41','B Tech\r'),(462,'Arihant Jain','14135013','arihant.jain.mec14@itbhu.ac.in','ME',2,'2015-05-03 06:58:41','B Tech\r'),(463,'Pavan Kumar','14135061','pavan.kr.mec14@itbhu.ac.in','ME',2,'2015-05-03 06:58:41','B Tech\r'),(464,'Upender Phogat','14135092','upender.phogat.mec14@itbhu.ac.in','ME',2,'2015-05-03 06:58:41','B Tech\r'),(465,'Yendru Pavan Kumar','14135098','yendru.pkumar.mec14@itbhu.ac.in','ME',2,'2015-05-03 06:58:41','B Tech\r'),(466,'Rajendra Meena','14135067','rajendra.meena.mec14@itbhu.ac.in','ME',2,'2015-05-03 06:58:41','B Tech\r'),(467,'Anant Kumar Singh','14135008','anantk.singh.mec14@itbhu.ac.in','ME',2,'2015-05-03 06:58:41','B Tech\r'),(468,'Palakurthy Pranu','14135060','palakurthy.pranu.mec14@itbhu.ac.in','ME',2,'2015-05-03 06:58:41','B Tech\r'),(469,'Kamal Singh Manki','14135035','kamal.smanki.mec14@itbhu.ac.in','ME',2,'2015-05-03 06:58:41','B Tech\r'),(470,'Bintu Choudhary','14135021','bintu.choudhary.mec14@itbhu.ac.in','ME',2,'2015-05-03 06:58:41','B Tech\r'),(471,'Aniket Sahoo','14135009','aniket.sahoo.mec14@itbhu.ac.in','ME',2,'2015-05-03 06:58:41','B Tech\r'),(472,'Ravi Kumar Meena','14135069','ravi.krmeena.mec14@itbhu.ac.in','ME',2,'2015-05-03 06:58:41','B Tech\r'),(473,'Kamtekar Rajat Avadhut','14135036','krajat.avadhut.mec14@itbhu.ac.in','ME',2,'2015-05-03 06:58:41','B Tech\r'),(474,'Ravi Ranjan','14135070','ravi.ranjan.mec14@itbhu.ac.in','ME',2,'2015-05-03 06:58:41','B Tech\r'),(475,'Ashish Chhabra','14135015','ashish.chhabra.mec14@itbhu.ac.in','ME',2,'2015-05-03 06:58:41','B Tech\r'),(476,'Thacker Parth Paresh','14135090','tparth.paresh.mec14@itbhu.ac.in','ME',2,'2015-05-03 06:58:41','B Tech\r'),(477,'Nitish Kumar','14135057','nitish.kumar.mec14@itbhu.ac.in','ME',2,'2015-05-03 06:58:41','B Tech\r'),(478,'Segu Kethan Srivathsava','14135075','skethan.srivathsava.mec14@itbhu.ac.in','ME',2,'2015-05-03 06:58:41','B Tech\r'),(479,'Anil Nishad','14135010','anil.nishad.mec14@itbhu.ac.in','ME',2,'2015-05-03 06:58:41','B Tech\r'),(480,'Garvit Varshney','14135029','garvit.varshney.mec14@itbhu.ac.in','ME',2,'2015-05-03 06:58:41','B Tech\r'),(481,'Narendra Kumar','14135050','narendra.kumar.mec14@itbhu.ac.in','ME',2,'2015-05-03 06:58:41','B Tech\r'),(482,'Ashish Roongta','14135017','ashish.roongta.mec14@itbhu.ac.in','ME',2,'2015-05-03 06:58:41','B Tech\r'),(483,'Mr. Amit Patil','14134001','amit.patil.mec14@itbhu.ac.in','ME',2,'2015-05-03 06:58:41','B Tech\r'),(484,'Kartik Chaturvedi','14135038','kartik.chaturvedi.mec14@itbhu.ac.in','ME',2,'2015-05-03 06:58:41','B Tech\r'),(485,'Orish Jindal','14135059','orish.jindal.mec14@itbhu.ac.in','ME',2,'2015-05-03 06:58:41','B Tech\r'),(486,'Shubham Kumar','14135078','shubham.kumar.mec14@itbhu.ac.in','ME',2,'2015-05-03 06:58:41','B Tech\r'),(487,'Mayank Kabra','14135045','mayank.kabra.mec14@itbhu.ac.in','ME',2,'2015-05-03 06:58:41','B Tech\r'),(488,'Anoop Kumar Pandey','14135011','anoopkr.pandey.mec14@itbhu.ac.in','ME',2,'2015-05-03 06:58:41','B Tech\r'),(489,'Utkarsh Vasu','14135094','utkarsh.vasu.mec14@itbhu.ac.in','ME',2,'2015-05-03 06:58:41','B Tech\r'),(490,'Shubham Khatri','14135077','shubham.khatri.mec14@itbhu.ac.in','ME',2,'2015-05-03 06:58:41','B Tech\r'),(491,'Dave Yash Subhash','14135025','dyash.subhash.mec14@itbhu.ac.in','ME',2,'2015-05-03 06:58:41','B Tech\r'),(492,'Pranay Asolla','14135065','pranay.asolla.mec14@itbhu.ac.in','ME',2,'2015-05-03 06:58:41','B Tech\r'),(493,'Manish Kumar Singh','14135044','manish.krsingh.mec14@itbhu.ac.in','ME',2,'2015-05-03 06:58:41','B Tech\r'),(494,'Shubh Agnihotri','14135076','shubh.agnihotri.mec14@itbhu.ac.in','ME',2,'2015-05-03 06:58:41','B Tech\r'),(495,'Sumit Kumar Mondal','14135085','sumitkr.mondal.mec14@itbhu.ac.in','ME',2,'2015-05-03 06:58:41','B Tech\r'),(496,'Akash Kumar Nigam','14135003','akash.krnigam.mec14@itbhu.ac.in','ME',2,'2015-05-03 06:58:41','B Tech\r'),(497,'Rajat Singhvi','14135066','rajat.singhvi.mec14@itbhu.ac.in','ME',2,'2015-05-03 06:58:41','B Tech\r'),(498,'Akshay Kumar Singh','14135004','akshaykr.singh.mec14@itbhu.ac.in','ME',2,'2015-05-03 06:58:41','B Tech\r'),(499,'Nikhil Thakur','14135053','nikhil.thakur.mec14@itbhu.ac.in','ME',2,'2015-05-03 06:58:41','B Tech\r'),(500,'Nukala Venkata Naga Kishore','14135058','nvnaga.kishore.mec14@itbhu.ac.in','ME',2,'2015-05-03 06:58:41','B Tech\r'),(501,'Nipen Bala','14135055','nipen.bala.mec14@itbhu.ac.in','ME',2,'2015-05-03 06:58:41','B Tech\r'),(502,'Deep Gupta','14135026','deep.gupta.mec14@itbhu.ac.in','ME',2,'2015-05-03 06:58:41','B Tech\r'),(503,'Talluri Madhu','14135089','talluri.madhu.mec14@itbhu.ac.in','ME',2,'2015-05-03 06:58:41','B Tech\r'),(504,'Kasukurthi Nava Tej','14135039','knava.tej.mec14@itbhu.ac.in','ME',2,'2015-05-03 06:58:41','B Tech\r'),(505,'Bharat Pokharna','14135019','bharat.pokharna.mec14@itbhu.ac.in','ME',2,'2015-05-03 06:58:41','B Tech\r'),(506,'Nikhil Vinay Agarwal','14135054','nikhil.vagarwal.mec14@itbhu.ac.in','ME',2,'2015-05-03 06:58:41','B Tech\r'),(507,'Himanshu Solanki','14135032','himanshu.solanki.mec14@itbhu.ac.in','ME',2,'2015-05-03 06:58:41','B Tech\r'),(508,'Devalla Sri Kusulu','14135027','devalla.skusulu.mec14@itbhu.ac.in','ME',2,'2015-05-03 06:58:41','B Tech\r'),(509,'Suyash Agarwal','14135087','suyash.agarwal.mec14@itbhu.ac.in','ME',2,'2015-05-03 06:58:41','B Tech\r'),(510,'Rajesh Dandge','14135068','rajesh.dandge.mec14@itbhu.ac.in','ME',2,'2015-05-03 06:58:41','B Tech\r'),(511,'Udit Srivastava','14135091','udit.srivastava.mec14@itbhu.ac.in','ME',2,'2015-05-03 06:58:41','B Tech\r'),(512,'Suraj Panigrahi','14135086','suraj.panigrahi.mec14@itbhu.ac.in','ME',2,'2015-05-03 06:58:41','B Tech\r'),(513,'Pendharkar Aditya Nandkishore','14135063','paditya.nandkishore.mec14@itbhu.ac.in','ME',2,'2015-05-03 06:58:41','B Tech\r'),(514,'Karan Choudhary','14135037','karan.choudhary.mec14@itbhu.ac.in','ME',2,'2015-05-03 06:58:41','B Tech\r'),(515,'Harshit Gupta','14135030','harshit.gupta.mec14@itbhu.ac.in','ME',2,'2015-05-03 06:58:41','B Tech\r'),(516,'Shubham Verma','14135081','shubham.verma.mec14@itbhu.ac.in','ME',2,'2015-05-03 06:58:41','B Tech\r'),(517,'Pawan Kumar','14135062','pawan.kumar.mec14@itbhu.ac.in','ME',2,'2015-05-03 06:58:41','B Tech\r'),(518,'Aman Kumar','14135005','aman.kumar.mec14@itbhu.ac.in','ME',2,'2015-05-03 06:58:41','B Tech\r'),(519,'Ashish','14135014','ashish.ashish.mec14@itbhu.ac.in','ME',2,'2015-05-03 06:58:41','B Tech\r'),(520,'Abhijeet Yadav','14135001','abhijeet.yadav.mec14@itbhu.ac.in','ME',2,'2015-05-03 06:58:41','B Tech\r'),(521,'Nishant R','14135056','nishant.r.mec14@itbhu.ac.in','ME',2,'2015-05-03 06:58:41','B Tech\r'),(522,'Divyaraj Meshram','14135028','divyaraj.meshram.mec14@itbhu.ac.in','ME',2,'2015-05-03 06:58:41','B Tech\r'),(523,'Amit Panday','14135007','amit.panday.mec14@itbhu.ac.in','ME',2,'2015-05-03 06:58:41','B Tech\r'),(524,'Vivek Chandra','14135096','vivek.chandra.mec14@itbhu.ac.in','ME',2,'2015-05-03 06:58:41','B Tech\r'),(525,'Kunal Kundu','14135040','kunal.kundu.mec14@itbhu.ac.in','ME',2,'2015-05-03 06:58:41','B Tech\r'),(526,'Lekkala Sashank','14135042','lekkala.sashank.mec14@itbhu.ac.in','ME',2,'2015-05-03 06:58:41','B Tech\r'),(527,'Aditya Chokhandre','14135002','aditya.chokhandre.mec14@itbhu.ac.in','ME',2,'2015-05-03 06:58:41','B Tech\r'),(528,'Mohit Yadav','14135048','mohit.yadav.mec14@itbhu.ac.in','ME',2,'2015-05-03 06:58:41','B Tech\r'),(529,'Anurag Gupta','14135012','anurag.gupta.mec14@itbhu.ac.in','ME',2,'2015-05-03 06:58:41','B Tech\r'),(530,'Himanshu Dhiran','14135031','himanshu.dhiran.mec14@itbhu.ac.in','ME',2,'2015-05-03 06:58:41','B Tech\r'),(531,'Birajdar Nikhil Mahadev','14135022','bnikhil.mahadev.mec14@itbhu.ac.in','ME',2,'2015-05-03 06:58:41','B Tech\r'),(532,'Swati Agrawal','14135088','swati.agrawal.mec14@itbhu.ac.in','ME',2,'2015-05-03 06:58:41','B Tech\r'),(533,'Lovekesh Azad','14135043','lovekesh.azad.mec14@itbhu.ac.in','ME',2,'2015-05-03 06:58:41','B Tech\r'),(534,'Jay Prakash','14135034','jay.prakash.mec14@itbhu.ac.in','ME',2,'2015-05-03 06:58:41','B Tech\r'),(535,'Chitvan Goyal','14135023','chitvan.goyal.mec14@itbhu.ac.in','ME',2,'2015-05-03 06:58:41','B Tech\r'),(536,'Hitesh Bikonia','14135033','hitesh.bikonia.mec14@itbhu.ac.in','ME',2,'2015-05-03 06:58:41','B Tech\r'),(537,'Neel Prakash','14135052','neel.prakash.mec14@itbhu.ac.in','ME',2,'2015-05-03 06:58:41','B Tech\r'),(538,'Srijan Chaubey','14135083','srijan.chaubey.mec14@itbhu.ac.in','ME',2,'2015-05-03 06:58:41','B Tech\r'),(539,'Salam Goldie Singh','14135072','sgoldie.singh.mec14@itbhu.ac.in','ME',2,'2015-05-03 06:58:41','B Tech\r'),(540,'Sanjeet Verma','14135073','sanjeet.verma.mec14@itbhu.ac.in','ME',2,'2015-05-03 06:58:41','B Tech\r'),(541,'Ashish Kumar Mishra','14135016','ashish.krmishra.mec14@itbhu.ac.in','ME',2,'2015-05-03 06:58:41','B Tech\r'),(542,'Naveen Kumar','14135051','naveen.kr.mec14@itbhu.ac.in','ME',2,'2015-05-03 06:58:41','B Tech\r'),(543,'Sohail Khan','14135082','sohail.khan.mec14@itbhu.ac.in','ME',2,'2015-05-03 06:58:41','B Tech\r'),(544,'Piyush Kumar Gupta','14135064','piyush.krgupta.mec14@itbhu.ac.in','ME',2,'2015-05-03 06:58:41','B Tech\r'),(545,'Utkarsh Khandelwal','14135093','utkarsh.khandelwal.mec14@itbhu.ac.in','ME',2,'2015-05-03 06:58:41','B Tech\r'),(546,'Damor Vaibhav Virsingbhai','14135024','dvaibhav.virsingbhai.mec14@itbhu.ac.in','ME',2,'2015-05-03 06:58:41','B Tech\r'),(547,'Sai Sankar Praveen Vakkalagadda','14155066','sspraveen.v.min14@itbhu.ac.in','MN',2,'2015-05-03 06:58:41','B Tech\r'),(548,'Abhishek Kumar Ranjan','14155004','abhishek.krranjan.min14@itbhu.ac.in','MN',2,'2015-05-03 06:58:41','B Tech\r'),(549,'Pinak Sharma','14155053','pinak.sharma.min14@itbhu.ac.in','MN',2,'2015-05-03 06:58:41','B Tech\r'),(550,'Malla Umesh Kumar','14155042','mumesh.kumar.min14@itbhu.ac.in','MN',2,'2015-05-03 06:58:41','B Tech\r'),(551,'Ajeyandra Kumar Sharma','14155007','ajeyandra.kumars.min14@itbhu.ac.in','MN',2,'2015-05-03 06:58:41','B Tech\r'),(552,'Prakash Kumar Gupta','14155054','prakashkr.gupta.min14@itbhu.ac.in','MN',2,'2015-05-03 06:58:41','B Tech\r'),(553,'Jain Kunal Sanjeev','14155035','jkunal.sanjeev.min14@itbhu.ac.in','MN',2,'2015-05-03 06:58:41','B Tech\r'),(554,'Abhishek Kumar Jaiswal','14155003','abhishek.kjaiswal.min14@itbhu.ac.in','MN',2,'2015-05-03 06:58:41','B Tech\r'),(555,'Bokka Chaithanya Sai Krishna','14155027','bcsai.krishna.min14@itbhu.ac.in','MN',2,'2015-05-03 06:58:41','B Tech\r'),(556,'Ashish Arora','14155017','ashish.arora.min14@itbhu.ac.in','MN',2,'2015-05-03 06:58:41','B Tech\r'),(557,'Manchikatla Vamshikrishna','14155043','m.vamshikrishna.min14@itbhu.ac.in','MN',2,'2015-05-03 06:58:41','B Tech\r'),(558,'Abhinav Anand','14155001','abhinav.anand.min14@itbhu.ac.in','MN',2,'2015-05-03 06:58:41','B Tech\r'),(559,'Vishal','14155078','vishal.student.min14@itbhu.ac.in','MN',2,'2015-05-03 06:58:41','B Tech\r'),(560,'Shrey Garg','14155074','shrey.garg.min14@itbhu.ac.in','MN',2,'2015-05-03 06:58:41','B Tech\r'),(561,'Shashank More','14155072','shashank.more.min14@itbhu.ac.in','MN',2,'2015-05-03 06:58:41','B Tech\r'),(562,'Ravi Sri Hitesh','14155063','ravisri.hitesh.min14@itbhu.ac.in','MN',2,'2015-05-03 06:58:41','B Tech\r'),(563,'Nasin Kumar Nishant','14155046','nasin.knishant.min14@itbhu.ac.in','MN',2,'2015-05-03 06:58:41','B Tech\r'),(564,'Harshit Jain','14155033','harshit.jain.min14@itbhu.ac.in','MN',2,'2015-05-03 06:58:41','B Tech\r'),(565,'Arpit Kumar','14155015','arpit.kumar.min14@itbhu.ac.in','MN',2,'2015-05-03 06:58:41','B Tech\r'),(566,'Paras Sipani','14155050','paras.sipani.min14@itbhu.ac.in','MN',2,'2015-05-03 06:58:41','B Tech\r'),(567,'Aditya Kumar','14155006','aditya.kumar.min14@itbhu.ac.in','MN',2,'2015-05-03 06:58:41','B Tech\r'),(568,'Surya Prakash Tiwary','14155076','surya.ptiwary.min14@itbhu.ac.in','MN',2,'2015-05-03 06:58:41','B Tech\r'),(569,'Aman Kumar','14155011','aman.kumar.min14@itbhu.ac.in','MN',2,'2015-05-03 06:58:41','B Tech\r'),(570,'Rahul Kumar','14155057','rahul.kumar.min14@itbhu.ac.in','MN',2,'2015-05-03 06:58:41','B Tech\r'),(571,'Abhishek Singh Parihar','14155005','abhishek.sparihar.min14@itbhu.ac.in','MN',2,'2015-05-03 06:58:41','B Tech\r'),(572,'Billa Somesh Kumar','14155026','bsomesh.kumar.min14@itbhu.ac.in','MN',2,'2015-05-03 06:58:41','B Tech\r'),(573,'Bhognath Nayak','14155025','bhognath.nayak.min14@itbhu.ac.in','MN',2,'2015-05-03 06:58:41','B Tech\r'),(574,'Prashant Kumar Ojha','14155055','prashant.kojha.min14@itbhu.ac.in','MN',2,'2015-05-03 06:58:41','B Tech\r'),(575,'Anurag Bhilwad','14155014','anurag.bhilwad.min14@itbhu.ac.in','MN',2,'2015-05-03 06:58:41','B Tech\r'),(576,'Khushveer Singh','14155037','khushveer.singh.min14@itbhu.ac.in','MN',2,'2015-05-03 06:58:41','B Tech\r'),(577,'Jeet Parekh','14155036','jeet.parekh.min14@itbhu.ac.in','MN',2,'2015-05-03 06:58:41','B Tech\r'),(578,'Balbir','14155021','balbir.balbir.min14@itbhu.ac.in','MN',2,'2015-05-03 06:58:41','B Tech\r'),(579,'Balbir Yadav','14155022','balbir.yadav.min14@itbhu.ac.in','MN',2,'2015-05-03 06:58:41','B Tech\r'),(580,'Raja Anand','14155060','raja.anand.min14@itbhu.ac.in','MN',2,'2015-05-03 06:58:41','B Tech\r'),(581,'Paramata Suryatheja','14155049','paramata.suryatheja.min14@itbhu.ac.in','MN',2,'2015-05-03 06:58:41','B Tech\r'),(582,'Suraj Sain','14155075','suraj.sain.min14@itbhu.ac.in','MN',2,'2015-05-03 06:58:41','B Tech\r'),(583,'Pallav Chandra Sahu','14155048','pallav.csahu.min14@itbhu.ac.in','MN',2,'2015-05-03 06:58:41','B Tech\r'),(584,'Mahesh Kumar','14155041','mahesh.kr.min14@itbhu.ac.in','MN',2,'2015-05-03 06:58:41','B Tech\r'),(585,'Sandeep Yadav','14155067','sandeep.yadav.min14@itbhu.ac.in','MN',2,'2015-05-03 06:58:41','B Tech\r'),(586,'Ayush Agrawal','14155019','ayush.agrawal.min14@itbhu.ac.in','MN',2,'2015-05-03 06:58:41','B Tech\r'),(587,'Rishabh Gupta','14155065','rishabh.gupta.min14@itbhu.ac.in','MN',2,'2015-05-03 06:58:41','B Tech\r'),(588,'Rahul Kumar Meena','14155059','rahulk.meena.min14@itbhu.ac.in','MN',2,'2015-05-03 06:58:41','B Tech\r'),(589,'Mukesh Gurjar','14155045','mukesh.gurjar.min14@itbhu.ac.in','MN',2,'2015-05-03 06:58:41','B Tech\r'),(590,'Rajat Bhargava','14155061','rajat.bhargava.min14@itbhu.ac.in','MN',2,'2015-05-03 06:58:41','B Tech\r'),(591,'Gaurav Meena','14155030','gaurav.meena.min14@itbhu.ac.in','MN',2,'2015-05-03 06:58:41','B Tech\r'),(592,'Saurabh Patel','14155069','saurabh.patel.min14@itbhu.ac.in','MN',2,'2015-05-03 06:58:41','B Tech\r'),(593,'Daniyal Shabbir','14155028','daniyal.shabbir.min14@itbhu.ac.in','MN',2,'2015-05-03 06:58:41','B Tech\r'),(594,'Pawan Kumar Meena','14155052','pkumar.meena.min14@itbhu.ac.in','MN',2,'2015-05-03 06:58:41','B Tech\r'),(595,'Nilesh Raj','14155047','nilesh.raj.min14@itbhu.ac.in','MN',2,'2015-05-03 06:58:41','B Tech\r'),(596,'Akshay Sharma','14155009','akshay.sharma.min14@itbhu.ac.in','MN',2,'2015-05-03 06:58:41','B Tech\r'),(597,'Vikas Kumar Meena','14155077','vkumar.meena.min14@itbhu.ac.in','MN',2,'2015-05-03 06:58:41','B Tech\r'),(598,'Abhishek Bharti','14155002','abhishek.bharti.min14@itbhu.ac.in','MN',2,'2015-05-03 06:58:41','B Tech\r'),(599,'Parmeet','14155051','parmeet.parmeet.min14@itbhu.ac.in','MN',2,'2015-05-03 06:58:41','B Tech\r'),(600,'Arvind Meena','14155016','arvind.meena.min14@itbhu.ac.in','MN',2,'2015-05-03 06:58:41','B Tech\r'),(601,'Balla Jagadish','14155023','balla.jagadish.min14@itbhu.ac.in','MN',2,'2015-05-03 06:58:41','B Tech\r'),(602,'Asutosh Biswal','14155018','asutosh.biswal.min14@itbhu.ac.in','MN',2,'2015-05-03 06:58:41','B Tech\r'),(603,'Rajesh Kumar Meena','14155062','rkumar.meena.min14@itbhu.ac.in','MN',2,'2015-05-03 06:58:41','B Tech\r'),(604,'Shalender','14155070','shalender.s.min14@itbhu.ac.in','MN',2,'2015-05-03 06:58:41','B Tech\r'),(605,'Sarthak Khandelwal','14155068','sarthak.khandelwal.min14@itbhu.ac.in','MN',2,'2015-05-03 06:58:41','B Tech\r'),(606,'Rahul Kumar','14155058','rahulkr.rahul.min14@itbhu.ac.in','MN',2,'2015-05-03 06:58:41','B Tech\r'),(607,'Ayush Jaiswal','14155020','ayush.jaiswal.min14@itbhu.ac.in','MN',2,'2015-05-03 06:58:41','B Tech\r'),(608,'Harshit Goel','14155032','harshit.goel.min14@itbhu.ac.in','MN',2,'2015-05-03 06:58:41','B Tech\r'),(609,'Mr. Vishal Singh','14155079','vishal.singh.min14@itbhu.ac.in','MN',2,'2015-05-03 06:58:41','B Tech\r'),(610,'Lov Kumar','14155040','lov.kumar.min14@itbhu.ac.in','MN',2,'2015-05-03 06:58:41','B Tech\r'),(611,'Bharat','14155024','bharat.bharat.min14@itbhu.ac.in','MN',2,'2015-05-03 06:58:41','B Tech\r'),(612,'Kumar Ranvijay','14155038','kumar.ranvijay.min14@itbhu.ac.in','MN',2,'2015-05-03 06:58:41','B Tech\r'),(613,'Altamash Ghazi','14155010','altamash.ghazi.min14@itbhu.ac.in','MN',2,'2015-05-03 06:58:41','B Tech\r'),(614,'Shalini Kumari','14155071','shalini.kumari.min14@itbhu.ac.in','MN',2,'2015-05-03 06:58:41','B Tech\r'),(615,'Anubhav Sinha','14155013','anubhav.sinha.min14@itbhu.ac.in','MN',2,'2015-05-03 06:58:41','B Tech\r'),(616,'Rayinedi Sai Sunder','14155064','rsai.sunder.min14@itbhu.ac.in','MN',2,'2015-05-03 06:58:41','B Tech\r'),(617,'Mohammed Sayeed A P','14155044','msayeed.ap.min14@itbhu.ac.in','MN',2,'2015-05-03 06:58:41','B Tech\r'),(618,'E Akilan','14155029','e.akilan.min14@itbhu.ac.in','MN',2,'2015-05-03 06:58:41','B Tech\r'),(619,'Akash Chaurasia','14155008','akash.chaurasia.min14@itbhu.ac.in','MN',2,'2015-05-03 06:58:41','B Tech\r'),(620,'Shivam','14155073','shivam.shivam.min14@itbhu.ac.in','MN',2,'2015-05-03 06:58:41','B Tech\r'),(621,'Ishu Darshan','14155034','ishu.darshan.min14@itbhu.ac.in','MN',2,'2015-05-03 06:58:41','B Tech\r'),(622,'Aman Mishra','14155012','aman.mishra.min14@itbhu.ac.in','MN',2,'2015-05-03 06:58:41','B Tech\r'),(623,'Prem Kumar','14155056','premkr.prem.min14@itbhu.ac.in','MN',2,'2015-05-03 06:58:41','B Tech\r'),(624,'Aditya Solanki','14145002','aditya.solanki.met14@itbhu.ac.in','MT',2,'2015-05-03 06:58:41','B Tech\r'),(625,'Swati Rai','14145058','swati.rai.met14@itbhu.ac.in','MT',2,'2015-05-03 06:58:41','B Tech\r'),(626,'Md Shoeb Akhtar','14145031','mdshoeb.akhtar.met14@itbhu.ac.in','MT',2,'2015-05-03 06:58:41','B Tech\r'),(627,'Aditya Sarda','14145001','aditya.sarda.met14@itbhu.ac.in','MT',2,'2015-05-03 06:58:41','B Tech\r'),(628,'Rohit Suwalka','14145044','rohit.suwalka.met14@itbhu.ac.in','MT',2,'2015-05-03 06:58:41','B Tech\r'),(629,'Pritesh Bhatt','14145036','pritesh.bhatt.met14@itbhu.ac.in','MT',2,'2015-05-03 06:58:41','B Tech\r'),(630,'Ram Prabhat Kumar','14145041','ram.prabhatkr.met14@itbhu.ac.in','MT',2,'2015-05-03 06:58:41','B Tech\r'),(631,'Suvrat J. Mishra','14145057','suvrat.jmishra.met14@itbhu.ac.in','MT',2,'2015-05-03 06:58:41','B Tech\r'),(632,'Nidhi Kumari','14145034','nidhi.kumari.met14@itbhu.ac.in','MT',2,'2015-05-03 06:58:41','B Tech\r'),(633,'Vivek Gupta','14145064','vivek.gupta.met14@itbhu.ac.in','MT',2,'2015-05-03 06:58:41','B Tech\r'),(634,'Alok Priyadarshi','14145004','alok.priyadarshi.met14@itbhu.ac.in','MT',2,'2015-05-03 06:58:41','B Tech\r'),(635,'Rashi Chandola','14145042','rashi.chandola.met14@itbhu.ac.in','MT',2,'2015-05-03 06:58:41','B Tech\r'),(636,'Mohit Gupta','14145032','mohit.gupta.met14@itbhu.ac.in','MT',2,'2015-05-03 06:58:41','B Tech\r'),(637,'Saby S Varghese','14145045','saby.svarghese.met14@itbhu.ac.in','MT',2,'2015-05-03 06:58:41','B Tech\r'),(638,'Amit Gunjan','14145005','amit.gunjan.met14@itbhu.ac.in','MT',2,'2015-05-03 06:58:41','B Tech\r'),(639,'Durgesh Kumar','14145014','durgesh.kumar.met14@itbhu.ac.in','MT',2,'2015-05-03 06:58:41','B Tech\r'),(640,'Tanmoy Baidya','14145059','tanmoy.baidya.met14@itbhu.ac.in','MT',2,'2015-05-03 06:58:41','B Tech\r'),(641,'Sarthak Vijay','14145048','sarthak.vijay.met14@itbhu.ac.in','MT',2,'2015-05-03 06:58:41','B Tech\r'),(642,'Jayant Kumar Goyal','14145022','jayantkr.goyal.met14@itbhu.ac.in','MT',2,'2015-05-03 06:58:41','B Tech\r'),(643,'Ashwin Agrawal','14145010','ashwin.agrawal.met14@itbhu.ac.in','MT',2,'2015-05-03 06:58:41','B Tech\r'),(644,'Himanshu Gautam','14145021','himanshu.gautam.met14@itbhu.ac.in','MT',2,'2015-05-03 06:58:41','B Tech\r'),(645,'Anitya Gupta','14145007','anitya.gupta.met14@itbhu.ac.in','MT',2,'2015-05-03 06:58:41','B Tech\r'),(646,'Gautam Sidharth Narvane','14145017','gautam.snarvane.met14@itbhu.ac.in','MT',2,'2015-05-03 06:58:41','B Tech\r'),(647,'Anant Kumar','14145006','anant.kumar.met14@itbhu.ac.in','MT',2,'2015-05-03 06:58:41','B Tech\r'),(648,'Akhilesh Gautam','14145003','akhilesh.gautam.met14@itbhu.ac.in','MT',2,'2015-05-03 06:58:41','B Tech\r'),(649,'Sumit Jhanwar','14145054','sumit.jhanwar.met14@itbhu.ac.in','MT',2,'2015-05-03 06:58:41','B Tech\r'),(650,'Mayank Choudhary','14145030','mayank.choudhary.met14@itbhu.ac.in','MT',2,'2015-05-03 06:58:41','B Tech\r'),(651,'Lakshya Veer Singh Bhadoo','14145029','lakshya.vsb.met14@itbhu.ac.in','MT',2,'2015-05-03 06:58:41','B Tech\r'),(652,'Kartik Verma','14145024','kartik.verma.met14@itbhu.ac.in','MT',2,'2015-05-03 06:58:41','B Tech\r'),(653,'Harsh Dixit','14145020','harsh.dixit.met14@itbhu.ac.in','MT',2,'2015-05-03 06:58:41','B Tech\r'),(654,'Vishal Jatawat','14145063','vishal.jatawat.met14@itbhu.ac.in','MT',2,'2015-05-03 06:58:41','B Tech\r'),(655,'Kuldeep Rathore','14145028','kuldeep.rathore.met14@itbhu.ac.in','MT',2,'2015-05-03 06:58:41','B Tech\r'),(656,'Shubham Kumar Sisodiya','14145051','shubham.ksisodiya.met14@itbhu.ac.in','MT',2,'2015-05-03 06:58:41','B Tech\r'),(657,'Dhruv Goel','14145013','dhruv.goel.met14@itbhu.ac.in','MT',2,'2015-05-03 06:58:41','B Tech\r'),(658,'Shubham Sanjay Wankar','14145052','ssanjay.wankar.met14@itbhu.ac.in','MT',2,'2015-05-03 06:58:41','B Tech\r'),(659,'Saransh Chauhan','14145047','saransh.chauhan.met14@itbhu.ac.in','MT',2,'2015-05-03 06:58:41','B Tech\r'),(660,'Ashutosh Meena','14145009','ashutosh.meena.met14@itbhu.ac.in','MT',2,'2015-05-03 06:58:41','B Tech\r'),(661,'Shivam Pratap Singh','14145050','spratap.singh.met14@itbhu.ac.in','MT',2,'2015-05-03 06:58:41','B Tech\r'),(662,'Kandrakonda Jagadeesh Siddardha','14145023','kj.siddardha.met14@itbhu.ac.in','MT',2,'2015-05-03 06:58:41','B Tech\r'),(663,'Shubham Shekhar Jha','14145053','sshekhar.jha.met14@itbhu.ac.in','MT',2,'2015-05-03 06:58:41','B Tech\r'),(664,'Sushil Chandra Mardi','14145056','sushil.cmardi.met14@itbhu.ac.in','MT',2,'2015-05-03 06:58:41','B Tech\r'),(665,'Archit Agarwal','14145008','archit.agarwal.met14@itbhu.ac.in','MT',2,'2015-05-03 06:58:41','B Tech\r'),(666,'Suresh Kumar Meena','14145055','suresh.krmeena.met14@itbhu.ac.in','MT',2,'2015-05-03 06:58:41','B Tech\r'),(667,'Khare Aditya Rameshchandra','14145026','kaditya.ramesh.met14@itbhu.ac.in','MT',2,'2015-05-03 06:58:41','B Tech\r'),(668,'Gaurav Agrawal','14145015','gaurav.agrawal.met14@itbhu.ac.in','MT',2,'2015-05-03 06:58:41','B Tech\r'),(669,'Kaushik Sinha','14145025','kaushik.sinha.met14@itbhu.ac.in','MT',2,'2015-05-03 06:58:41','B Tech\r'),(670,'Kota Saidulu Druva','14145027','ksaidulu.druva.met14@itbhu.ac.in','MT',2,'2015-05-03 06:58:41','B Tech\r'),(671,'Mr. Rahul Barha','14145037','rahul.barha.met14@itbhu.ac.in','MT',2,'2015-05-03 06:58:41','B Tech\r'),(672,'Rajnish Kumar','14145039','rajnish.kumar.met14@itbhu.ac.in','MT',2,'2015-05-03 06:58:41','B Tech\r'),(673,'Mr. Sanjeev Kumar','14145046','sanjeev.kumar.met14@itbhu.ac.in','MT',2,'2015-05-03 06:58:41','B Tech\r'),(674,'Dhiraj Kumar Mahato','14145012','dhirajkr.mahato.met14@itbhu.ac.in','MT',2,'2015-05-03 06:58:41','B Tech\r'),(675,'Ayushi Jain','14145011','ayushi.jain.met14@itbhu.ac.in','MT',2,'2015-05-03 06:58:41','B Tech\r'),(676,'Gopal Jee Patel','14155031','gopal.jeepatel.min14@itbhu.ac.in','MT',2,'2015-05-03 06:58:41','B Tech\r'),(677,'Raut Gaurav Dilip','14145043','rgaurav.dilip.met14@itbhu.ac.in','MT',2,'2015-05-03 06:58:41','B Tech\r'),(678,'Pallav','14145035','pallav.pallav.met14@itbhu.ac.in','MT',2,'2015-05-03 06:58:41','B Tech\r'),(679,'Gilakathula Yeshwanth','14145018','gilakathula.yeshwanth.met14@itbhu.ac.in','MT',2,'2015-05-03 06:58:41','B Tech\r'),(680,'Vedant Singh','14145062','vedant.singh.met14@itbhu.ac.in','MT',2,'2015-05-03 06:58:41','B Tech\r'),(681,'Rahul Kumar','14145038','rahulkr.kumar.met14@itbhu.ac.in','MT',2,'2015-05-03 06:58:41','B Tech\r'),(682,'Shashwat Sinha','14145049','shashwat.sinha.met14@itbhu.ac.in','MT',2,'2015-05-03 06:58:41','B Tech\r'),(683,'Govind Madhav Keshari','14145019','govind.mkeshari.met14@itbhu.ac.in','MT',2,'2015-05-03 06:58:41','B Tech\r'),(684,'Gaurav Somani','14145016','gaurav.somani.met14@itbhu.ac.in','MT',2,'2015-05-03 06:58:41','B Tech\r'),(685,'Upmaka Uma Sai','14145060','upmaka.umasai.met14@itbhu.ac.in','MT',2,'2015-05-03 06:58:41','B Tech\r'),(686,'Mrityunjay Saxena','14145033','mrityunjay.saxena.met14@itbhu.ac.in','MT',2,'2015-05-03 06:58:41','B Tech\r'),(687,'Vaibhav Saini','14145061','vaibhav.saini.met14@itbhu.ac.in','MT',2,'2015-05-03 06:58:41','B Tech\r'),(688,'Ram Pal Singh','14145040','rampal.singh.met14@itbhu.ac.in','MT',2,'2015-05-03 06:58:41','B Tech\r'),(689,'Surendra Kumar Godara','14165013','surendra.kgodara.phe14@itbhu.ac.in','PH',2,'2015-05-03 06:58:41','B Pharm\r'),(690,'Prince Kumar','14165009','prince.kumar.phe14@itbhu.ac.in','PH',2,'2015-05-03 06:58:41','B Pharm\r'),(691,'Mukul Kumar','14165006','mukul.kumar.phe14@itbhu.ac.in','PH',2,'2015-05-03 06:58:41','B Pharm\r'),(692,'Hari Raviteja','14165004','hari.raviteja.phe14@itbhu.ac.in','PH',2,'2015-05-03 06:58:41','B Pharm\r'),(693,'Chetan Buye','14165002','chetan.buye.phe14@itbhu.ac.in','PH',2,'2015-05-03 06:58:41','B Pharm\r'),(694,'Deepak Raj','14165003','deepak.raj.phe14@itbhu.ac.in','PH',2,'2015-05-03 06:58:41','B Pharm\r'),(695,'Thotada Navya','14165014','thotada.navya.phe14@itbhu.ac.in','PH',2,'2015-05-03 06:58:41','B Pharm\r'),(696,'Nitin Vaidya','14165007','nitin.vaidya.phe14@itbhu.ac.in','PH',2,'2015-05-03 06:58:41','B Pharm\r'),(697,'Kanakam Praveenkumar','14165005','kanakam.praveenkumar.phe14@itbhu.ac.in','PH',2,'2015-05-03 06:58:41','B Pharm\r'),(698,'Pavankumar Ramesh Jadhao','14165008','pavankumar.ramesh.phe14@itbhu.ac.in','PH',2,'2015-05-03 06:58:41','B Pharm\r'),(699,'Ankur Jyoti Saikia','14165001','ankur.jsaikia.phe14@itbhu.ac.in','PH',2,'2015-05-03 06:58:41','B Pharm\r'),(700,'Shriya Singh','14165011','shriya.singh.phe14@itbhu.ac.in','PH',2,'2015-05-03 06:58:41','B Pharm\r'),(701,'Saif Arshad Khan','14165010','saif.akhan.phe14@itbhu.ac.in','PH',2,'2015-05-03 06:58:41','B Pharm\r'),(702,'Zille Ali','14165016','zille.ali.phe14@itbhu.ac.in','PH',2,'2015-05-03 06:58:41','B Pharm\r'),(703,'Vaibhav Raj','14165015','vaibhav.raj.phe14@itbhu.ac.in','PH',2,'2015-05-03 06:58:41','B Pharm\r'),(704,'Siddhant Kumar Singh','14165012','siddhantk.singh.phe14@itbhu.ac.in','PH',2,'2015-05-03 06:58:41','B Pharm\r'),(705,'Yogesh Singh Danu','14014012','yogesh.sdanu.bce14@itbhu.ac.in','BC',2,'2015-05-03 06:58:41','B Tech\r'),(706,'Prashant Sharma','14014006','prashant.sharma.bce14@itbhu.ac.in','BC',2,'2015-05-03 06:58:41','B Tech\r'),(707,'Sampriti Mitra','14014008','sampriti.mitra.bce14@itbhu.ac.in','BC',2,'2015-05-03 06:58:41','B Tech\r'),(708,'Kinshuk Sahu','14014004','kinshuk.sahu.bce14@itbhu.ac.in','BC',2,'2015-05-03 06:58:41','B Tech\r'),(709,'Ashay Shukla','14014001','ashay.shukla.bce14@itbhu.ac.in','BC',2,'2015-05-03 06:58:41','B Tech\r'),(710,'Sunny Kumar','14014010','sunny.kumar.bce14@itbhu.ac.in','BC',2,'2015-05-03 06:58:41','B Tech\r'),(711,'Kethe Sri Naga Vijay','14014003','krn.vijay.bce14@itbhu.ac.in','BC',2,'2015-05-03 06:58:41','B Tech\r'),(712,'Rahul Ranjan','14014007','rahul.ranjan.bce14@itbhu.ac.in','BC',2,'2015-05-03 06:58:41','B Tech\r'),(713,'Mayank Kumar Singh','14014005','mayank.kumars.bce14@itbhu.ac.in','BC',2,'2015-05-03 06:58:41','B Tech\r'),(714,'Sanny Kumar Sahani','14014009','sanny.ksahani.bce14@itbhu.ac.in','BC',2,'2015-05-03 06:58:41','B Tech\r'),(715,'Gaurav Meena','14014002','gaurav.meena.bce14@itbhu.ac.in','BC',2,'2015-05-03 06:58:41','B Tech\r'),(716,'Mr. Vikas Kumar Meena','14014011','vikask.meena.bce14@itbhu.ac.in','BC',2,'2015-05-03 06:58:41','B Tech\r'),(717,'Srishti','14024010','srishti.student.bme14@itbhu.ac.in','BM ',2,'2015-05-03 06:58:41','IMD\r'),(718,'Mr. N Sai Hemanth','14024006','nsai.hemanth.bme14@itbhu.ac.in','BM ',2,'2015-05-03 06:58:41','IMD\r'),(719,'Mr. Surendra Meena','14024011','surendra.meena.bme14@itbhu.ac.in','BM ',2,'2015-05-03 06:58:41','IMD\r'),(720,'Kummari Rakesh','14155039','kummari.rakesh.min14@itbhu.ac.in','BM ',2,'2015-05-03 06:58:41','IMD\r'),(721,'Shivam Garg','14024008','shivam.garg.bme14@itbhu.ac.in','BM ',2,'2015-05-03 06:58:41','IMD\r'),(722,'Aaditya Sridharan','14024001','aaditya.sridharan.bme14@itbhu.ac.in','BM ',2,'2015-05-03 06:58:41','IMD\r'),(723,'Soni Deep Rajeshkumar','14024009','sdeep.rajeshkumar.bme14@itbhu.ac.in','BM ',2,'2015-05-03 06:58:41','IMD\r'),(724,'Agarwal Piyush Sunil','14024003','apiyush.sunil.bme14@itbhu.ac.in','BM ',2,'2015-05-03 06:58:41','IMD\r'),(725,'Ajeet Kumar Yadav','14024004','ajeet.kryadav.bme14@itbhu.ac.in','BM ',2,'2015-05-03 06:58:41','IMD\r'),(726,'Abhishek Kushwaha','14024002','abhishek.kushwaha.bme14@itbhu.ac.in','BM ',2,'2015-05-03 06:58:41','IMD\r'),(727,'Nikhil Dhaka','14024007','nikhil.dhaka.bme14@itbhu.ac.in','BM ',2,'2015-05-03 06:58:41','IMD\r'),(728,'Anjali Singh Rathour','14024005','anjali.srathour.bme14@itbhu.ac.in','BM ',2,'2015-05-03 06:58:41','IMD\r'),(729,'Akash Agrawal','14034001','akash.agrawal.cer14@itbhu.ac.in','CR ',2,'2015-05-03 06:58:41','IDD\r'),(730,'Ayush Jain','14034005','ayush.jain.cer14@itbhu.ac.in','CR ',2,'2015-05-03 06:58:41','IDD\r'),(731,'Sourabh Garg','14034009','sourabh.garg.cer14@itbhu.ac.in','CR ',2,'2015-05-03 06:58:41','IDD\r'),(732,'Anand Seth Khatri','14034002','anand.skhatri.cer14@itbhu.ac.in','CR ',2,'2015-05-03 06:58:41','IDD\r'),(733,'Joseph Sushil','14034007','joseph.sushil.cer14@itbhu.ac.in','CR ',2,'2015-05-03 06:58:41','IDD\r'),(734,'Navya Yadav','14034008','navya.yadav.cer14@itbhu.ac.in','CR ',2,'2015-05-03 06:58:41','IDD\r'),(735,'Ankit Pal','14034003','ankit.pal.cer14@itbhu.ac.in','CR ',2,'2015-05-03 06:58:41','IDD\r'),(736,'Ankush Kumar','14034004','ankush.kumar.cer14@itbhu.ac.in','CR ',2,'2015-05-03 06:58:41','IDD\r'),(737,'Himanshu Raj','14034006','himanshu.raj.cer14@itbhu.ac.in','CR ',2,'2015-05-03 06:58:41','IDD\r'),(738,'Lalatendu Mishra','14064009','lalatendu.mishra.civ14@itbhu.ac.in','CE ',2,'2015-05-03 06:58:41','IDD\r'),(739,'Konda Kalyankumar Reddy','14064007','konda.kreddy.civ14@itbhu.ac.in','CE ',2,'2015-05-03 06:58:41','IDD\r'),(740,'Rajat Agrawal','14064014','rajat.agrawal.civ14@itbhu.ac.in','CE ',2,'2015-05-03 06:58:41','IDD\r'),(741,'Arpit Bhardwaj','14064004','arpit.bhardwaj.civ14@itbhu.ac.in','CE ',2,'2015-05-03 06:58:41','IDD\r'),(742,'Pulkit Mittal','14064012','pulkit.mittal.civ14@itbhu.ac.in','CE ',2,'2015-05-03 06:58:41','IDD\r'),(743,'Rajat Kumar','14064015','rajat.kumar.civ14@itbhu.ac.in','CE ',2,'2015-05-03 06:58:41','IDD\r'),(744,'Rachit Bagga','14064013','rachit.bagga.civ14@itbhu.ac.in','CE ',2,'2015-05-03 06:58:41','IDD\r'),(745,'Anand Babu','14064003','anand.babu.civ14@itbhu.ac.in','CE ',2,'2015-05-03 06:58:41','IDD\r'),(746,'Shams Ahmed','14064018','shams.ahmed.civ14@itbhu.ac.in','CE ',2,'2015-05-03 06:58:41','IDD\r'),(747,'Pradeep Patel','14064011','pradeep.patel.civ14@itbhu.ac.in','CE ',2,'2015-05-03 06:58:41','IDD\r'),(748,'Vaibhav Ratnam','14064019','vaibhav.ratnam.civ14@itbhu.ac.in','CE ',2,'2015-05-03 06:58:41','IDD\r'),(749,'Nikhil Choudhary','14064010','nikhil.choudhary.civ14@itbhu.ac.in','CE ',2,'2015-05-03 06:58:41','IDD\r'),(750,'Kumar Anunay','14064008','kumar.anunay.civ14@itbhu.ac.in','CE ',2,'2015-05-03 06:58:41','IDD\r'),(751,'Rishab Malav','14064016','rishab.malav.civ14@itbhu.ac.in','CE ',2,'2015-05-03 06:58:41','IDD\r'),(752,'Satish Anand','14064017','satish.anand.civ14@itbhu.ac.in','CE ',2,'2015-05-03 06:58:41','IDD\r'),(753,'Abhishek Kumar','14064001','abhishek.kumar.civ14@itbhu.ac.in','CE ',2,'2015-05-03 06:58:41','IDD\r'),(754,'Akash Kumar Bharti','14064002','akash.kbharti.civ14@itbhu.ac.in','CE ',2,'2015-05-03 06:58:41','IDD\r'),(755,'Ashish Kumar Bagde','14064005','ashish.kbagde.civ14@itbhu.ac.in','CE ',2,'2015-05-03 06:58:41','IDD\r'),(756,'Harish Meena','14064006','harish.meena.civ14@itbhu.ac.in','CE ',2,'2015-05-03 06:58:41','IDD\r'),(757,'Ishank Arora','14074009','ishank.arora.cse14@itbhu.ac.in','CS ',2,'2015-05-03 06:58:41','IDD\r'),(758,'Anubhav Gupta','14074002','anubhav.gupta.cse14@itbhu.ac.in','CS ',2,'2015-05-03 06:58:41','IDD\r'),(759,'Shivendra Kumar','14074014','shivendra.kumar.cse14@itbhu.ac.in','CS ',2,'2015-05-03 06:58:41','IDD\r'),(760,'Rishabh Agarwal','14074011','rishabh.agarwal.cse14@itbhu.ac.in','CS ',2,'2015-05-03 06:58:41','IDD\r'),(761,'Diksha Shrivastava','14074007','diksha.shrivastava.cse14@itbhu.ac.in','CS ',2,'2015-05-03 06:58:41','IDD\r'),(762,'Avijit Thawani','14074004','avijit.thawani.cse14@itbhu.ac.in','CS ',2,'2015-05-03 06:58:41','IDD\r'),(763,'Robin Khurana','14074012','robin.khurana.cse14@itbhu.ac.in','CS ',2,'2015-05-03 06:58:41','IDD\r'),(764,'Babloo Kumar','14074005','babloo.kumar.cse14@itbhu.ac.in','CS ',2,'2015-05-03 06:58:41','IDD\r'),(765,'Shadab Sarvar','14074013','shadab.sarvar.cse14@itbhu.ac.in','CS ',2,'2015-05-03 06:58:41','IDD\r'),(766,'Faizan Uddin Fahad Khan','14074008','fufahad.khan.cse14@itbhu.ac.in','CS ',2,'2015-05-03 06:58:41','IDD\r'),(767,'Anandita','14074001','anandita.student.cse14@itbhu.ac.in','CS ',2,'2015-05-03 06:58:41','IDD\r'),(768,'Ashish Kumar','14074003','ashish.kumar.cse14@itbhu.ac.in','CS ',2,'2015-05-03 06:58:41','IDD\r'),(769,'Devesh Manjhi','14074006','devesh.manjhi.cse14@itbhu.ac.in','CS ',2,'2015-05-03 06:58:41','IDD\r'),(770,'Shivendra Yadav','14074015','shivendra.yadav.cse14@itbhu.ac.in','CS ',2,'2015-05-03 06:58:41','IDD\r'),(771,'Mr. Pranshu Kumar','14074010','pranshu.kr.cse14@itbhu.ac.in','CS ',2,'2015-05-03 06:58:41','IDD\r'),(772,'Vinayaka Batwara','14074016','vinayaka.batwara.cse14@itbhu.ac.in','CS ',2,'2015-05-03 06:58:41','IDD\r'),(773,'Nimishkumar Chaudhari','14084014','nimishkumar.chaudhari.eee14@itbhu.ac.in','EE ',2,'2015-05-03 06:58:41','IDD\r'),(774,'Ashok Meena','14084007','ashok.meena.eee14@itbhu.ac.in','EE ',2,'2015-05-03 06:58:41','IDD\r'),(775,'Sayantan Roy Chowdhury','14084018','sayantan.rchowdhury.eee14@itbhu.ac.in','EE ',2,'2015-05-03 06:58:41','IDD\r'),(776,'Sakre Shashank Subhash','14084017','sakre.ssubhash.eee14@itbhu.ac.in','EE ',2,'2015-05-03 06:58:41','IDD\r'),(777,'Apurve Dave','14084004','apurve.dave.eee14@itbhu.ac.in','EE ',2,'2015-05-03 06:58:41','IDD\r'),(778,'Ashish Agarwal','14084006','ashish.agarwal.eee14@itbhu.ac.in','EE ',2,'2015-05-03 06:58:41','IDD\r'),(779,'Ishkaran Mangat','14084010','ishkaran.mangat.eee14@itbhu.ac.in','EE ',2,'2015-05-03 06:58:41','IDD\r'),(780,'Yash Khandelwal','14084020','yash.khandelwal.eee14@itbhu.ac.in','EE ',2,'2015-05-03 06:58:41','IDD\r'),(781,'Aman Pratik','14084002','aman.pratik.eee14@itbhu.ac.in','EE ',2,'2015-05-03 06:58:41','IDD\r'),(782,'Siddharth Bhattacharya','14084019','siddharth.bhattacharya.eee14@itbhu.ac.in','EE ',2,'2015-05-03 06:58:41','IDD\r'),(783,'Naveen Kumar Singh','14084013','naveen.krsingh.eee14@itbhu.ac.in','EE ',2,'2015-05-03 06:58:41','IDD\r'),(784,'Amit Pandey','14084003','amit.pandey.eee14@itbhu.ac.in','EE ',2,'2015-05-03 06:58:41','IDD\r'),(785,'Abinash Sahoo','14084001','abinash.sahoo.eee14@itbhu.ac.in','EE ',2,'2015-05-03 06:58:41','IDD\r'),(786,'Sachin Kumawat','14084016','sachin.kumawat.eee14@itbhu.ac.in','EE ',2,'2015-05-03 06:58:41','IDD\r'),(787,'Nitish Kumar','14084015','nitish.kumar.eee14@itbhu.ac.in','EE ',2,'2015-05-03 06:58:41','IDD\r'),(788,'Kunal Kumar','14084012','kunal.kumar.eee14@itbhu.ac.in','EE ',2,'2015-05-03 06:58:41','IDD\r'),(789,'Kartik Rathee','14084011','kartik.rathee.eee14@itbhu.ac.in','EE ',2,'2015-05-03 06:58:41','IDD\r'),(790,'Athawale Subodh','14084008','athawale.subodh.eee14@itbhu.ac.in','EE ',2,'2015-05-03 06:58:41','IDD\r'),(791,'Deepak Chaudhary','14084009','deepak.chaudhary.eee14@itbhu.ac.in','EE ',2,'2015-05-03 06:58:41','IDD\r'),(792,'Arghya Halder','14084005','arghya.halder.eee14@itbhu.ac.in','EE ',2,'2015-05-03 06:58:41','IDD\r'),(793,'Payal Chaudhary','14114008','payal.chaudhary.mst14@itbhu.ac.in','MS ',2,'2015-05-03 06:58:41','IDD\r'),(794,'Prakhar Rastogi','14114009','prakhar.rastogi.mst14@itbhu.ac.in','MS ',2,'2015-05-03 06:58:41','IDD\r'),(795,'Anant Gowadiya','14114003','anant.gowadiya.mst14@itbhu.ac.in','MS ',2,'2015-05-03 06:58:41','IDD\r'),(796,'Aayush Voleti','14114002','aayush.voleti.mst14@itbhu.ac.in','MS ',2,'2015-05-03 06:58:41','IDD\r'),(797,'Kushagra Agarwal','14114007','kushagra.agarwal.mst14@itbhu.ac.in','MS ',2,'2015-05-03 06:58:41','IDD\r'),(798,'Shashwat Sinha','14114011','shashwat.sinha.mst14@itbhu.ac.in','MS ',2,'2015-05-03 06:58:41','IDD\r'),(799,'Rajat Kumar Singh Thainuan','14114010','rajat.ksingh.mst14@itbhu.ac.in','MS ',2,'2015-05-03 06:58:41','IDD\r'),(800,'Jyotsna Nagaprasad Ambekar','14114006','jyotsna.nambekar.mst14@itbhu.ac.in','MS ',2,'2015-05-03 06:58:41','IDD\r'),(801,'Aakash','14114001','aakash.student.mst14@itbhu.ac.in','MS ',2,'2015-05-03 06:58:41','IDD\r'),(802,'Vishal Kumar Choudhary','14114012','vishal.kchoudhary.mst14@itbhu.ac.in','MS ',2,'2015-05-03 06:58:41','IDD\r'),(803,'Ankita Uikey','14114004','ankita.uikey.mst14@itbhu.ac.in','MS ',2,'2015-05-03 06:58:41','IDD\r'),(804,'Ashish Minz','14114005','ashish.minz.mst14@itbhu.ac.in','MS ',2,'2015-05-03 06:58:41','IDD\r'),(805,'Vikash Kumar','14134017','vikash.kumar.mec14@itbhu.ac.in','ME ',2,'2015-05-03 06:58:41','IDD\r'),(806,'Shubham Siddhishree Sah','14134014','shubham.sah.mec14@itbhu.ac.in','ME ',2,'2015-05-03 06:58:41','IDD\r'),(807,'Prateek Chopra','14134009','prateek.chopra.mec14@itbhu.ac.in','ME ',2,'2015-05-03 06:58:41','IDD\r'),(808,'Pranav Joshi','14134008','pranav.joshi.mec14@itbhu.ac.in','ME ',2,'2015-05-03 06:58:41','IDD\r'),(809,'Ritesh Gupta','14134011','ritesh.gupta.mec14@itbhu.ac.in','ME ',2,'2015-05-03 06:58:41','IDD\r'),(810,'Yash Mittal','14134019','yash.mittal.mec14@itbhu.ac.in','ME ',2,'2015-05-03 06:58:41','IDD\r'),(811,'Himanshu Dabral','14134003','himanshu.dabral.mec14@itbhu.ac.in','ME ',2,'2015-05-03 06:58:41','IDD\r'),(812,'Saarthak Dwivedi','14134012','saarthak.dwivedi.mec14@itbhu.ac.in','ME ',2,'2015-05-03 06:58:41','IDD\r'),(813,'Aryan Dilip Choudhary','14134002','aryan.dilip.mec14@itbhu.ac.in','ME ',2,'2015-05-03 06:58:41','IDD\r'),(814,'Kunal Rawat','14134005','kunal.rawat.mec14@itbhu.ac.in','ME ',2,'2015-05-03 06:58:41','IDD\r'),(815,'Mummina Prashanth Sai','14134006','mprashanth.sai.mec14@itbhu.ac.in','ME ',2,'2015-05-03 06:58:41','IDD\r'),(816,'K V S Anuraag','14134004','kvs.anuraag.mec14@itbhu.ac.in','ME ',2,'2015-05-03 06:58:41','IDD\r'),(817,'Nayan Kumar Singh','14134007','nayan.ksingh.mec14@itbhu.ac.in','ME ',2,'2015-05-03 06:58:41','IDD\r'),(818,'Sudhir Narwal','14134016','sudhir.narwal.mec14@itbhu.ac.in','ME ',2,'2015-05-03 06:58:41','IDD\r'),(819,'Sanjeev Kumar','14134013','sanjeev.kumar.mec14@itbhu.ac.in','ME ',2,'2015-05-03 06:58:41','IDD\r'),(820,'Subhraneel Biswas','14134015','subhraneel.biswas.mec14@itbhu.ac.in','ME ',2,'2015-05-03 06:58:41','IDD\r'),(821,'Rakesh Uikey','14134010','rakesh.uikey.mec14@itbhu.ac.in','ME ',2,'2015-05-03 06:58:41','IDD\r'),(822,'Vikram Singh Rana','14134018','vikram.srana.mec14@itbhu.ac.in','ME ',2,'2015-05-03 06:58:41','IDD\r'),(823,'Naveen Kumar','14144008','naveen.kumar.met14@itbhu.ac.in','MT ',2,'2015-05-03 06:58:41','IDD\r'),(824,'Himanshu Dutt','14144005','himanshu.dutt.met14@itbhu.ac.in','MT ',2,'2015-05-03 06:58:41','IDD\r'),(825,'Shashank Agarwal','14144014','shashank.agarwal.met14@itbhu.ac.in','MT ',2,'2015-05-03 06:58:41','IDD\r'),(826,'Harsh Vardhan Singh','14144004','harshvardhan.singh.met14@itbhu.ac.in','MT ',2,'2015-05-03 06:58:41','IDD\r'),(827,'Mane Shubham Pradip','14144006','mshubham.pradip.met14@itbhu.ac.in','MT ',2,'2015-05-03 06:58:41','IDD\r'),(828,'Brahmandam Venkata Sai Akhil','14144001','bvenkata.akhil.met14@itbhu.ac.in','MT ',2,'2015-05-03 06:58:41','IDD\r'),(829,'Rohan Kumar Agarwal','14144011','rohan.kagarwal.met14@itbhu.ac.in','MT ',2,'2015-05-03 06:58:41','IDD\r'),(830,'Suryansh Garg','14144017','suryansh.garg.met14@itbhu.ac.in','MT ',2,'2015-05-03 06:58:41','IDD\r'),(831,'Rohit Kumar Singh','14144012','rohit.ksingh.met14@itbhu.ac.in','MT ',2,'2015-05-03 06:58:41','IDD\r'),(832,'Manish Tak','14144007','manish.tak.met14@itbhu.ac.in','MT ',2,'2015-05-03 06:58:41','IDD\r'),(833,'Nikhil Singh','14144009','nikhil.singh.met14@itbhu.ac.in','MT ',2,'2015-05-03 06:58:41','IDD\r'),(834,'Premjeet Kumar Sherawali','14144010','premjeet.ksherawali.met14@itbhu.ac.in','MT ',2,'2015-05-03 06:58:41','IDD\r'),(835,'Tushar Borekar','14144018','tushar.borekar.met14@itbhu.ac.in','MT ',2,'2015-05-03 06:58:41','IDD\r'),(836,'Shiv Shankar','14144015','shiv.shankar.met14@itbhu.ac.in','MT ',2,'2015-05-03 06:58:41','IDD\r'),(837,'Ganne Ketan Balaji','14144003','gketan.balaji.met14@itbhu.ac.in','MT ',2,'2015-05-03 06:58:41','IDD\r'),(838,'Yendrembam Manoj Singh','14144019','ymanoj.singh.met14@itbhu.ac.in','MT ',2,'2015-05-03 06:58:41','IDD\r'),(839,'Sanchit Verma','14144013','sanchit.verma.met14@itbhu.ac.in','MT ',2,'2015-05-03 06:58:41','IDD\r'),(840,'Chhatramani Singh','14144002','chhatramani.singh.met14@itbhu.ac.in','MT ',2,'2015-05-03 06:58:41','IDD\r'),(841,'Sriram Amgoth','14144016','sriram.amgoth.met14@itbhu.ac.in','MT ',2,'2015-05-03 06:58:41','IDD\r'),(842,'Jagtap Tanmay Manoj','14154005','jtanmay.manoj.min14@itbhu.ac.in','MN ',2,'2015-05-03 06:58:41','IDD\r'),(843,'Spandan Roy','14154009','spandan.roy.min14@itbhu.ac.in','MN ',2,'2015-05-03 06:58:41','IDD\r'),(844,'Shubham Shrinath','14154008','shubham.shrinath.min14@itbhu.ac.in','MN ',2,'2015-05-03 06:58:41','IDD\r'),(845,'Himanshu Kumar','14154004','himanshu.kumar.min14@itbhu.ac.in','MN ',2,'2015-05-03 06:58:41','IDD\r'),(846,'Sachin Verma','14154006','sachin.verma.min14@itbhu.ac.in','MN ',2,'2015-05-03 06:58:41','IDD\r'),(847,'Bodda Prabhu Prem Kumar','14154003','prabhu.premkumar.min14@itbhu.ac.in','MN ',2,'2015-05-03 06:58:41','IDD\r'),(848,'Ankit Raj','14154001','ankit.raj.min14@itbhu.ac.in','MN ',2,'2015-05-03 06:58:41','IDD\r'),(849,'Bayyarapu Manoj Kumar','14154002','bmanoj.kumar.min14@itbhu.ac.in','MN ',2,'2015-05-03 06:58:41','IDD\r'),(850,'Shubham Meena','14154007','shubham.meena.min14@itbhu.ac.in','MN ',2,'2015-05-03 06:58:41','IDD\r'),(851,'Aryan Islam Rocky','14173003','aryan.irocky.phy14@itbhu.ac.in','PY ',2,'2015-05-03 06:58:41','IMD\r'),(852,'Anandakrishnan J','14173002','anandakrishnan.j.phy14@itbhu.ac.in','PY ',2,'2015-05-03 06:58:41','IMD\r'),(853,'Subhaya Bose','14173013','subhaya.bose.phy14@itbhu.ac.in','PY ',2,'2015-05-03 06:58:41','IMD\r'),(854,'Soumyadeep Das','14173012','soumyadeep.das.phy14@itbhu.ac.in','PY ',2,'2015-05-03 06:58:41','IMD\r'),(855,'Shyam Harimohan Menon','14173011','shyam.hmenon.phy14@itbhu.ac.in','PY ',2,'2015-05-03 06:58:41','IMD\r'),(856,'Peela Kartheek','14173009','peela.kartheek.phy14@itbhu.ac.in','PY ',2,'2015-05-03 06:58:41','IMD\r'),(857,'Abhinav Kumar Singh','14173001','abhinav.ksingh.phy14@itbhu.ac.in','PY ',2,'2015-05-03 06:58:41','IMD\r'),(858,'Ninad Kailas Dongre','14173008','ninad.kdongre.phy14@itbhu.ac.in','PY ',2,'2015-05-03 06:58:41','IMD\r'),(859,'Vishnu Vijayakumar','14173014','vishnu.vkumar.phy14@itbhu.ac.in','PY ',2,'2015-05-03 06:58:41','IMD\r'),(860,'Nikhil Kumar Bhondekar','14173007','nikhil.kumar.phy14@itbhu.ac.in','PY ',2,'2015-05-03 06:58:41','IMD\r'),(861,'Jayraj Rohit','14173005','jayraj.rohit.phy14@itbhu.ac.in','PY ',2,'2015-05-03 06:58:41','IMD\r'),(862,'Dipanshu Kasade','14173004','dipanshu.kasade.phy14@itbhu.ac.in','PY ',2,'2015-05-03 06:58:41','IMD\r'),(863,'Neel Rathore','14173006','neel.rathore.phy14@itbhu.ac.in','PY ',2,'2015-05-03 06:58:41','IMD\r'),(864,'Shubham Lakhotia','14173010','shubham.lakhotia.phy14@itbhu.ac.in','PY ',2,'2015-05-03 06:58:41','IMD\r'),(865,'Sachin Goyal','14053008','sachin.goyal.chy14@itbhu.ac.in','CY ',2,'2015-05-03 06:58:41','IMD\r'),(866,'Titto Sunil John','14053013','sunil.john.chy14@itbhu.ac.in','CY ',2,'2015-05-03 06:58:41','IMD\r'),(867,'Dakshi Suri','14053003','dakshi.suri.chy14@itbhu.ac.in','CY ',2,'2015-05-03 06:58:41','IMD\r'),(868,'Jain Yash Manoj','14053005','jyash.manoj.chy14@itbhu.ac.in','CY ',2,'2015-05-03 06:58:41','IMD\r'),(869,'Shreemoyee Sarkar','14053010','shreemoyee.sarkar.chy14@itbhu.ac.in','CY ',2,'2015-05-03 06:58:41','IMD\r'),(870,'Joshi Prathamesh Ganesh','14053006','joshi.pganesh.chy14@itbhu.ac.in','CY ',2,'2015-05-03 06:58:41','IMD\r'),(871,'Shreya Mathur','14053011','shreya.mathur.chy14@itbhu.ac.in','CY ',2,'2015-05-03 06:58:41','IMD\r'),(872,'Devender','14053004','devender.chy14@itbhu.ac.in','CY ',2,'2015-05-03 06:58:41','IMD\r'),(873,'Praveen Chaudhary','14053007','praveen.chaudhary.chy14@itbhu.ac.in','CY ',2,'2015-05-03 06:58:41','IMD\r'),(874,'Shivam Sahu','14053009','shivam.sahu.chy14@itbhu.ac.in','CY ',2,'2015-05-03 06:58:41','IMD\r'),(875,'D Indu Priya','14053002','indu.priya.chy14@itbhu.ac.in','CY ',2,'2015-05-03 06:58:41','IMD\r'),(876,'Supreeto Saha','14053012','supreeto.saha.chy14@itbhu.ac.in','CY ',2,'2015-05-03 06:58:41','IMD\r'),(877,'Ashwani Kumar Mehta','14053001','ashwani.kmehta.chy14@itbhu.ac.in','CY ',2,'2015-05-03 06:58:41','IMD\r'),(878,'Mr. Vijay Pratap Singh','14053014','vijay.psingh.chy14@itbhu.ac.in','CY ',2,'2015-05-03 06:58:41','IMD\r'),(879,'Gaurav Somani','14123007','gaurav.somani.mat14@itbhu.ac.in','MA ',2,'2015-05-03 06:58:41','IMD\r'),(880,'Swetha Rayala','14123018','swetha.rayala.mat14@itbhu.ac.in','MA ',2,'2015-05-03 06:58:41','IMD\r'),(881,'Ankit Gupta','14123002','ankit.gupta.mat14@itbhu.ac.in','MA ',2,'2015-05-03 06:58:41','IMD\r'),(882,'Regatti Ronith Reddy','14123014','rronith.reddy.mat14@itbhu.ac.in','MA ',2,'2015-05-03 06:58:41','IMD\r'),(883,'Sourav','14123015','sourav.mat14@itbhu.ac.in','MA ',2,'2015-05-03 06:58:41','IMD\r'),(884,'Mohammed Zeeshan Goury','14123008','mdzeeshan.goury.mat14@itbhu.ac.in','MA ',2,'2015-05-03 06:58:41','IMD\r'),(885,'Ravi Raushan','14123013','ravi.raushan.mat14@itbhu.ac.in','MA ',2,'2015-05-03 06:58:41','IMD\r'),(886,'Deepak Kumar','14123004','deepak.kumar.mat14@itbhu.ac.in','MA ',2,'2015-05-03 06:58:41','IMD\r'),(887,'Rajat Kumar Singh','14123012','rajat.ksingh.mat14@itbhu.ac.in','MA ',2,'2015-05-03 06:58:41','IMD\r'),(888,'Sparsh Prasad','14123017','sparsh.prasad.mat14@itbhu.ac.in','MA ',2,'2015-05-03 06:58:41','IMD\r'),(889,'Alok Danodia','14123001','alok.danodia.mat14@itbhu.ac.in','MA ',2,'2015-05-03 06:58:41','IMD\r'),(890,'Patel Nilay Kailashbhai','14123011','pnilay.kailashbhai.mat14@itbhu.ac.in','MA ',2,'2015-05-03 06:58:41','IMD\r'),(891,'Niranjan Tudu','14123010','niranjan.tudu.mat14@itbhu.ac.in','MA ',2,'2015-05-03 06:58:41','IMD\r'),(892,'Manisha Meena','10100EN056','NULL','MA ',2,'2015-05-03 06:58:41','IMD\r'),(893,'Debrup Roy Chowdhury','14123003','debrup.roy.mat14@itbhu.ac.in','MA ',2,'2015-05-03 06:58:41','IMD\r'),(894,'Dhruv Agrawal','14123006','dhruv.agrawal.mat14@itbhu.ac.in','MA ',2,'2015-05-03 06:58:41','IMD\r'),(895,'Sparsh Garg','14123016','sparsh.garg.mat14@itbhu.ac.in','MA ',2,'2015-05-03 06:58:41','IMD\r'),(896,'Dheeraj Sejwani','14123005','dheeraj.sejwani.mat14@itbhu.ac.in','MA ',2,'2015-05-03 06:58:41','IMD\r'),(897,'Vikhyat Chadha','14123019','vikhyat.chadha.mat14@itbhu.ac.in','MA ',2,'2015-05-03 06:58:41','IMD\r'),(898,'Mukul Agarwal','14123009','mukul.agarwal.mat14@itbhu.ac.in','MA ',2,'2015-05-03 06:58:41','IMD\r'),(899,'Jitendra Patel','14164003','jitendra.patel.phe14@itbhu.ac.in','PH ',2,'2015-05-03 06:58:41','IDD\r'),(900,'Indrajeet Kumar','14164002','indrajeet.kumar.phe14@itbhu.ac.in','PH ',2,'2015-05-03 06:58:41','IDD\r'),(901,'Omkar Nath','14164004','omkar.nath.phe14@itbhu.ac.in','PH ',2,'2015-05-03 06:58:41','IDD\r'),(902,'Akshay Rai','14164001','akshay.rai.phe14@itbhu.ac.in','PH ',2,'2015-05-03 06:58:41','IDD\r');
/*!40000 ALTER TABLE `feedback_student` ENABLE KEYS */;
UNLOCK TABLES;

--
-- Table structure for table `feedback_subject`
--

DROP TABLE IF EXISTS `feedback_subject`;
/*!40101 SET @saved_cs_client     = @@character_set_client */;
/*!40101 SET character_set_client = utf8 */;
CREATE TABLE `feedback_subject` (
  `id` int(11) NOT NULL AUTO_INCREMENT,
  `subject_code` varchar(20) NOT NULL,
  `subject_name` varchar(200) NOT NULL,
  `subject_date` datetime NOT NULL,
  PRIMARY KEY (`id`)
) ENGINE=InnoDB AUTO_INCREMENT=48 DEFAULT CHARSET=latin1;
/*!40101 SET character_set_client = @saved_cs_client */;

--
-- Dumping data for table `feedback_subject`
--

LOCK TABLES `feedback_subject` WRITE;
/*!40000 ALTER TABLE `feedback_subject` DISABLE KEYS */;
INSERT INTO `feedback_subject` VALUES (1,'BC101','Introduction to Biochemical Engineering','2015-05-02 12:59:58'),(2,'BM101','Introduction to Biomedical Engineering','2015-05-02 12:59:58'),(3,'CE101','Basic Surveying','2015-05-02 12:59:58'),(4,'CHE101','Chemical Engineering Practices','2015-05-02 12:59:58'),(5,'CHI101','Industrial Chemistry Practices','2015-05-02 12:59:58'),(6,'CHO101','Engineering Thermodynamics','2015-05-02 12:59:58'),(7,'CHO102','Fluid Mechanics','2015-05-02 12:59:58'),(8,'CHO103','Process Calculation','2015-05-02 12:59:58'),(9,'CMO102','Engineering Mechanics','2015-05-02 12:59:58'),(10,'CS101','Information Technology Workshop-I','2015-05-02 12:59:58'),(11,'CSM101','Algebra','2015-05-02 12:59:58'),(12,'CSM102','Information Technology & Computing Workshop','2015-05-02 12:59:58'),(13,'CSO101','Computer Programming','2015-05-02 12:59:58'),(14,'CY102','Chemistry-II','2015-05-02 12:59:58'),(15,'CY103','Biochemistry','2015-05-02 12:59:58'),(16,'EC101','Solid State Electronic Devices','2015-05-02 12:59:58'),(17,'EE101','Electrical Circuits & Measurement','2015-05-02 12:59:58'),(18,'EO101','Fundamental of Electrical Engineering','2015-05-02 12:59:58'),(19,'EO102','Fundamentals of Electronics and Instrumentation Engineering','2015-05-02 12:59:58'),(20,'EP101','Modern Physics','2015-05-02 12:59:58'),(21,'EP102','Practices of Engineering Physics','2015-05-02 12:59:58'),(22,'H103','History & Civilization','2015-05-02 12:59:58'),(23,'H104','Development of Societies','2015-05-02 12:59:58'),(24,'H105','Philosophy','2015-05-02 12:59:58'),(25,'H106','Education & Self','2015-05-02 12:59:58'),(26,'MA101','Engineering Mathematics-I','2015-05-02 12:59:58'),(27,'MA102','Engineering Mathematics-II','2015-05-02 12:59:58'),(28,'MA203','Mathematical Methods','2015-05-02 12:59:58'),(29,'MCR101','Introduction to Ceramics','2015-05-02 12:59:58'),(30,'MCR102','Basic Ceramic Practices','2015-05-02 12:59:58'),(31,'ME104','Engineering Drawing','2015-05-02 12:59:58'),(32,'ME105','Manufacturing Practice-I','2015-05-02 12:59:58'),(33,'ME106','Manufacturing Practice-II','2015-05-02 12:59:58'),(34,'ME107','Machine Drawing','2015-05-02 12:59:58'),(35,'ME108','Measurement and Control','2015-05-02 12:59:58'),(36,'MN101','Mine Development','2015-05-02 12:59:58'),(37,'MN102','Mine Practice','2015-05-02 12:59:58'),(38,'MO101','Transport Phenomenon','2015-05-02 12:59:58'),(39,'MO201','Materials Science','2015-05-02 12:59:58'),(40,'MS101','Introduction to Engineering Materials','2015-05-02 12:59:58'),(41,'MT101','Metallurgical Thermodynamics and Kinetics','2015-05-02 12:59:58'),(42,'MT102','Deformation and Testing of Materials','2015-05-02 12:59:58'),(43,'PH101','Introduction of Pharmaceutical Science & Technology','2015-05-02 12:59:58'),(44,'PHY101','Physics-I','2015-05-02 12:59:58'),(45,'PHY102','Physics-II','2015-05-02 12:59:58'),(46,'GY1','Physical Education','2015-05-02 12:59:58'),(47,'GY2','Creative Practice','2015-05-02 12:59:58');
/*!40000 ALTER TABLE `feedback_subject` ENABLE KEYS */;
UNLOCK TABLES;

--
-- Table structure for table `feedback_subject_students`
--

DROP TABLE IF EXISTS `feedback_subject_students`;
/*!40101 SET @saved_cs_client     = @@character_set_client */;
/*!40101 SET character_set_client = utf8 */;
CREATE TABLE `feedback_subject_students` (
  `id` int(11) NOT NULL AUTO_INCREMENT,
  `subject_id` int(11) NOT NULL,
  `student_id` int(11) NOT NULL,
  PRIMARY KEY (`id`),
  UNIQUE KEY `subject_id` (`subject_id`,`student_id`),
  KEY `feedback_subject_students_ffaba1d1` (`subject_id`),
  KEY `feedback_subject_students_30a811f6` (`student_id`),
  CONSTRAINT `feedback_subject_stud_student_id_166f013a_fk_feedback_student_id` FOREIGN KEY (`student_id`) REFERENCES `feedback_student` (`id`),
  CONSTRAINT `feedback_subject_stud_subject_id_79aea86f_fk_feedback_subject_id` FOREIGN KEY (`subject_id`) REFERENCES `feedback_subject` (`id`)
) ENGINE=InnoDB AUTO_INCREMENT=4883 DEFAULT CHARSET=latin1;
/*!40101 SET character_set_client = @saved_cs_client */;

--
-- Dumping data for table `feedback_subject_students`
--

LOCK TABLES `feedback_subject_students` WRITE;
/*!40000 ALTER TABLE `feedback_subject_students` DISABLE KEYS */;
INSERT INTO `feedback_subject_students` VALUES (11,1,705),(5,1,706),(7,1,707),(3,1,708),(1,1,709),(9,1,710),(2,1,711),(6,1,712),(4,1,713),(8,1,714),(10,1,716),(21,2,717),(17,2,718),(22,2,719),(19,2,721),(12,2,722),(20,2,723),(14,2,724),(15,2,725),(13,2,726),(18,2,727),(16,2,728),(61,3,150),(98,3,151),(33,3,152),(49,3,153),(73,3,154),(54,3,155),(30,3,156),(58,3,157),(83,3,158),(84,3,159),(65,3,160),(67,3,161),(37,3,162),(82,3,163),(74,3,164),(47,3,165),(80,3,166),(25,3,167),(39,3,168),(43,3,169),(53,3,170),(38,3,171),(93,3,172),(99,3,173),(100,3,174),(27,3,175),(46,3,176),(94,3,177),(41,3,178),(32,3,179),(81,3,180),(88,3,181),(44,3,182),(55,3,183),(48,3,184),(90,3,185),(59,3,186),(51,3,187),(85,3,188),(89,3,189),(69,3,190),(97,3,191),(40,3,192),(24,3,193),(31,3,194),(78,3,195),(79,3,196),(77,3,197),(76,3,198),(52,3,199),(96,3,200),(64,3,201),(62,3,202),(66,3,203),(34,3,204),(91,3,205),(57,3,206),(60,3,207),(92,3,208),(50,3,209),(42,3,210),(28,3,211),(87,3,212),(95,3,213),(35,3,214),(72,3,215),(56,3,216),(36,3,217),(63,3,218),(68,3,219),(86,3,220),(26,3,221),(75,3,222),(29,3,223),(70,3,224),(23,3,225),(71,3,226),(45,3,227),(109,3,738),(107,3,739),(114,3,740),(104,3,741),(112,3,742),(115,3,743),(113,3,744),(103,3,745),(118,3,746),(111,3,747),(119,3,748),(110,3,749),(108,3,750),(116,3,751),(117,3,752),(101,3,753),(102,3,754),(105,3,755),(106,3,756),(199,4,35),(223,4,36),(159,4,37),(206,4,38),(191,4,39),(194,4,40),(164,4,41),(211,4,42),(198,4,43),(154,4,44),(182,4,45),(217,4,46),(222,4,47),(122,4,48),(184,4,49),(188,4,50),(200,4,51),(190,4,52),(155,4,53),(152,4,54),(175,4,55),(135,4,56),(210,4,57),(128,4,58),(185,4,59),(209,4,60),(160,4,61),(229,4,62),(218,4,63),(226,4,64),(212,4,65),(156,4,66),(157,4,67),(150,4,68),(133,4,69),(147,4,70),(177,4,71),(141,4,72),(134,4,73),(170,4,74),(227,4,75),(179,4,76),(124,4,77),(193,4,78),(143,4,79),(224,4,80),(214,4,81),(162,4,82),(174,4,83),(181,4,84),(213,4,85),(169,4,86),(123,4,87),(233,4,88),(225,4,89),(203,4,90),(216,4,91),(144,4,92),(168,4,93),(196,4,94),(192,4,95),(166,4,96),(167,4,97),(197,4,98),(136,4,99),(204,4,100),(137,4,101),(145,4,102),(127,4,103),(186,4,104),(125,4,105),(202,4,106),(120,4,107),(231,4,108),(230,4,109),(189,4,110),(161,4,111),(228,4,112),(207,4,113),(234,4,114),(140,4,115),(195,4,116),(215,4,117),(139,4,118),(121,4,119),(138,4,120),(131,4,121),(172,4,122),(142,4,123),(149,4,124),(176,4,125),(132,4,126),(173,4,127),(165,4,128),(148,4,129),(171,4,130),(232,4,131),(180,4,132),(151,4,133),(158,4,134),(201,4,135),(187,4,136),(163,4,137),(205,4,138),(208,4,139),(219,4,140),(183,4,141),(153,4,142),(130,4,143),(221,4,144),(178,4,145),(126,4,146),(220,4,147),(146,4,148),(129,4,149),(242,5,865),(247,5,866),(237,5,867),(239,5,868),(244,5,869),(240,5,870),(245,5,871),(238,5,872),(241,5,873),(243,5,874),(236,5,875),(246,5,876),(235,5,877),(248,5,878),(272,6,287),(324,6,288),(284,6,289),(314,6,290),(282,6,291),(252,6,292),(249,6,293),(301,6,294),(327,6,295),(276,6,296),(265,6,297),(311,6,298),(308,6,299),(315,6,300),(263,6,301),(261,6,302),(280,6,303),(320,6,304),(285,6,305),(318,6,306),(269,6,307),(288,6,308),(264,6,309),(283,6,310),(267,6,311),(325,6,312),(251,6,313),(262,6,314),(322,6,315),(279,6,316),(289,6,317),(290,6,318),(313,6,319),(254,6,320),(278,6,321),(277,6,322),(319,6,323),(250,6,324),(298,6,325),(257,6,326),(329,6,327),(304,6,328),(270,6,329),(302,6,330),(321,6,331),(256,6,332),(275,6,333),(287,6,334),(295,6,335),(274,6,336),(300,6,337),(297,6,338),(266,6,339),(310,6,340),(258,6,341),(286,6,342),(271,6,343),(326,6,344),(268,6,345),(309,6,346),(281,6,347),(306,6,348),(330,6,349),(323,6,350),(328,6,351),(316,6,352),(305,6,353),(317,6,354),(293,6,355),(255,6,356),(307,6,357),(291,6,358),(294,6,359),(273,6,360),(260,6,361),(312,6,362),(299,6,363),(253,6,364),(292,6,365),(259,6,366),(296,6,367),(303,6,368),(344,6,773),(337,6,774),(348,6,775),(347,6,776),(334,6,777),(336,6,778),(340,6,779),(350,6,780),(332,6,781),(349,6,782),(343,6,783),(333,6,784),(331,6,785),(346,6,786),(345,6,787),(342,6,788),(341,6,789),(338,6,790),(339,6,791),(335,6,792),(430,7,35),(454,7,36),(390,7,37),(437,7,38),(422,7,39),(425,7,40),(395,7,41),(442,7,42),(429,7,43),(385,7,44),(413,7,45),(448,7,46),(453,7,47),(353,7,48),(415,7,49),(419,7,50),(431,7,51),(421,7,52),(386,7,53),(383,7,54),(406,7,55),(366,7,56),(441,7,57),(359,7,58),(416,7,59),(440,7,60),(391,7,61),(460,7,62),(449,7,63),(457,7,64),(443,7,65),(387,7,66),(388,7,67),(381,7,68),(364,7,69),(378,7,70),(408,7,71),(372,7,72),(365,7,73),(401,7,74),(458,7,75),(410,7,76),(355,7,77),(424,7,78),(374,7,79),(455,7,80),(445,7,81),(393,7,82),(405,7,83),(412,7,84),(444,7,85),(400,7,86),(354,7,87),(464,7,88),(456,7,89),(434,7,90),(447,7,91),(375,7,92),(399,7,93),(427,7,94),(423,7,95),(397,7,96),(398,7,97),(428,7,98),(367,7,99),(435,7,100),(368,7,101),(376,7,102),(358,7,103),(417,7,104),(356,7,105),(433,7,106),(351,7,107),(462,7,108),(461,7,109),(420,7,110),(392,7,111),(459,7,112),(438,7,113),(465,7,114),(371,7,115),(426,7,116),(446,7,117),(370,7,118),(352,7,119),(369,7,120),(362,7,121),(403,7,122),(373,7,123),(380,7,124),(407,7,125),(363,7,126),(404,7,127),(396,7,128),(379,7,129),(402,7,130),(463,7,131),(411,7,132),(382,7,133),(389,7,134),(432,7,135),(418,7,136),(394,7,137),(436,7,138),(439,7,139),(450,7,140),(414,7,141),(384,7,142),(361,7,143),(452,7,144),(409,7,145),(357,7,146),(451,7,147),(377,7,148),(360,7,149),(545,8,35),(569,8,36),(505,8,37),(552,8,38),(537,8,39),(540,8,40),(510,8,41),(557,8,42),(544,8,43),(500,8,44),(528,8,45),(563,8,46),(568,8,47),(468,8,48),(530,8,49),(534,8,50),(546,8,51),(536,8,52),(501,8,53),(498,8,54),(521,8,55),(481,8,56),(556,8,57),(474,8,58),(531,8,59),(555,8,60),(506,8,61),(575,8,62),(564,8,63),(572,8,64),(558,8,65),(502,8,66),(503,8,67),(496,8,68),(479,8,69),(493,8,70),(523,8,71),(487,8,72),(480,8,73),(516,8,74),(573,8,75),(525,8,76),(470,8,77),(539,8,78),(489,8,79),(570,8,80),(560,8,81),(508,8,82),(520,8,83),(527,8,84),(559,8,85),(515,8,86),(469,8,87),(579,8,88),(571,8,89),(549,8,90),(562,8,91),(490,8,92),(514,8,93),(542,8,94),(538,8,95),(512,8,96),(513,8,97),(543,8,98),(482,8,99),(550,8,100),(483,8,101),(491,8,102),(473,8,103),(532,8,104),(471,8,105),(548,8,106),(466,8,107),(577,8,108),(576,8,109),(535,8,110),(507,8,111),(574,8,112),(553,8,113),(580,8,114),(486,8,115),(541,8,116),(561,8,117),(485,8,118),(467,8,119),(484,8,120),(477,8,121),(518,8,122),(488,8,123),(495,8,124),(522,8,125),(478,8,126),(519,8,127),(511,8,128),(494,8,129),(517,8,130),(578,8,131),(526,8,132),(497,8,133),(504,8,134),(547,8,135),(533,8,136),(509,8,137),(551,8,138),(554,8,139),(565,8,140),(529,8,141),(499,8,142),(476,8,143),(567,8,144),(524,8,145),(472,8,146),(566,8,147),(492,8,148),(475,8,149),(588,8,865),(593,8,866),(583,8,867),(585,8,868),(590,8,869),(586,8,870),(591,8,871),(584,8,872),(587,8,873),(589,8,874),(582,8,875),(592,8,876),(581,8,877),(594,8,878),(624,9,228),(617,9,229),(607,9,230),(616,9,231),(632,9,232),(626,9,233),(628,9,234),(605,9,235),(650,9,236),(635,9,237),(630,9,238),(631,9,239),(642,9,240),(595,9,241),(597,9,242),(614,9,243),(604,9,244),(610,9,245),(637,9,246),(619,9,247),(625,9,248),(603,9,249),(609,9,250),(627,9,251),(599,9,252),(629,9,253),(608,9,254),(647,9,255),(640,9,256),(621,9,257),(615,9,258),(648,9,259),(652,9,260),(606,9,261),(638,9,262),(653,9,263),(644,9,264),(602,9,265),(600,9,266),(639,9,267),(634,9,268),(646,9,269),(620,9,270),(598,9,271),(596,9,272),(636,9,273),(651,9,274),(611,9,275),(633,9,276),(622,9,277),(649,9,278),(613,9,279),(643,9,280),(601,9,281),(645,9,282),(612,9,283),(618,9,284),(641,9,285),(623,9,286),(662,9,757),(655,9,758),(667,9,759),(664,9,760),(660,9,761),(657,9,762),(665,9,763),(658,9,764),(666,9,765),(661,9,766),(654,9,767),(656,9,768),(659,9,769),(668,9,770),(663,9,771),(669,9,772),(699,10,228),(692,10,229),(682,10,230),(691,10,231),(707,10,232),(701,10,233),(703,10,234),(680,10,235),(725,10,236),(710,10,237),(705,10,238),(706,10,239),(717,10,240),(670,10,241),(672,10,242),(689,10,243),(679,10,244),(685,10,245),(712,10,246),(694,10,247),(700,10,248),(678,10,249),(684,10,250),(702,10,251),(674,10,252),(704,10,253),(683,10,254),(722,10,255),(715,10,256),(696,10,257),(690,10,258),(723,10,259),(727,10,260),(681,10,261),(713,10,262),(728,10,263),(719,10,264),(677,10,265),(675,10,266),(714,10,267),(709,10,268),(721,10,269),(695,10,270),(673,10,271),(671,10,272),(711,10,273),(726,10,274),(686,10,275),(708,10,276),(697,10,277),(724,10,278),(688,10,279),(718,10,280),(676,10,281),(720,10,282),(687,10,283),(693,10,284),(716,10,285),(698,10,286),(737,10,757),(730,10,758),(742,10,759),(739,10,760),(735,10,761),(732,10,762),(740,10,763),(733,10,764),(741,10,765),(736,10,766),(729,10,767),(731,10,768),(734,10,769),(743,10,770),(738,10,771),(744,10,772),(751,11,879),(762,11,880),(746,11,881),(758,11,882),(759,11,883),(752,11,884),(757,11,885),(748,11,886),(756,11,887),(761,11,888),(745,11,889),(755,11,890),(754,11,891),(747,11,893),(750,11,894),(760,11,895),(749,11,896),(763,11,897),(753,11,898),(802,13,150),(839,13,151),(774,13,152),(790,13,153),(814,13,154),(795,13,155),(771,13,156),(799,13,157),(824,13,158),(825,13,159),(806,13,160),(808,13,161),(778,13,162),(823,13,163),(815,13,164),(788,13,165),(821,13,166),(766,13,167),(780,13,168),(784,13,169),(794,13,170),(779,13,171),(834,13,172),(840,13,173),(841,13,174),(768,13,175),(787,13,176),(835,13,177),(782,13,178),(773,13,179),(822,13,180),(829,13,181),(785,13,182),(796,13,183),(789,13,184),(831,13,185),(800,13,186),(792,13,187),(826,13,188),(830,13,189),(810,13,190),(838,13,191),(781,13,192),(765,13,193),(772,13,194),(819,13,195),(820,13,196),(818,13,197),(817,13,198),(793,13,199),(837,13,200),(805,13,201),(803,13,202),(807,13,203),(775,13,204),(832,13,205),(798,13,206),(801,13,207),(833,13,208),(791,13,209),(783,13,210),(769,13,211),(828,13,212),(836,13,213),(776,13,214),(813,13,215),(797,13,216),(777,13,217),(804,13,218),(809,13,219),(827,13,220),(767,13,221),(816,13,222),(770,13,223),(811,13,224),(764,13,225),(812,13,226),(786,13,227),(862,13,624),(917,13,625),(890,13,626),(861,13,627),(903,13,628),(895,13,629),(900,13,630),(916,13,631),(893,13,632),(923,13,633),(864,13,634),(901,13,635),(891,13,636),(904,13,637),(865,13,638),(873,13,639),(918,13,640),(907,13,641),(881,13,642),(869,13,643),(880,13,644),(867,13,645),(876,13,646),(866,13,647),(863,13,648),(913,13,649),(889,13,650),(888,13,651),(883,13,652),(879,13,653),(922,13,654),(887,13,655),(910,13,656),(872,13,657),(911,13,658),(906,13,659),(909,13,661),(882,13,662),(912,13,663),(915,13,664),(868,13,665),(914,13,666),(885,13,667),(874,13,668),(884,13,669),(886,13,670),(896,13,671),(898,13,672),(905,13,673),(871,13,674),(870,13,675),(902,13,677),(894,13,678),(877,13,679),(921,13,680),(897,13,681),(908,13,682),(878,13,683),(875,13,684),(919,13,685),(892,13,686),(920,13,687),(899,13,688),(850,13,738),(848,13,739),(855,13,740),(845,13,741),(853,13,742),(856,13,743),(854,13,744),(844,13,745),(859,13,746),(852,13,747),(860,13,748),(851,13,749),(849,13,750),(857,13,751),(858,13,752),(842,13,753),(843,13,754),(846,13,755),(847,13,756),(931,13,823),(928,13,824),(937,13,825),(927,13,826),(929,13,827),(924,13,828),(934,13,829),(940,13,830),(935,13,831),(930,13,832),(932,13,833),(933,13,834),(941,13,835),(938,13,836),(926,13,837),(942,13,838),(936,13,839),(925,13,840),(939,13,841),(964,14,793),(965,14,794),(959,14,795),(958,14,796),(963,14,797),(967,14,798),(966,14,799),(962,14,800),(957,14,801),(968,14,802),(960,14,803),(961,14,804),(950,14,865),(955,14,866),(945,14,867),(947,14,868),(952,14,869),(948,14,870),(953,14,871),(946,14,872),(949,14,873),(951,14,874),(944,14,875),(954,14,876),(943,14,877),(956,14,878),(1003,15,689),(999,15,690),(996,15,691),(994,15,692),(993,15,694),(1004,15,695),(997,15,696),(995,15,697),(998,15,698),(992,15,699),(1001,15,700),(1000,15,701),(1006,15,702),(1005,15,703),(1002,15,704),(980,15,705),(974,15,706),(976,15,707),(972,15,708),(969,15,709),(978,15,710),(971,15,711),(975,15,712),(973,15,713),(977,15,714),(970,15,715),(979,15,716),(990,15,717),(986,15,718),(991,15,719),(988,15,721),(981,15,722),(989,15,723),(983,15,724),(984,15,725),(982,15,726),(987,15,727),(985,15,728),(1009,15,899),(1008,15,900),(1010,15,901),(1007,15,902),(1034,16,369),(1033,16,370),(1031,16,371),(1059,16,372),(1064,16,373),(1022,16,374),(1075,16,375),(1082,16,376),(1053,16,377),(1090,16,378),(1074,16,379),(1087,16,380),(1051,16,381),(1062,16,382),(1036,16,383),(1015,16,384),(1018,16,385),(1050,16,386),(1077,16,387),(1019,16,388),(1058,16,389),(1052,16,390),(1023,16,391),(1020,16,392),(1024,16,393),(1071,16,394),(1044,16,395),(1028,16,396),(1026,16,397),(1083,16,398),(1089,16,399),(1069,16,400),(1011,16,401),(1066,16,402),(1054,16,403),(1013,16,404),(1048,16,405),(1057,16,406),(1042,16,407),(1073,16,408),(1045,16,409),(1076,16,410),(1056,16,411),(1072,16,412),(1079,16,413),(1049,16,414),(1032,16,415),(1060,16,416),(1088,16,417),(1085,16,418),(1086,16,419),(1043,16,420),(1035,16,421),(1046,16,422),(1037,16,423),(1068,16,424),(1012,16,425),(1078,16,426),(1038,16,427),(1039,16,428),(1030,16,429),(1040,16,430),(1017,16,431),(1016,16,432),(1080,16,433),(1081,16,434),(1084,16,435),(1067,16,436),(1070,16,437),(1047,16,438),(1065,16,439),(1014,16,440),(1025,16,441),(1041,16,442),(1029,16,443),(1063,16,444),(1027,16,445),(1021,16,446),(1061,16,447),(1055,16,448),(1114,17,287),(1166,17,288),(1126,17,289),(1156,17,290),(1124,17,291),(1094,17,292),(1091,17,293),(1143,17,294),(1169,17,295),(1118,17,296),(1107,17,297),(1153,17,298),(1150,17,299),(1157,17,300),(1105,17,301),(1103,17,302),(1122,17,303),(1162,17,304),(1127,17,305),(1160,17,306),(1111,17,307),(1130,17,308),(1106,17,309),(1125,17,310),(1109,17,311),(1167,17,312),(1093,17,313),(1104,17,314),(1164,17,315),(1121,17,316),(1131,17,317),(1132,17,318),(1155,17,319),(1096,17,320),(1120,17,321),(1119,17,322),(1161,17,323),(1092,17,324),(1140,17,325),(1099,17,326),(1171,17,327),(1146,17,328),(1112,17,329),(1144,17,330),(1163,17,331),(1098,17,332),(1117,17,333),(1129,17,334),(1137,17,335),(1116,17,336),(1142,17,337),(1139,17,338),(1108,17,339),(1152,17,340),(1100,17,341),(1128,17,342),(1113,17,343),(1168,17,344),(1110,17,345),(1151,17,346),(1123,17,347),(1148,17,348),(1172,17,349),(1165,17,350),(1170,17,351),(1158,17,352),(1147,17,353),(1159,17,354),(1135,17,355),(1097,17,356),(1149,17,357),(1133,17,358),(1136,17,359),(1115,17,360),(1102,17,361),(1154,17,362),(1141,17,363),(1095,17,364),(1134,17,365),(1101,17,366),(1138,17,367),(1145,17,368),(1186,17,773),(1179,17,774),(1190,17,775),(1189,17,776),(1176,17,777),(1178,17,778),(1182,17,779),(1192,17,780),(1174,17,781),(1191,17,782),(1185,17,783),(1175,17,784),(1173,17,785),(1188,17,786),(1187,17,787),(1184,17,788),(1183,17,789),(1180,17,790),(1181,17,791),(1177,17,792),(1199,18,879),(1210,18,880),(1194,18,881),(1206,18,882),(1207,18,883),(1200,18,884),(1205,18,885),(1196,18,886),(1204,18,887),(1209,18,888),(1193,18,889),(1203,18,890),(1202,18,891),(1195,18,893),(1198,18,894),(1208,18,895),(1197,18,896),(1211,18,897),(1201,18,898),(1258,19,38),(1252,19,40),(1236,19,41),(1255,19,43),(1249,19,50),(1230,19,53),(1228,19,54),(1241,19,55),(1217,19,56),(1246,19,59),(1260,19,60),(1233,19,61),(1264,19,63),(1266,19,64),(1261,19,65),(1231,19,67),(1226,19,68),(1215,19,69),(1224,19,70),(1243,19,71),(1216,19,73),(1251,19,78),(1262,19,81),(1234,19,82),(1240,19,83),(1245,19,84),(1239,19,86),(1265,19,89),(1238,19,93),(1254,19,94),(1237,19,96),(1218,19,99),(1257,19,100),(1219,19,101),(1222,19,102),(1247,19,104),(1256,19,106),(1268,19,108),(1250,19,110),(1267,19,112),(1259,19,113),(1253,19,116),(1263,19,117),(1220,19,118),(1212,19,119),(1221,19,123),(1225,19,124),(1242,19,125),(1214,19,126),(1244,19,132),(1227,19,133),(1232,19,134),(1248,19,136),(1235,19,137),(1229,19,142),(1213,19,146),(1223,19,148),(1271,20,851),(1270,20,852),(1281,20,853),(1280,20,854),(1279,20,855),(1277,20,856),(1269,20,857),(1276,20,858),(1282,20,859),(1275,20,860),(1273,20,861),(1272,20,862),(1274,20,863),(1278,20,864),(1285,21,851),(1284,21,852),(1295,21,853),(1294,21,854),(1293,21,855),(1291,21,856),(1283,21,857),(1290,21,858),(1296,21,859),(1289,21,860),(1287,21,861),(1286,21,862),(1288,21,863),(1292,21,864),(1342,22,44),(1343,22,53),(1340,22,54),(1355,22,55),(1347,22,61),(1344,22,66),(1345,22,67),(1338,22,68),(1329,22,69),(1336,22,70),(1353,22,74),(1334,22,79),(1349,22,82),(1354,22,83),(1351,22,96),(1352,22,97),(1330,22,99),(1331,22,101),(1327,22,103),(1348,22,111),(1332,22,115),(1325,22,119),(1328,22,121),(1333,22,123),(1356,22,125),(1350,22,128),(1337,22,129),(1339,22,133),(1346,22,134),(1341,22,142),(1326,22,146),(1335,22,148),(1298,22,292),(1300,22,301),(1307,22,305),(1297,22,313),(1306,22,316),(1305,22,321),(1303,22,329),(1308,22,334),(1304,22,336),(1301,22,339),(1302,22,345),(1299,22,364),(1321,22,369),(1320,22,371),(1315,22,374),(1314,22,385),(1317,22,397),(1311,22,404),(1322,22,421),(1323,22,427),(1324,22,428),(1319,22,429),(1313,22,431),(1312,22,432),(1316,22,441),(1318,22,445),(1360,22,450),(1369,22,451),(1368,22,459),(1380,22,461),(1362,22,467),(1376,22,469),(1377,22,473),(1363,22,479),(1373,22,480),(1367,22,482),(1381,22,483),(1364,22,488),(1372,22,491),(1358,22,498),(1378,22,504),(1374,22,515),(1359,22,518),(1365,22,519),(1361,22,523),(1379,22,525),(1357,22,527),(1375,22,534),(1370,22,535),(1366,22,541),(1371,22,546),(1309,22,785),(1310,22,792),(1382,22,813),(1471,23,37),(1472,23,41),(1480,23,45),(1455,23,48),(1481,23,52),(1464,23,56),(1459,23,58),(1467,23,72),(1463,23,73),(1457,23,77),(1474,23,86),(1456,23,87),(1468,23,92),(1473,23,93),(1469,23,102),(1458,23,105),(1454,23,107),(1466,23,118),(1465,23,120),(1476,23,122),(1470,23,124),(1462,23,126),(1477,23,127),(1475,23,130),(1479,23,132),(1461,23,143),(1478,23,145),(1460,23,149),(1397,23,287),(1406,23,289),(1404,23,291),(1419,23,294),(1400,23,296),(1394,23,297),(1391,23,302),(1402,23,303),(1396,23,307),(1408,23,308),(1393,23,309),(1405,23,310),(1395,23,311),(1392,23,314),(1409,23,317),(1410,23,318),(1384,23,320),(1401,23,322),(1383,23,324),(1387,23,326),(1420,23,330),(1386,23,332),(1399,23,333),(1415,23,335),(1418,23,337),(1388,23,341),(1407,23,342),(1403,23,347),(1421,23,349),(1413,23,355),(1385,23,356),(1411,23,358),(1414,23,359),(1398,23,360),(1390,23,361),(1417,23,363),(1412,23,365),(1389,23,366),(1416,23,367),(1444,23,370),(1445,23,383),(1438,23,384),(1451,23,386),(1439,23,388),(1452,23,389),(1440,23,392),(1441,23,393),(1449,23,395),(1442,23,396),(1435,23,401),(1443,23,415),(1448,23,420),(1446,23,423),(1436,23,425),(1447,23,430),(1450,23,438),(1437,23,440),(1496,23,454),(1505,23,463),(1510,23,466),(1504,23,468),(1484,23,471),(1501,23,481),(1495,23,484),(1500,23,487),(1508,23,492),(1499,23,493),(1483,23,496),(1509,23,497),(1503,23,500),(1488,23,502),(1486,23,505),(1492,23,507),(1489,23,508),(1511,23,510),(1507,23,513),(1494,23,514),(1506,23,517),(1482,23,520),(1490,23,522),(1497,23,526),(1485,23,529),(1491,23,530),(1487,23,531),(1498,23,533),(1493,23,536),(1502,23,537),(1433,23,773),(1426,23,774),(1424,23,777),(1425,23,778),(1429,23,779),(1422,23,781),(1432,23,783),(1423,23,784),(1434,23,787),(1431,23,788),(1430,23,789),(1427,23,790),(1428,23,791),(1453,23,800),(1516,23,807),(1512,23,811),(1514,23,814),(1515,23,815),(1513,23,816),(1517,23,821),(1592,24,39),(1594,24,43),(1601,24,47),(1591,24,50),(1603,24,62),(1587,24,71),(1588,24,76),(1589,24,84),(1597,24,85),(1607,24,88),(1595,24,90),(1598,24,91),(1593,24,95),(1605,24,108),(1604,24,109),(1602,24,112),(1606,24,131),(1590,24,136),(1586,24,137),(1596,24,139),(1600,24,144),(1599,24,147),(1536,24,288),(1531,24,290),(1523,24,293),(1539,24,295),(1530,24,298),(1533,24,306),(1537,24,312),(1534,24,323),(1535,24,331),(1525,24,338),(1529,24,340),(1524,24,343),(1538,24,344),(1528,24,346),(1527,24,348),(1540,24,351),(1526,24,353),(1532,24,354),(1557,24,372),(1562,24,373),(1552,24,377),(1574,24,378),(1550,24,381),(1560,24,382),(1570,24,387),(1551,24,390),(1544,24,391),(1566,24,394),(1573,24,399),(1563,24,402),(1553,24,403),(1556,24,406),(1568,24,408),(1547,24,409),(1569,24,410),(1555,24,411),(1567,24,412),(1571,24,413),(1549,24,414),(1558,24,416),(1572,24,419),(1548,24,422),(1565,24,424),(1564,24,436),(1546,24,442),(1545,24,443),(1561,24,444),(1559,24,447),(1554,24,448),(1614,24,456),(1622,24,458),(1608,24,462),(1623,24,465),(1612,24,472),(1613,24,474),(1609,24,475),(1615,24,478),(1611,24,485),(1616,24,486),(1619,24,495),(1621,24,503),(1620,24,512),(1618,24,538),(1610,24,542),(1617,24,543),(1521,24,708),(1518,24,709),(1520,24,711),(1522,24,713),(1519,24,715),(1542,24,775),(1541,24,776),(1543,24,782),(1581,24,793),(1582,24,794),(1577,24,795),(1576,24,796),(1580,24,797),(1584,24,798),(1583,24,799),(1575,24,801),(1585,24,802),(1578,24,803),(1579,24,804),(1624,24,808),(1625,24,819),(1626,24,822),(1674,26,1),(1656,26,2),(1660,26,3),(1675,26,4),(1650,26,5),(1666,26,6),(1676,26,7),(1654,26,8),(1663,26,9),(1670,26,10),(1646,26,11),(1651,26,12),(1664,26,13),(1672,26,14),(1669,26,15),(1655,26,16),(1668,26,17),(1673,26,18),(1649,26,19),(1658,26,20),(1647,26,21),(1671,26,22),(1677,26,23),(1661,26,24),(1679,26,25),(1662,26,26),(1657,26,27),(1667,26,28),(1678,26,29),(1648,26,30),(1659,26,31),(1665,26,32),(1652,26,33),(1653,26,34),(1726,26,369),(1725,26,370),(1723,26,371),(1751,26,372),(1756,26,373),(1714,26,374),(1767,26,375),(1774,26,376),(1745,26,377),(1782,26,378),(1766,26,379),(1779,26,380),(1743,26,381),(1754,26,382),(1728,26,383),(1707,26,384),(1710,26,385),(1742,26,386),(1769,26,387),(1711,26,388),(1750,26,389),(1744,26,390),(1715,26,391),(1712,26,392),(1716,26,393),(1763,26,394),(1736,26,395),(1720,26,396),(1718,26,397),(1775,26,398),(1781,26,399),(1761,26,400),(1703,26,401),(1758,26,402),(1746,26,403),(1705,26,404),(1740,26,405),(1749,26,406),(1734,26,407),(1765,26,408),(1737,26,409),(1768,26,410),(1748,26,411),(1764,26,412),(1771,26,413),(1741,26,414),(1724,26,415),(1752,26,416),(1780,26,417),(1777,26,418),(1778,26,419),(1735,26,420),(1727,26,421),(1738,26,422),(1729,26,423),(1760,26,424),(1704,26,425),(1770,26,426),(1730,26,427),(1731,26,428),(1722,26,429),(1732,26,430),(1709,26,431),(1708,26,432),(1772,26,433),(1773,26,434),(1776,26,435),(1759,26,436),(1762,26,437),(1739,26,438),(1757,26,439),(1706,26,440),(1717,26,441),(1733,26,442),(1721,26,443),(1755,26,444),(1719,26,445),(1713,26,446),(1753,26,447),(1747,26,448),(1680,26,729),(1684,26,730),(1688,26,731),(1681,26,732),(1686,26,733),(1687,26,734),(1682,26,735),(1683,26,736),(1685,26,737),(1790,26,793),(1791,26,794),(1785,26,795),(1784,26,796),(1789,26,797),(1793,26,798),(1792,26,799),(1788,26,800),(1783,26,801),(1794,26,802),(1786,26,803),(1787,26,804),(1797,26,851),(1796,26,852),(1807,26,853),(1806,26,854),(1805,26,855),(1803,26,856),(1795,26,857),(1802,26,858),(1808,26,859),(1801,26,860),(1799,26,861),(1798,26,862),(1800,26,863),(1804,26,864),(1696,26,865),(1701,26,866),(1691,26,867),(1693,26,868),(1698,26,869),(1694,26,870),(1699,26,871),(1692,26,872),(1695,26,873),(1697,26,874),(1690,26,875),(1700,26,876),(1689,26,877),(1702,26,878),(1633,26,879),(1644,26,880),(1628,26,881),(1640,26,882),(1641,26,883),(1634,26,884),(1639,26,885),(1630,26,886),(1638,26,887),(1643,26,888),(1627,26,889),(1637,26,890),(1636,26,891),(1629,26,893),(1632,26,894),(1642,26,895),(1631,26,896),(1645,26,897),(1635,26,898),(1888,27,35),(1912,27,36),(1848,27,37),(1895,27,38),(1880,27,39),(1883,27,40),(1853,27,41),(1900,27,42),(1887,27,43),(1843,27,44),(1871,27,45),(1906,27,46),(1911,27,47),(1811,27,48),(1873,27,49),(1877,27,50),(1889,27,51),(1879,27,52),(1844,27,53),(1841,27,54),(1864,27,55),(1824,27,56),(1899,27,57),(1817,27,58),(1874,27,59),(1898,27,60),(1849,27,61),(1918,27,62),(1907,27,63),(1915,27,64),(1901,27,65),(1845,27,66),(1846,27,67),(1839,27,68),(1822,27,69),(1836,27,70),(1866,27,71),(1830,27,72),(1823,27,73),(1859,27,74),(1916,27,75),(1868,27,76),(1813,27,77),(1882,27,78),(1832,27,79),(1913,27,80),(1903,27,81),(1851,27,82),(1863,27,83),(1870,27,84),(1902,27,85),(1858,27,86),(1812,27,87),(1922,27,88),(1914,27,89),(1892,27,90),(1905,27,91),(1833,27,92),(1857,27,93),(1885,27,94),(1881,27,95),(1855,27,96),(1856,27,97),(1886,27,98),(1825,27,99),(1893,27,100),(1826,27,101),(1834,27,102),(1816,27,103),(1875,27,104),(1814,27,105),(1891,27,106),(1809,27,107),(1920,27,108),(1919,27,109),(1878,27,110),(1850,27,111),(1917,27,112),(1896,27,113),(1923,27,114),(1829,27,115),(1884,27,116),(1904,27,117),(1828,27,118),(1810,27,119),(1827,27,120),(1820,27,121),(1861,27,122),(1831,27,123),(1838,27,124),(1865,27,125),(1821,27,126),(1862,27,127),(1854,27,128),(1837,27,129),(1860,27,130),(1921,27,131),(1869,27,132),(1840,27,133),(1847,27,134),(1890,27,135),(1876,27,136),(1852,27,137),(1894,27,138),(1897,27,139),(1908,27,140),(1872,27,141),(1842,27,142),(1819,27,143),(1910,27,144),(1867,27,145),(1815,27,146),(1909,27,147),(1835,27,148),(1818,27,149),(1962,27,150),(1999,27,151),(1934,27,152),(1950,27,153),(1974,27,154),(1955,27,155),(1931,27,156),(1959,27,157),(1984,27,158),(1985,27,159),(1966,27,160),(1968,27,161),(1938,27,162),(1983,27,163),(1975,27,164),(1948,27,165),(1981,27,166),(1926,27,167),(1940,27,168),(1944,27,169),(1954,27,170),(1939,27,171),(1994,27,172),(2000,27,173),(2001,27,174),(1928,27,175),(1947,27,176),(1995,27,177),(1942,27,178),(1933,27,179),(1982,27,180),(1989,27,181),(1945,27,182),(1956,27,183),(1949,27,184),(1991,27,185),(1960,27,186),(1952,27,187),(1986,27,188),(1990,27,189),(1970,27,190),(1998,27,191),(1941,27,192),(1925,27,193),(1932,27,194),(1979,27,195),(1980,27,196),(1978,27,197),(1977,27,198),(1953,27,199),(1997,27,200),(1965,27,201),(1963,27,202),(1967,27,203),(1935,27,204),(1992,27,205),(1958,27,206),(1961,27,207),(1993,27,208),(1951,27,209),(1943,27,210),(1929,27,211),(1988,27,212),(1996,27,213),(1936,27,214),(1973,27,215),(1957,27,216),(1937,27,217),(1964,27,218),(1969,27,219),(1987,27,220),(1927,27,221),(1976,27,222),(1930,27,223),(1971,27,224),(1924,27,225),(1972,27,226),(1946,27,227),(2050,27,228),(2043,27,229),(2033,27,230),(2042,27,231),(2058,27,232),(2052,27,233),(2054,27,234),(2031,27,235),(2076,27,236),(2061,27,237),(2056,27,238),(2057,27,239),(2068,27,240),(2021,27,241),(2023,27,242),(2040,27,243),(2030,27,244),(2036,27,245),(2063,27,246),(2045,27,247),(2051,27,248),(2029,27,249),(2035,27,250),(2053,27,251),(2025,27,252),(2055,27,253),(2034,27,254),(2073,27,255),(2066,27,256),(2047,27,257),(2041,27,258),(2074,27,259),(2078,27,260),(2032,27,261),(2064,27,262),(2079,27,263),(2070,27,264),(2028,27,265),(2026,27,266),(2065,27,267),(2060,27,268),(2072,27,269),(2046,27,270),(2024,27,271),(2022,27,272),(2062,27,273),(2077,27,274),(2037,27,275),(2059,27,276),(2048,27,277),(2075,27,278),(2039,27,279),(2069,27,280),(2027,27,281),(2071,27,282),(2038,27,283),(2044,27,284),(2067,27,285),(2049,27,286),(2174,27,449),(2101,27,450),(2115,27,451),(2144,27,452),(2179,27,453),(2136,27,454),(2142,27,455),(2166,27,456),(2175,27,457),(2191,27,458),(2113,27,459),(2169,27,460),(2141,27,461),(2108,27,462),(2156,27,463),(2187,27,464),(2192,27,465),(2162,27,466),(2103,27,467),(2155,27,468),(2130,27,469),(2116,27,470),(2104,27,471),(2164,27,472),(2131,27,473),(2165,27,474),(2110,27,475),(2185,27,476),(2152,27,477),(2170,27,478),(2105,27,479),(2124,27,480),(2145,27,481),(2112,27,482),(2193,27,483),(2133,27,484),(2154,27,485),(2173,27,486),(2140,27,487),(2106,27,488),(2189,27,489),(2172,27,490),(2120,27,491),(2160,27,492),(2139,27,493),(2171,27,494),(2180,27,495),(2098,27,496),(2161,27,497),(2099,27,498),(2148,27,499),(2153,27,500),(2150,27,501),(2121,27,502),(2184,27,503),(2134,27,504),(2114,27,505),(2149,27,506),(2127,27,507),(2122,27,508),(2182,27,509),(2163,27,510),(2186,27,511),(2181,27,512),(2158,27,513),(2132,27,514),(2125,27,515),(2176,27,516),(2157,27,517),(2100,27,518),(2109,27,519),(2096,27,520),(2151,27,521),(2123,27,522),(2102,27,523),(2190,27,524),(2135,27,525),(2137,27,526),(2097,27,527),(2143,27,528),(2107,27,529),(2126,27,530),(2117,27,531),(2183,27,532),(2138,27,533),(2129,27,534),(2118,27,535),(2128,27,536),(2147,27,537),(2178,27,538),(2167,27,539),(2168,27,540),(2111,27,541),(2146,27,542),(2177,27,543),(2159,27,544),(2188,27,545),(2119,27,546),(2277,27,547),(2215,27,548),(2264,27,549),(2253,27,550),(2218,27,551),(2265,27,552),(2246,27,553),(2214,27,554),(2238,27,555),(2228,27,556),(2254,27,557),(2212,27,558),(2289,27,559),(2285,27,560),(2283,27,561),(2274,27,562),(2257,27,563),(2244,27,564),(2226,27,565),(2261,27,566),(2217,27,567),(2287,27,568),(2222,27,569),(2268,27,570),(2216,27,571),(2237,27,572),(2236,27,573),(2266,27,574),(2225,27,575),(2248,27,576),(2247,27,577),(2232,27,578),(2233,27,579),(2271,27,580),(2260,27,581),(2286,27,582),(2259,27,583),(2252,27,584),(2278,27,585),(2230,27,586),(2276,27,587),(2270,27,588),(2256,27,589),(2272,27,590),(2241,27,591),(2280,27,592),(2239,27,593),(2263,27,594),(2258,27,595),(2220,27,596),(2288,27,597),(2213,27,598),(2262,27,599),(2227,27,600),(2234,27,601),(2229,27,602),(2273,27,603),(2281,27,604),(2279,27,605),(2269,27,606),(2231,27,607),(2243,27,608),(2290,27,609),(2251,27,610),(2235,27,611),(2249,27,612),(2221,27,613),(2282,27,614),(2224,27,615),(2275,27,616),(2255,27,617),(2240,27,618),(2219,27,619),(2284,27,620),(2245,27,621),(2223,27,622),(2267,27,623),(2242,27,676),(2250,27,720),(2010,27,738),(2008,27,739),(2015,27,740),(2005,27,741),(2013,27,742),(2016,27,743),(2014,27,744),(2004,27,745),(2019,27,746),(2012,27,747),(2020,27,748),(2011,27,749),(2009,27,750),(2017,27,751),(2018,27,752),(2002,27,753),(2003,27,754),(2006,27,755),(2007,27,756),(2088,27,757),(2081,27,758),(2093,27,759),(2090,27,760),(2086,27,761),(2083,27,762),(2091,27,763),(2084,27,764),(2092,27,765),(2087,27,766),(2080,27,767),(2082,27,768),(2085,27,769),(2094,27,770),(2089,27,771),(2095,27,772),(2209,27,805),(2206,27,806),(2201,27,807),(2200,27,808),(2203,27,809),(2211,27,810),(2195,27,811),(2204,27,812),(2194,27,813),(2197,27,814),(2198,27,815),(2196,27,816),(2199,27,817),(2208,27,818),(2205,27,819),(2207,27,820),(2202,27,821),(2210,27,822),(2298,27,843),(2297,27,844),(2294,27,845),(2295,27,846),(2293,27,847),(2291,27,848),(2292,27,849),(2296,27,850),(2322,28,287),(2374,28,288),(2334,28,289),(2364,28,290),(2332,28,291),(2302,28,292),(2299,28,293),(2351,28,294),(2377,28,295),(2326,28,296),(2315,28,297),(2361,28,298),(2358,28,299),(2365,28,300),(2313,28,301),(2311,28,302),(2330,28,303),(2370,28,304),(2335,28,305),(2368,28,306),(2319,28,307),(2338,28,308),(2314,28,309),(2333,28,310),(2317,28,311),(2375,28,312),(2301,28,313),(2312,28,314),(2372,28,315),(2329,28,316),(2339,28,317),(2340,28,318),(2363,28,319),(2304,28,320),(2328,28,321),(2327,28,322),(2369,28,323),(2300,28,324),(2348,28,325),(2307,28,326),(2379,28,327),(2354,28,328),(2320,28,329),(2352,28,330),(2371,28,331),(2306,28,332),(2325,28,333),(2337,28,334),(2345,28,335),(2324,28,336),(2350,28,337),(2347,28,338),(2316,28,339),(2360,28,340),(2308,28,341),(2336,28,342),(2321,28,343),(2376,28,344),(2318,28,345),(2359,28,346),(2331,28,347),(2356,28,348),(2380,28,349),(2373,28,350),(2378,28,351),(2366,28,352),(2355,28,353),(2367,28,354),(2343,28,355),(2305,28,356),(2357,28,357),(2341,28,358),(2344,28,359),(2323,28,360),(2310,28,361),(2362,28,362),(2349,28,363),(2303,28,364),(2342,28,365),(2309,28,366),(2346,28,367),(2353,28,368),(2394,28,773),(2387,28,774),(2398,28,775),(2397,28,776),(2384,28,777),(2386,28,778),(2390,28,779),(2400,28,780),(2382,28,781),(2399,28,782),(2393,28,783),(2383,28,784),(2381,28,785),(2396,28,786),(2395,28,787),(2392,28,788),(2391,28,789),(2388,28,790),(2389,28,791),(2385,28,792),(2429,29,1),(2411,29,2),(2415,29,3),(2430,29,4),(2405,29,5),(2421,29,6),(2431,29,7),(2409,29,8),(2418,29,9),(2425,29,10),(2401,29,11),(2406,29,12),(2419,29,13),(2427,29,14),(2424,29,15),(2410,29,16),(2423,29,17),(2428,29,18),(2404,29,19),(2413,29,20),(2402,29,21),(2426,29,22),(2432,29,23),(2416,29,24),(2434,29,25),(2417,29,26),(2412,29,27),(2422,29,28),(2433,29,29),(2403,29,30),(2414,29,31),(2420,29,32),(2407,29,33),(2408,29,34),(2435,29,729),(2439,29,730),(2443,29,731),(2436,29,732),(2441,29,733),(2442,29,734),(2437,29,735),(2438,29,736),(2440,29,737),(2472,30,1),(2454,30,2),(2458,30,3),(2473,30,4),(2448,30,5),(2464,30,6),(2474,30,7),(2452,30,8),(2461,30,9),(2468,30,10),(2444,30,11),(2449,30,12),(2462,30,13),(2470,30,14),(2467,30,15),(2453,30,16),(2466,30,17),(2471,30,18),(2447,30,19),(2456,30,20),(2445,30,21),(2469,30,22),(2475,30,23),(2459,30,24),(2477,30,25),(2460,30,26),(2455,30,27),(2465,30,28),(2476,30,29),(2446,30,30),(2457,30,31),(2463,30,32),(2450,30,33),(2451,30,34),(2478,30,729),(2482,30,730),(2486,30,731),(2479,30,732),(2484,30,733),(2485,30,734),(2480,30,735),(2481,30,736),(2483,30,737),(2536,31,150),(2573,31,151),(2508,31,152),(2524,31,153),(2548,31,154),(2529,31,155),(2505,31,156),(2533,31,157),(2558,31,158),(2559,31,159),(2540,31,160),(2542,31,161),(2512,31,162),(2557,31,163),(2549,31,164),(2522,31,165),(2555,31,166),(2500,31,167),(2514,31,168),(2518,31,169),(2528,31,170),(2513,31,171),(2568,31,172),(2574,31,173),(2575,31,174),(2502,31,175),(2521,31,176),(2569,31,177),(2516,31,178),(2507,31,179),(2556,31,180),(2563,31,181),(2519,31,182),(2530,31,183),(2523,31,184),(2565,31,185),(2534,31,186),(2526,31,187),(2560,31,188),(2564,31,189),(2544,31,190),(2572,31,191),(2515,31,192),(2499,31,193),(2506,31,194),(2553,31,195),(2554,31,196),(2552,31,197),(2551,31,198),(2527,31,199),(2571,31,200),(2539,31,201),(2537,31,202),(2541,31,203),(2509,31,204),(2566,31,205),(2532,31,206),(2535,31,207),(2567,31,208),(2525,31,209),(2517,31,210),(2503,31,211),(2562,31,212),(2570,31,213),(2510,31,214),(2547,31,215),(2531,31,216),(2511,31,217),(2538,31,218),(2543,31,219),(2561,31,220),(2501,31,221),(2550,31,222),(2504,31,223),(2545,31,224),(2498,31,225),(2546,31,226),(2520,31,227),(2624,31,228),(2617,31,229),(2607,31,230),(2616,31,231),(2632,31,232),(2626,31,233),(2628,31,234),(2605,31,235),(2650,31,236),(2635,31,237),(2630,31,238),(2631,31,239),(2642,31,240),(2595,31,241),(2597,31,242),(2614,31,243),(2604,31,244),(2610,31,245),(2637,31,246),(2619,31,247),(2625,31,248),(2603,31,249),(2609,31,250),(2627,31,251),(2599,31,252),(2629,31,253),(2608,31,254),(2647,31,255),(2640,31,256),(2621,31,257),(2615,31,258),(2648,31,259),(2652,31,260),(2606,31,261),(2638,31,262),(2653,31,263),(2644,31,264),(2602,31,265),(2600,31,266),(2639,31,267),(2634,31,268),(2646,31,269),(2620,31,270),(2598,31,271),(2596,31,272),(2636,31,273),(2651,31,274),(2611,31,275),(2633,31,276),(2622,31,277),(2649,31,278),(2613,31,279),(2643,31,280),(2601,31,281),(2645,31,282),(2612,31,283),(2618,31,284),(2641,31,285),(2623,31,286),(2671,31,624),(2726,31,625),(2699,31,626),(2670,31,627),(2712,31,628),(2704,31,629),(2709,31,630),(2725,31,631),(2702,31,632),(2732,31,633),(2673,31,634),(2710,31,635),(2700,31,636),(2713,31,637),(2674,31,638),(2682,31,639),(2727,31,640),(2716,31,641),(2690,31,642),(2678,31,643),(2689,31,644),(2676,31,645),(2685,31,646),(2675,31,647),(2672,31,648),(2722,31,649),(2698,31,650),(2697,31,651),(2692,31,652),(2688,31,653),(2731,31,654),(2696,31,655),(2719,31,656),(2681,31,657),(2720,31,658),(2715,31,659),(2718,31,661),(2691,31,662),(2721,31,663),(2724,31,664),(2677,31,665),(2723,31,666),(2694,31,667),(2683,31,668),(2693,31,669),(2695,31,670),(2705,31,671),(2707,31,672),(2714,31,673),(2680,31,674),(2679,31,675),(2711,31,677),(2703,31,678),(2686,31,679),(2730,31,680),(2706,31,681),(2717,31,682),(2687,31,683),(2684,31,684),(2728,31,685),(2701,31,686),(2729,31,687),(2708,31,688),(2763,31,689),(2759,31,690),(2756,31,691),(2754,31,692),(2753,31,694),(2764,31,695),(2757,31,696),(2755,31,697),(2758,31,698),(2752,31,699),(2761,31,700),(2760,31,701),(2766,31,702),(2765,31,703),(2762,31,704),(2496,31,717),(2492,31,718),(2497,31,719),(2494,31,721),(2487,31,722),(2495,31,723),(2489,31,724),(2490,31,725),(2488,31,726),(2493,31,727),(2491,31,728),(2584,31,738),(2582,31,739),(2589,31,740),(2579,31,741),(2587,31,742),(2590,31,743),(2588,31,744),(2578,31,745),(2593,31,746),(2586,31,747),(2594,31,748),(2585,31,749),(2583,31,750),(2591,31,751),(2592,31,752),(2576,31,753),(2577,31,754),(2580,31,755),(2581,31,756),(2662,31,757),(2655,31,758),(2667,31,759),(2664,31,760),(2660,31,761),(2657,31,762),(2665,31,763),(2658,31,764),(2666,31,765),(2661,31,766),(2654,31,767),(2656,31,768),(2659,31,769),(2668,31,770),(2663,31,771),(2669,31,772),(2740,31,823),(2737,31,824),(2746,31,825),(2736,31,826),(2738,31,827),(2733,31,828),(2743,31,829),(2749,31,830),(2744,31,831),(2739,31,832),(2741,31,833),(2742,31,834),(2750,31,835),(2747,31,836),(2735,31,837),(2751,31,838),(2745,31,839),(2734,31,840),(2748,31,841),(2769,31,899),(2768,31,900),(2770,31,901),(2767,31,902),(3098,32,1),(3080,32,2),(3084,32,3),(3099,32,4),(3074,32,5),(3090,32,6),(3100,32,7),(3078,32,8),(3087,32,9),(3094,32,10),(3070,32,11),(3075,32,12),(3088,32,13),(3096,32,14),(3093,32,15),(3079,32,16),(3092,32,17),(3097,32,18),(3073,32,19),(3082,32,20),(3071,32,21),(3095,32,22),(3101,32,23),(3085,32,24),(3103,32,25),(3086,32,26),(3081,32,27),(3091,32,28),(3102,32,29),(3072,32,30),(3083,32,31),(3089,32,32),(3076,32,33),(3077,32,34),(2817,32,287),(2869,32,288),(2829,32,289),(2859,32,290),(2827,32,291),(2797,32,292),(2794,32,293),(2846,32,294),(2872,32,295),(2821,32,296),(2810,32,297),(2856,32,298),(2853,32,299),(2860,32,300),(2808,32,301),(2806,32,302),(2825,32,303),(2865,32,304),(2830,32,305),(2863,32,306),(2814,32,307),(2833,32,308),(2809,32,309),(2828,32,310),(2812,32,311),(2870,32,312),(2796,32,313),(2807,32,314),(2867,32,315),(2824,32,316),(2834,32,317),(2835,32,318),(2858,32,319),(2799,32,320),(2823,32,321),(2822,32,322),(2864,32,323),(2795,32,324),(2843,32,325),(2802,32,326),(2874,32,327),(2849,32,328),(2815,32,329),(2847,32,330),(2866,32,331),(2801,32,332),(2820,32,333),(2832,32,334),(2840,32,335),(2819,32,336),(2845,32,337),(2842,32,338),(2811,32,339),(2855,32,340),(2803,32,341),(2831,32,342),(2816,32,343),(2871,32,344),(2813,32,345),(2854,32,346),(2826,32,347),(2851,32,348),(2875,32,349),(2868,32,350),(2873,32,351),(2861,32,352),(2850,32,353),(2862,32,354),(2838,32,355),(2800,32,356),(2852,32,357),(2836,32,358),(2839,32,359),(2818,32,360),(2805,32,361),(2857,32,362),(2844,32,363),(2798,32,364),(2837,32,365),(2804,32,366),(2841,32,367),(2848,32,368),(2919,32,369),(2918,32,370),(2916,32,371),(2944,32,372),(2949,32,373),(2907,32,374),(2960,32,375),(2967,32,376),(2938,32,377),(2975,32,378),(2959,32,379),(2972,32,380),(2936,32,381),(2947,32,382),(2921,32,383),(2900,32,384),(2903,32,385),(2935,32,386),(2962,32,387),(2904,32,388),(2943,32,389),(2937,32,390),(2908,32,391),(2905,32,392),(2909,32,393),(2956,32,394),(2929,32,395),(2913,32,396),(2911,32,397),(2968,32,398),(2974,32,399),(2954,32,400),(2896,32,401),(2951,32,402),(2939,32,403),(2898,32,404),(2933,32,405),(2942,32,406),(2927,32,407),(2958,32,408),(2930,32,409),(2961,32,410),(2941,32,411),(2957,32,412),(2964,32,413),(2934,32,414),(2917,32,415),(2945,32,416),(2973,32,417),(2970,32,418),(2971,32,419),(2928,32,420),(2920,32,421),(2931,32,422),(2922,32,423),(2953,32,424),(2897,32,425),(2963,32,426),(2923,32,427),(2924,32,428),(2915,32,429),(2925,32,430),(2902,32,431),(2901,32,432),(2965,32,433),(2966,32,434),(2969,32,435),(2952,32,436),(2955,32,437),(2932,32,438),(2950,32,439),(2899,32,440),(2910,32,441),(2926,32,442),(2914,32,443),(2948,32,444),(2912,32,445),(2906,32,446),(2946,32,447),(2940,32,448),(3211,32,547),(3149,32,548),(3198,32,549),(3187,32,550),(3152,32,551),(3199,32,552),(3180,32,553),(3148,32,554),(3172,32,555),(3162,32,556),(3188,32,557),(3146,32,558),(3223,32,559),(3219,32,560),(3217,32,561),(3208,32,562),(3191,32,563),(3178,32,564),(3160,32,565),(3195,32,566),(3151,32,567),(3221,32,568),(3156,32,569),(3202,32,570),(3150,32,571),(3171,32,572),(3170,32,573),(3200,32,574),(3159,32,575),(3182,32,576),(3181,32,577),(3166,32,578),(3167,32,579),(3205,32,580),(3194,32,581),(3220,32,582),(3193,32,583),(3186,32,584),(3212,32,585),(3164,32,586),(3210,32,587),(3204,32,588),(3190,32,589),(3206,32,590),(3175,32,591),(3214,32,592),(3173,32,593),(3197,32,594),(3192,32,595),(3154,32,596),(3222,32,597),(3147,32,598),(3196,32,599),(3161,32,600),(3168,32,601),(3163,32,602),(3207,32,603),(3215,32,604),(3213,32,605),(3203,32,606),(3165,32,607),(3177,32,608),(3224,32,609),(3185,32,610),(3169,32,611),(3183,32,612),(3155,32,613),(3216,32,614),(3158,32,615),(3209,32,616),(3189,32,617),(3174,32,618),(3153,32,619),(3218,32,620),(3179,32,621),(3157,32,622),(3201,32,623),(2989,32,624),(3044,32,625),(3017,32,626),(2988,32,627),(3030,32,628),(3022,32,629),(3027,32,630),(3043,32,631),(3020,32,632),(3050,32,633),(2991,32,634),(3028,32,635),(3018,32,636),(3031,32,637),(2992,32,638),(3000,32,639),(3045,32,640),(3034,32,641),(3008,32,642),(2996,32,643),(3007,32,644),(2994,32,645),(3003,32,646),(2993,32,647),(2990,32,648),(3040,32,649),(3016,32,650),(3015,32,651),(3010,32,652),(3006,32,653),(3049,32,654),(3014,32,655),(3037,32,656),(2999,32,657),(3038,32,658),(3033,32,659),(3036,32,661),(3009,32,662),(3039,32,663),(3042,32,664),(2995,32,665),(3041,32,666),(3012,32,667),(3001,32,668),(3011,32,669),(3013,32,670),(3023,32,671),(3025,32,672),(3032,32,673),(2998,32,674),(2997,32,675),(3176,32,676),(3029,32,677),(3021,32,678),(3004,32,679),(3048,32,680),(3024,32,681),(3035,32,682),(3005,32,683),(3002,32,684),(3046,32,685),(3019,32,686),(3047,32,687),(3026,32,688),(2782,32,705),(2776,32,706),(2778,32,707),(2774,32,708),(2771,32,709),(2780,32,710),(2773,32,711),(2777,32,712),(2775,32,713),(2779,32,714),(2772,32,715),(2781,32,716),(2792,32,717),(2788,32,718),(2793,32,719),(3184,32,720),(2790,32,721),(2783,32,722),(2791,32,723),(2785,32,724),(2786,32,725),(2784,32,726),(2789,32,727),(2787,32,728),(3104,32,729),(3108,32,730),(3112,32,731),(3105,32,732),(3110,32,733),(3111,32,734),(3106,32,735),(3107,32,736),(3109,32,737),(2889,32,773),(2882,32,774),(2893,32,775),(2892,32,776),(2879,32,777),(2881,32,778),(2885,32,779),(2895,32,780),(2877,32,781),(2894,32,782),(2888,32,783),(2878,32,784),(2876,32,785),(2891,32,786),(2890,32,787),(2887,32,788),(2886,32,789),(2883,32,790),(2884,32,791),(2880,32,792),(2983,32,793),(2984,32,794),(2978,32,795),(2977,32,796),(2982,32,797),(2986,32,798),(2985,32,799),(2981,32,800),(2976,32,801),(2987,32,802),(2979,32,803),(2980,32,804),(3058,32,823),(3055,32,824),(3064,32,825),(3054,32,826),(3056,32,827),(3051,32,828),(3061,32,829),(3067,32,830),(3062,32,831),(3057,32,832),(3059,32,833),(3060,32,834),(3068,32,835),(3065,32,836),(3053,32,837),(3069,32,838),(3063,32,839),(3052,32,840),(3066,32,841),(3232,32,843),(3231,32,844),(3228,32,845),(3229,32,846),(3227,32,847),(3225,32,848),(3226,32,849),(3230,32,850),(3235,32,851),(3234,32,852),(3245,32,853),(3244,32,854),(3243,32,855),(3241,32,856),(3233,32,857),(3240,32,858),(3246,32,859),(3239,32,860),(3237,32,861),(3236,32,862),(3238,32,863),(3242,32,864),(3120,32,865),(3125,32,866),(3115,32,867),(3117,32,868),(3122,32,869),(3118,32,870),(3123,32,871),(3116,32,872),(3119,32,873),(3121,32,874),(3114,32,875),(3124,32,876),(3113,32,877),(3126,32,878),(3133,32,879),(3144,32,880),(3128,32,881),(3140,32,882),(3141,32,883),(3134,32,884),(3139,32,885),(3130,32,886),(3138,32,887),(3143,32,888),(3127,32,889),(3137,32,890),(3136,32,891),(3129,32,893),(3132,32,894),(3142,32,895),(3131,32,896),(3145,32,897),(3135,32,898),(3517,33,35),(3541,33,36),(3477,33,37),(3524,33,38),(3509,33,39),(3512,33,40),(3482,33,41),(3529,33,42),(3516,33,43),(3472,33,44),(3500,33,45),(3535,33,46),(3540,33,47),(3440,33,48),(3502,33,49),(3506,33,50),(3518,33,51),(3508,33,52),(3473,33,53),(3470,33,54),(3493,33,55),(3453,33,56),(3528,33,57),(3446,33,58),(3503,33,59),(3527,33,60),(3478,33,61),(3547,33,62),(3536,33,63),(3544,33,64),(3530,33,65),(3474,33,66),(3475,33,67),(3468,33,68),(3451,33,69),(3465,33,70),(3495,33,71),(3459,33,72),(3452,33,73),(3488,33,74),(3545,33,75),(3497,33,76),(3442,33,77),(3511,33,78),(3461,33,79),(3542,33,80),(3532,33,81),(3480,33,82),(3492,33,83),(3499,33,84),(3531,33,85),(3487,33,86),(3441,33,87),(3551,33,88),(3543,33,89),(3521,33,90),(3534,33,91),(3462,33,92),(3486,33,93),(3514,33,94),(3510,33,95),(3484,33,96),(3485,33,97),(3515,33,98),(3454,33,99),(3522,33,100),(3455,33,101),(3463,33,102),(3445,33,103),(3504,33,104),(3443,33,105),(3520,33,106),(3438,33,107),(3549,33,108),(3548,33,109),(3507,33,110),(3479,33,111),(3546,33,112),(3525,33,113),(3552,33,114),(3458,33,115),(3513,33,116),(3533,33,117),(3457,33,118),(3439,33,119),(3456,33,120),(3449,33,121),(3490,33,122),(3460,33,123),(3467,33,124),(3494,33,125),(3450,33,126),(3491,33,127),(3483,33,128),(3466,33,129),(3489,33,130),(3550,33,131),(3498,33,132),(3469,33,133),(3476,33,134),(3519,33,135),(3505,33,136),(3481,33,137),(3523,33,138),(3526,33,139),(3537,33,140),(3501,33,141),(3471,33,142),(3448,33,143),(3539,33,144),(3496,33,145),(3444,33,146),(3538,33,147),(3464,33,148),(3447,33,149),(3285,33,150),(3322,33,151),(3257,33,152),(3273,33,153),(3297,33,154),(3278,33,155),(3254,33,156),(3282,33,157),(3307,33,158),(3308,33,159),(3289,33,160),(3291,33,161),(3261,33,162),(3306,33,163),(3298,33,164),(3271,33,165),(3304,33,166),(3249,33,167),(3263,33,168),(3267,33,169),(3277,33,170),(3262,33,171),(3317,33,172),(3323,33,173),(3324,33,174),(3251,33,175),(3270,33,176),(3318,33,177),(3265,33,178),(3256,33,179),(3305,33,180),(3312,33,181),(3268,33,182),(3279,33,183),(3272,33,184),(3314,33,185),(3283,33,186),(3275,33,187),(3309,33,188),(3313,33,189),(3293,33,190),(3321,33,191),(3264,33,192),(3248,33,193),(3255,33,194),(3302,33,195),(3303,33,196),(3301,33,197),(3300,33,198),(3276,33,199),(3320,33,200),(3288,33,201),(3286,33,202),(3290,33,203),(3258,33,204),(3315,33,205),(3281,33,206),(3284,33,207),(3316,33,208),(3274,33,209),(3266,33,210),(3252,33,211),(3311,33,212),(3319,33,213),(3259,33,214),(3296,33,215),(3280,33,216),(3260,33,217),(3287,33,218),(3292,33,219),(3310,33,220),(3250,33,221),(3299,33,222),(3253,33,223),(3294,33,224),(3247,33,225),(3295,33,226),(3269,33,227),(3373,33,228),(3366,33,229),(3356,33,230),(3365,33,231),(3381,33,232),(3375,33,233),(3377,33,234),(3354,33,235),(3399,33,236),(3384,33,237),(3379,33,238),(3380,33,239),(3391,33,240),(3344,33,241),(3346,33,242),(3363,33,243),(3353,33,244),(3359,33,245),(3386,33,246),(3368,33,247),(3374,33,248),(3352,33,249),(3358,33,250),(3376,33,251),(3348,33,252),(3378,33,253),(3357,33,254),(3396,33,255),(3389,33,256),(3370,33,257),(3364,33,258),(3397,33,259),(3401,33,260),(3355,33,261),(3387,33,262),(3402,33,263),(3393,33,264),(3351,33,265),(3349,33,266),(3388,33,267),(3383,33,268),(3395,33,269),(3369,33,270),(3347,33,271),(3345,33,272),(3385,33,273),(3400,33,274),(3360,33,275),(3382,33,276),(3371,33,277),(3398,33,278),(3362,33,279),(3392,33,280),(3350,33,281),(3394,33,282),(3361,33,283),(3367,33,284),(3390,33,285),(3372,33,286),(3631,33,449),(3558,33,450),(3572,33,451),(3601,33,452),(3636,33,453),(3593,33,454),(3599,33,455),(3623,33,456),(3632,33,457),(3648,33,458),(3570,33,459),(3626,33,460),(3598,33,461),(3565,33,462),(3613,33,463),(3644,33,464),(3649,33,465),(3619,33,466),(3560,33,467),(3612,33,468),(3587,33,469),(3573,33,470),(3561,33,471),(3621,33,472),(3588,33,473),(3622,33,474),(3567,33,475),(3642,33,476),(3609,33,477),(3627,33,478),(3562,33,479),(3581,33,480),(3602,33,481),(3569,33,482),(3650,33,483),(3590,33,484),(3611,33,485),(3630,33,486),(3597,33,487),(3563,33,488),(3646,33,489),(3629,33,490),(3577,33,491),(3617,33,492),(3596,33,493),(3628,33,494),(3637,33,495),(3555,33,496),(3618,33,497),(3556,33,498),(3605,33,499),(3610,33,500),(3607,33,501),(3578,33,502),(3641,33,503),(3591,33,504),(3571,33,505),(3606,33,506),(3584,33,507),(3579,33,508),(3639,33,509),(3620,33,510),(3643,33,511),(3638,33,512),(3615,33,513),(3589,33,514),(3582,33,515),(3633,33,516),(3614,33,517),(3557,33,518),(3566,33,519),(3553,33,520),(3608,33,521),(3580,33,522),(3559,33,523),(3647,33,524),(3592,33,525),(3594,33,526),(3554,33,527),(3600,33,528),(3564,33,529),(3583,33,530),(3574,33,531),(3640,33,532),(3595,33,533),(3586,33,534),(3575,33,535),(3585,33,536),(3604,33,537),(3635,33,538),(3624,33,539),(3625,33,540),(3568,33,541),(3603,33,542),(3634,33,543),(3616,33,544),(3645,33,545),(3576,33,546),(3430,33,689),(3426,33,690),(3423,33,691),(3421,33,692),(3420,33,694),(3431,33,695),(3424,33,696),(3422,33,697),(3425,33,698),(3419,33,699),(3428,33,700),(3427,33,701),(3433,33,702),(3432,33,703),(3429,33,704),(3333,33,738),(3331,33,739),(3338,33,740),(3328,33,741),(3336,33,742),(3339,33,743),(3337,33,744),(3327,33,745),(3342,33,746),(3335,33,747),(3343,33,748),(3334,33,749),(3332,33,750),(3340,33,751),(3341,33,752),(3325,33,753),(3326,33,754),(3329,33,755),(3330,33,756),(3411,33,757),(3404,33,758),(3416,33,759),(3413,33,760),(3409,33,761),(3406,33,762),(3414,33,763),(3407,33,764),(3415,33,765),(3410,33,766),(3403,33,767),(3405,33,768),(3408,33,769),(3417,33,770),(3412,33,771),(3418,33,772),(3666,33,805),(3663,33,806),(3658,33,807),(3657,33,808),(3660,33,809),(3668,33,810),(3652,33,811),(3661,33,812),(3651,33,813),(3654,33,814),(3655,33,815),(3653,33,816),(3656,33,817),(3665,33,818),(3662,33,819),(3664,33,820),(3659,33,821),(3667,33,822),(3436,33,899),(3435,33,900),(3437,33,901),(3434,33,902),(3747,34,449),(3674,34,450),(3688,34,451),(3717,34,452),(3752,34,453),(3709,34,454),(3715,34,455),(3739,34,456),(3748,34,457),(3764,34,458),(3686,34,459),(3742,34,460),(3714,34,461),(3681,34,462),(3729,34,463),(3760,34,464),(3765,34,465),(3735,34,466),(3676,34,467),(3728,34,468),(3703,34,469),(3689,34,470),(3677,34,471),(3737,34,472),(3704,34,473),(3738,34,474),(3683,34,475),(3758,34,476),(3725,34,477),(3743,34,478),(3678,34,479),(3697,34,480),(3718,34,481),(3685,34,482),(3766,34,483),(3706,34,484),(3727,34,485),(3746,34,486),(3713,34,487),(3679,34,488),(3762,34,489),(3745,34,490),(3693,34,491),(3733,34,492),(3712,34,493),(3744,34,494),(3753,34,495),(3671,34,496),(3734,34,497),(3672,34,498),(3721,34,499),(3726,34,500),(3723,34,501),(3694,34,502),(3757,34,503),(3707,34,504),(3687,34,505),(3722,34,506),(3700,34,507),(3695,34,508),(3755,34,509),(3736,34,510),(3759,34,511),(3754,34,512),(3731,34,513),(3705,34,514),(3698,34,515),(3749,34,516),(3730,34,517),(3673,34,518),(3682,34,519),(3669,34,520),(3724,34,521),(3696,34,522),(3675,34,523),(3763,34,524),(3708,34,525),(3710,34,526),(3670,34,527),(3716,34,528),(3680,34,529),(3699,34,530),(3690,34,531),(3756,34,532),(3711,34,533),(3702,34,534),(3691,34,535),(3701,34,536),(3720,34,537),(3751,34,538),(3740,34,539),(3741,34,540),(3684,34,541),(3719,34,542),(3750,34,543),(3732,34,544),(3761,34,545),(3692,34,546),(3782,34,805),(3779,34,806),(3774,34,807),(3773,34,808),(3776,34,809),(3784,34,810),(3768,34,811),(3777,34,812),(3767,34,813),(3770,34,814),(3771,34,815),(3769,34,816),(3772,34,817),(3781,34,818),(3778,34,819),(3780,34,820),(3775,34,821),(3783,34,822),(3863,35,449),(3790,35,450),(3804,35,451),(3833,35,452),(3868,35,453),(3825,35,454),(3831,35,455),(3855,35,456),(3864,35,457),(3880,35,458),(3802,35,459),(3858,35,460),(3830,35,461),(3797,35,462),(3845,35,463),(3876,35,464),(3881,35,465),(3851,35,466),(3792,35,467),(3844,35,468),(3819,35,469),(3805,35,470),(3793,35,471),(3853,35,472),(3820,35,473),(3854,35,474),(3799,35,475),(3874,35,476),(3841,35,477),(3859,35,478),(3794,35,479),(3813,35,480),(3834,35,481),(3801,35,482),(3882,35,483),(3822,35,484),(3843,35,485),(3862,35,486),(3829,35,487),(3795,35,488),(3878,35,489),(3861,35,490),(3809,35,491),(3849,35,492),(3828,35,493),(3860,35,494),(3869,35,495),(3787,35,496),(3850,35,497),(3788,35,498),(3837,35,499),(3842,35,500),(3839,35,501),(3810,35,502),(3873,35,503),(3823,35,504),(3803,35,505),(3838,35,506),(3816,35,507),(3811,35,508),(3871,35,509),(3852,35,510),(3875,35,511),(3870,35,512),(3847,35,513),(3821,35,514),(3814,35,515),(3865,35,516),(3846,35,517),(3789,35,518),(3798,35,519),(3785,35,520),(3840,35,521),(3812,35,522),(3791,35,523),(3879,35,524),(3824,35,525),(3826,35,526),(3786,35,527),(3832,35,528),(3796,35,529),(3815,35,530),(3806,35,531),(3872,35,532),(3827,35,533),(3818,35,534),(3807,35,535),(3817,35,536),(3836,35,537),(3867,35,538),(3856,35,539),(3857,35,540),(3800,35,541),(3835,35,542),(3866,35,543),(3848,35,544),(3877,35,545),(3808,35,546),(3898,35,805),(3895,35,806),(3890,35,807),(3889,35,808),(3892,35,809),(3900,35,810),(3884,35,811),(3893,35,812),(3883,35,813),(3886,35,814),(3887,35,815),(3885,35,816),(3888,35,817),(3897,35,818),(3894,35,819),(3896,35,820),(3891,35,821),(3899,35,822),(3966,36,547),(3904,36,548),(3953,36,549),(3942,36,550),(3907,36,551),(3954,36,552),(3935,36,553),(3903,36,554),(3927,36,555),(3917,36,556),(3943,36,557),(3901,36,558),(3978,36,559),(3974,36,560),(3972,36,561),(3963,36,562),(3946,36,563),(3933,36,564),(3915,36,565),(3950,36,566),(3906,36,567),(3976,36,568),(3911,36,569),(3957,36,570),(3905,36,571),(3926,36,572),(3925,36,573),(3955,36,574),(3914,36,575),(3937,36,576),(3936,36,577),(3921,36,578),(3922,36,579),(3960,36,580),(3949,36,581),(3975,36,582),(3948,36,583),(3941,36,584),(3967,36,585),(3919,36,586),(3965,36,587),(3959,36,588),(3945,36,589),(3961,36,590),(3930,36,591),(3969,36,592),(3928,36,593),(3952,36,594),(3947,36,595),(3909,36,596),(3977,36,597),(3902,36,598),(3951,36,599),(3916,36,600),(3923,36,601),(3918,36,602),(3962,36,603),(3970,36,604),(3968,36,605),(3958,36,606),(3920,36,607),(3932,36,608),(3979,36,609),(3940,36,610),(3924,36,611),(3938,36,612),(3910,36,613),(3971,36,614),(3913,36,615),(3964,36,616),(3944,36,617),(3929,36,618),(3908,36,619),(3973,36,620),(3934,36,621),(3912,36,622),(3956,36,623),(3931,36,676),(3939,36,720),(3987,36,843),(3986,36,844),(3983,36,845),(3984,36,846),(3982,36,847),(3980,36,848),(3981,36,849),(3985,36,850),(4053,37,547),(3991,37,548),(4040,37,549),(4029,37,550),(3994,37,551),(4041,37,552),(4022,37,553),(3990,37,554),(4014,37,555),(4004,37,556),(4030,37,557),(3988,37,558),(4065,37,559),(4061,37,560),(4059,37,561),(4050,37,562),(4033,37,563),(4020,37,564),(4002,37,565),(4037,37,566),(3993,37,567),(4063,37,568),(3998,37,569),(4044,37,570),(3992,37,571),(4013,37,572),(4012,37,573),(4042,37,574),(4001,37,575),(4024,37,576),(4023,37,577),(4008,37,578),(4009,37,579),(4047,37,580),(4036,37,581),(4062,37,582),(4035,37,583),(4028,37,584),(4054,37,585),(4006,37,586),(4052,37,587),(4046,37,588),(4032,37,589),(4048,37,590),(4017,37,591),(4056,37,592),(4015,37,593),(4039,37,594),(4034,37,595),(3996,37,596),(4064,37,597),(3989,37,598),(4038,37,599),(4003,37,600),(4010,37,601),(4005,37,602),(4049,37,603),(4057,37,604),(4055,37,605),(4045,37,606),(4007,37,607),(4019,37,608),(4066,37,609),(4027,37,610),(4011,37,611),(4025,37,612),(3997,37,613),(4058,37,614),(4000,37,615),(4051,37,616),(4031,37,617),(4016,37,618),(3995,37,619),(4060,37,620),(4021,37,621),(3999,37,622),(4043,37,623),(4018,37,676),(4026,37,720),(4074,37,843),(4073,37,844),(4070,37,845),(4071,37,846),(4069,37,847),(4067,37,848),(4068,37,849),(4072,37,850),(4140,38,547),(4078,38,548),(4127,38,549),(4116,38,550),(4081,38,551),(4128,38,552),(4109,38,553),(4077,38,554),(4101,38,555),(4091,38,556),(4117,38,557),(4075,38,558),(4152,38,559),(4148,38,560),(4146,38,561),(4137,38,562),(4120,38,563),(4107,38,564),(4089,38,565),(4124,38,566),(4080,38,567),(4150,38,568),(4085,38,569),(4131,38,570),(4079,38,571),(4100,38,572),(4099,38,573),(4129,38,574),(4088,38,575),(4111,38,576),(4110,38,577),(4095,38,578),(4096,38,579),(4134,38,580),(4123,38,581),(4149,38,582),(4122,38,583),(4115,38,584),(4141,38,585),(4093,38,586),(4139,38,587),(4133,38,588),(4119,38,589),(4135,38,590),(4104,38,591),(4143,38,592),(4102,38,593),(4126,38,594),(4121,38,595),(4083,38,596),(4151,38,597),(4076,38,598),(4125,38,599),(4090,38,600),(4097,38,601),(4092,38,602),(4136,38,603),(4144,38,604),(4142,38,605),(4132,38,606),(4094,38,607),(4106,38,608),(4153,38,609),(4114,38,610),(4098,38,611),(4112,38,612),(4084,38,613),(4145,38,614),(4087,38,615),(4138,38,616),(4118,38,617),(4103,38,618),(4082,38,619),(4147,38,620),(4108,38,621),(4086,38,622),(4130,38,623),(4105,38,676),(4113,38,720),(4161,38,843),(4160,38,844),(4157,38,845),(4158,38,846),(4156,38,847),(4154,38,848),(4155,38,849),(4159,38,850),(4240,39,449),(4167,39,450),(4181,39,451),(4210,39,452),(4245,39,453),(4202,39,454),(4208,39,455),(4232,39,456),(4241,39,457),(4257,39,458),(4179,39,459),(4235,39,460),(4207,39,461),(4174,39,462),(4222,39,463),(4253,39,464),(4258,39,465),(4228,39,466),(4169,39,467),(4221,39,468),(4196,39,469),(4182,39,470),(4170,39,471),(4230,39,472),(4197,39,473),(4231,39,474),(4176,39,475),(4251,39,476),(4218,39,477),(4236,39,478),(4171,39,479),(4190,39,480),(4211,39,481),(4178,39,482),(4259,39,483),(4199,39,484),(4220,39,485),(4239,39,486),(4206,39,487),(4172,39,488),(4255,39,489),(4238,39,490),(4186,39,491),(4226,39,492),(4205,39,493),(4237,39,494),(4246,39,495),(4164,39,496),(4227,39,497),(4165,39,498),(4214,39,499),(4219,39,500),(4216,39,501),(4187,39,502),(4250,39,503),(4200,39,504),(4180,39,505),(4215,39,506),(4193,39,507),(4188,39,508),(4248,39,509),(4229,39,510),(4252,39,511),(4247,39,512),(4224,39,513),(4198,39,514),(4191,39,515),(4242,39,516),(4223,39,517),(4166,39,518),(4175,39,519),(4162,39,520),(4217,39,521),(4189,39,522),(4168,39,523),(4256,39,524),(4201,39,525),(4203,39,526),(4163,39,527),(4209,39,528),(4173,39,529),(4192,39,530),(4183,39,531),(4249,39,532),(4204,39,533),(4195,39,534),(4184,39,535),(4194,39,536),(4213,39,537),(4244,39,538),(4233,39,539),(4234,39,540),(4177,39,541),(4212,39,542),(4243,39,543),(4225,39,544),(4254,39,545),(4185,39,546),(4275,39,805),(4272,39,806),(4267,39,807),(4266,39,808),(4269,39,809),(4277,39,810),(4261,39,811),(4270,39,812),(4260,39,813),(4263,39,814),(4264,39,815),(4262,39,816),(4265,39,817),(4274,39,818),(4271,39,819),(4273,39,820),(4268,39,821),(4276,39,822),(4285,40,793),(4286,40,794),(4280,40,795),(4279,40,796),(4284,40,797),(4288,40,798),(4287,40,799),(4283,40,800),(4278,40,801),(4289,40,802),(4281,40,803),(4282,40,804),(4291,42,624),(4346,42,625),(4319,42,626),(4290,42,627),(4332,42,628),(4324,42,629),(4329,42,630),(4345,42,631),(4322,42,632),(4352,42,633),(4293,42,634),(4330,42,635),(4320,42,636),(4333,42,637),(4294,42,638),(4302,42,639),(4347,42,640),(4336,42,641),(4310,42,642),(4298,42,643),(4309,42,644),(4296,42,645),(4305,42,646),(4295,42,647),(4292,42,648),(4342,42,649),(4318,42,650),(4317,42,651),(4312,42,652),(4308,42,653),(4351,42,654),(4316,42,655),(4339,42,656),(4301,42,657),(4340,42,658),(4335,42,659),(4338,42,661),(4311,42,662),(4341,42,663),(4344,42,664),(4297,42,665),(4343,42,666),(4314,42,667),(4303,42,668),(4313,42,669),(4315,42,670),(4325,42,671),(4327,42,672),(4334,42,673),(4300,42,674),(4299,42,675),(4331,42,677),(4323,42,678),(4306,42,679),(4350,42,680),(4326,42,681),(4337,42,682),(4307,42,683),(4304,42,684),(4348,42,685),(4321,42,686),(4349,42,687),(4328,42,688),(4360,42,823),(4357,42,824),(4366,42,825),(4356,42,826),(4358,42,827),(4353,42,828),(4363,42,829),(4369,42,830),(4364,42,831),(4359,42,832),(4361,42,833),(4362,42,834),(4370,42,835),(4367,42,836),(4355,42,837),(4371,42,838),(4365,42,839),(4354,42,840),(4368,42,841),(4383,43,689),(4379,43,690),(4376,43,691),(4374,43,692),(4373,43,694),(4384,43,695),(4377,43,696),(4375,43,697),(4378,43,698),(4372,43,699),(4381,43,700),(4380,43,701),(4386,43,702),(4385,43,703),(4382,43,704),(4389,43,899),(4388,43,900),(4390,43,901),(4387,43,902),(4431,44,1),(4413,44,2),(4417,44,3),(4432,44,4),(4407,44,5),(4423,44,6),(4433,44,7),(4411,44,8),(4420,44,9),(4427,44,10),(4403,44,11),(4408,44,12),(4421,44,13),(4429,44,14),(4426,44,15),(4412,44,16),(4425,44,17),(4430,44,18),(4406,44,19),(4415,44,20),(4404,44,21),(4428,44,22),(4434,44,23),(4418,44,24),(4436,44,25),(4419,44,26),(4414,44,27),(4424,44,28),(4435,44,29),(4405,44,30),(4416,44,31),(4422,44,32),(4409,44,33),(4410,44,34),(4469,44,369),(4468,44,370),(4466,44,371),(4494,44,372),(4499,44,373),(4457,44,374),(4510,44,375),(4517,44,376),(4488,44,377),(4525,44,378),(4509,44,379),(4522,44,380),(4486,44,381),(4497,44,382),(4471,44,383),(4450,44,384),(4453,44,385),(4485,44,386),(4512,44,387),(4454,44,388),(4493,44,389),(4487,44,390),(4458,44,391),(4455,44,392),(4459,44,393),(4506,44,394),(4479,44,395),(4463,44,396),(4461,44,397),(4518,44,398),(4524,44,399),(4504,44,400),(4446,44,401),(4501,44,402),(4489,44,403),(4448,44,404),(4483,44,405),(4492,44,406),(4477,44,407),(4508,44,408),(4480,44,409),(4511,44,410),(4491,44,411),(4507,44,412),(4514,44,413),(4484,44,414),(4467,44,415),(4495,44,416),(4523,44,417),(4520,44,418),(4521,44,419),(4478,44,420),(4470,44,421),(4481,44,422),(4472,44,423),(4503,44,424),(4447,44,425),(4513,44,426),(4473,44,427),(4474,44,428),(4465,44,429),(4475,44,430),(4452,44,431),(4451,44,432),(4515,44,433),(4516,44,434),(4519,44,435),(4502,44,436),(4505,44,437),(4482,44,438),(4500,44,439),(4449,44,440),(4460,44,441),(4476,44,442),(4464,44,443),(4498,44,444),(4462,44,445),(4456,44,446),(4496,44,447),(4490,44,448),(4402,44,705),(4396,44,706),(4398,44,707),(4394,44,708),(4391,44,709),(4400,44,710),(4393,44,711),(4397,44,712),(4395,44,713),(4399,44,714),(4392,44,715),(4401,44,716),(4437,44,729),(4441,44,730),(4445,44,731),(4438,44,732),(4443,44,733),(4444,44,734),(4439,44,735),(4440,44,736),(4442,44,737),(4528,44,851),(4527,44,852),(4538,44,853),(4537,44,854),(4536,44,855),(4534,44,856),(4526,44,857),(4533,44,858),(4539,44,859),(4532,44,860),(4530,44,861),(4529,44,862),(4531,44,863),(4535,44,864),(4552,45,624),(4607,45,625),(4580,45,626),(4551,45,627),(4593,45,628),(4585,45,629),(4590,45,630),(4606,45,631),(4583,45,632),(4613,45,633),(4554,45,634),(4591,45,635),(4581,45,636),(4594,45,637),(4555,45,638),(4563,45,639),(4608,45,640),(4597,45,641),(4571,45,642),(4559,45,643),(4570,45,644),(4557,45,645),(4566,45,646),(4556,45,647),(4553,45,648),(4603,45,649),(4579,45,650),(4578,45,651),(4573,45,652),(4569,45,653),(4612,45,654),(4577,45,655),(4600,45,656),(4562,45,657),(4601,45,658),(4596,45,659),(4599,45,661),(4572,45,662),(4602,45,663),(4605,45,664),(4558,45,665),(4604,45,666),(4575,45,667),(4564,45,668),(4574,45,669),(4576,45,670),(4586,45,671),(4588,45,672),(4595,45,673),(4561,45,674),(4560,45,675),(4592,45,677),(4584,45,678),(4567,45,679),(4611,45,680),(4587,45,681),(4598,45,682),(4568,45,683),(4565,45,684),(4609,45,685),(4582,45,686),(4610,45,687),(4589,45,688),(4644,45,689),(4640,45,690),(4637,45,691),(4635,45,692),(4634,45,694),(4645,45,695),(4638,45,696),(4636,45,697),(4639,45,698),(4633,45,699),(4642,45,700),(4641,45,701),(4647,45,702),(4646,45,703),(4643,45,704),(4549,45,717),(4545,45,718),(4550,45,719),(4547,45,721),(4540,45,722),(4548,45,723),(4542,45,724),(4543,45,725),(4541,45,726),(4546,45,727),(4544,45,728),(4621,45,823),(4618,45,824),(4627,45,825),(4617,45,826),(4619,45,827),(4614,45,828),(4624,45,829),(4630,45,830),(4625,45,831),(4620,45,832),(4622,45,833),(4623,45,834),(4631,45,835),(4628,45,836),(4616,45,837),(4632,45,838),(4626,45,839),(4615,45,840),(4629,45,841),(4650,45,899),(4649,45,900),(4651,45,901),(4648,45,902),(4687,46,35),(4702,46,36),(4670,46,37),(4684,46,39),(4694,46,42),(4668,46,44),(4680,46,45),(4697,46,46),(4701,46,47),(4653,46,48),(4682,46,49),(4688,46,51),(4683,46,52),(4693,46,57),(4658,46,58),(4705,46,62),(4669,46,66),(4664,46,72),(4674,46,74),(4704,46,75),(4679,46,76),(4655,46,77),(4665,46,79),(4703,46,80),(4695,46,85),(4654,46,87),(4708,46,88),(4690,46,90),(4696,46,91),(4666,46,92),(4685,46,95),(4673,46,97),(4686,46,98),(4657,46,103),(4656,46,105),(4652,46,107),(4706,46,109),(4671,46,111),(4709,46,114),(4663,46,115),(4662,46,120),(4661,46,121),(4676,46,122),(4677,46,127),(4672,46,128),(4667,46,129),(4675,46,130),(4707,46,131),(4689,46,135),(4691,46,138),(4692,46,139),(4698,46,140),(4681,46,141),(4660,46,143),(4700,46,144),(4678,46,145),(4699,46,147),(4659,46,149),(4726,46,454),(4742,46,456),(4744,46,460),(4728,46,461),(4736,46,463),(4756,46,465),(4739,46,466),(4714,46,467),(4735,46,468),(4719,46,470),(4715,46,471),(4741,46,472),(4724,46,473),(4729,46,481),(4718,46,482),(4734,46,485),(4754,46,489),(4745,46,494),(4749,46,495),(4711,46,496),(4738,46,497),(4712,46,498),(4731,46,499),(4732,46,501),(4720,46,502),(4751,46,503),(4725,46,504),(4721,46,508),(4740,46,510),(4752,46,511),(4746,46,516),(4737,46,517),(4716,46,519),(4733,46,521),(4713,46,523),(4755,46,524),(4710,46,527),(4750,46,532),(4727,46,533),(4723,46,534),(4722,46,536),(4730,46,537),(4748,46,538),(4743,46,540),(4717,46,541),(4747,46,543),(4753,46,545),(4763,46,805),(4761,46,806),(4759,46,807),(4758,46,808),(4757,46,813),(4762,46,818),(4760,46,819),(4810,47,38),(4804,47,40),(4788,47,41),(4807,47,43),(4801,47,50),(4782,47,53),(4780,47,54),(4793,47,55),(4769,47,56),(4798,47,59),(4812,47,60),(4785,47,61),(4816,47,63),(4818,47,64),(4813,47,65),(4783,47,67),(4778,47,68),(4767,47,69),(4776,47,70),(4795,47,71),(4768,47,73),(4803,47,78),(4814,47,81),(4786,47,82),(4792,47,83),(4797,47,84),(4791,47,86),(4817,47,89),(4790,47,93),(4806,47,94),(4789,47,96),(4770,47,99),(4809,47,100),(4771,47,101),(4774,47,102),(4799,47,104),(4808,47,106),(4820,47,108),(4802,47,110),(4819,47,112),(4811,47,113),(4805,47,116),(4815,47,117),(4772,47,118),(4764,47,119),(4773,47,123),(4777,47,124),(4794,47,125),(4766,47,126),(4796,47,132),(4779,47,133),(4784,47,134),(4800,47,136),(4787,47,137),(4781,47,142),(4765,47,146),(4775,47,148),(4863,47,449),(4823,47,450),(4831,47,451),(4850,47,452),(4865,47,453),(4848,47,455),(4864,47,457),(4870,47,458),(4829,47,459),(4827,47,462),(4869,47,464),(4841,47,469),(4858,47,474),(4828,47,475),(4868,47,476),(4853,47,477),(4860,47,478),(4824,47,479),(4837,47,480),(4871,47,483),(4843,47,484),(4862,47,486),(4847,47,487),(4825,47,488),(4861,47,490),(4835,47,491),(4857,47,492),(4846,47,493),(4854,47,500),(4830,47,505),(4852,47,506),(4840,47,507),(4867,47,509),(4866,47,512),(4855,47,513),(4842,47,514),(4838,47,515),(4822,47,518),(4821,47,520),(4836,47,522),(4844,47,525),(4845,47,526),(4849,47,528),(4826,47,529),(4839,47,530),(4832,47,531),(4833,47,535),(4859,47,539),(4851,47,542),(4856,47,544),(4834,47,546),(4878,47,809),(4882,47,810),(4872,47,811),(4879,47,812),(4874,47,814),(4875,47,815),(4873,47,816),(4876,47,817),(4880,47,820),(4877,47,821),(4881,47,822);
/*!40000 ALTER TABLE `feedback_subject_students` ENABLE KEYS */;
UNLOCK TABLES;
/*!40103 SET TIME_ZONE=@OLD_TIME_ZONE */;

/*!40101 SET SQL_MODE=@OLD_SQL_MODE */;
/*!40014 SET FOREIGN_KEY_CHECKS=@OLD_FOREIGN_KEY_CHECKS */;
/*!40014 SET UNIQUE_CHECKS=@OLD_UNIQUE_CHECKS */;
/*!40101 SET CHARACTER_SET_CLIENT=@OLD_CHARACTER_SET_CLIENT */;
/*!40101 SET CHARACTER_SET_RESULTS=@OLD_CHARACTER_SET_RESULTS */;
/*!40101 SET COLLATION_CONNECTION=@OLD_COLLATION_CONNECTION */;
/*!40111 SET SQL_NOTES=@OLD_SQL_NOTES */;

-- Dump completed on 2015-05-07  8:02:07
